"Plot","na_count","258","413.5","619","765.5","874","1096","1190","1251","1421.5","1759.5"
"YC21:1001",0,0.030179,0.055935,0.27334,0.30523,0.52531,0.62753,0.61698,0.68475,0.62403,0.65568
"YC21:1002",1,0.03437,0.067651,0.32048,0.38744,0.59055,0.69409,0.6388,NA,0.70674,0.7179
"YC21:1003",2,0.007358,0.022849,0.19686,0.24411,0.4627,0.65078,0.59345,NA,NA,0.67953
"YC21:1004",2,0.025203,0.049608,0.35657,0.38642,0.59268,NA,NA,0.73779,0.68295,0.70639
"YC21:1006",1,0.028026,0.088016,0.31029,0.37537,0.56038,0.65956,0.60179,NA,0.63773,0.64288
"YC21:1007",0,0.030003,0.064808,0.31422,0.38747,0.51559,0.68166,0.62766,0.73836,0.61056,0.57505
"YC21:1008",1,0.029919,0.07038,0.31496,0.42099,0.50454,0.66356,0.68702,0.67776,NA,0.7314
"YC21:1009",1,0.013985,0.030455,0.16436,0.15878,0.30227,0.42506,0.4239,0.52229,NA,0.59034
"YC21:1010",0,0.07548,0.13584,0.37975,0.47464,0.60236,0.76209,0.70692,0.75819,0.68708,0.80313
"YC21:1011",0,0.02542,0.055473,0.25647,0.39953,0.59102,0.6702,0.68617,0.7132,0.62088,0.6588
"YC21:1012",2,0.055875,0.094045,0.40371,0.49906,0.63044,0.74485,0.68744,NA,0.69472,NA
"YC21:1013",0,0.028863,0.06679,0.26748,0.45064,0.58063,0.62922,0.61272,0.6474,0.58362,0.55774
"YC21:1014",0,0.025404,0.057155,0.26378,0.37637,0.49679,0.62961,0.60962,0.65172,0.63349,0.66598
"YC21:1015",0,0.021919,0.043465,0.23344,0.31432,0.43812,0.6183,0.6357,0.68486,0.63474,0.67972
"YC21:1016",0,0.011695,0.041906,0.19795,0.26739,0.38304,0.52406,0.51523,0.60716,0.60059,0.58803
"YC21:1017",0,0.025241,0.060198,0.25637,0.24377,0.45197,0.60809,0.57708,0.66387,0.57689,0.65923
"YC21:1018",0,0.038284,0.080808,0.33483,0.40465,0.57458,0.67607,0.69288,0.75762,0.6867,0.73065
"YC21:1019",0,0.012438,0.028311,0.20101,0.35902,0.47752,0.60942,0.60199,0.68623,0.65744,0.73265
"YC21:1020",2,0.001673,0.0077685,0.12563,0.18604,0.29184,0.47792,0.52368,NA,NA,0.63305
"YC21:1021",0,0.019345,0.061484,0.31483,0.40751,0.49491,0.62919,0.6817,0.69933,0.68413,0.71387
"YC21:1022",0,0.015202,0.052172,0.23313,0.34138,0.4696,0.57938,0.61368,0.65688,0.66725,0.69223
"YC21:1024",0,0.0052789,0.019995,0.18916,0.28537,0.49948,0.62787,0.64811,0.70065,0.64418,0.72115
"YC21:1025",0,0.034711,0.086665,0.32452,0.419,0.61848,0.75106,0.72864,0.80301,0.77239,0.78875
"YC21:1026",0,0.023237,0.064321,0.27161,0.37412,0.52991,0.64316,0.60173,0.63975,0.642,0.64859
"YC21:1027",0,0.0049303,0.015366,0.20763,0.26473,0.41272,0.56861,0.59081,0.68458,0.65498,0.64797
"YC21:1028",1,0.020238,0.047181,0.28304,0.29266,0.44508,NA,0.61204,0.66795,0.66987,0.69718
"YC21:1029",2,0.049232,0.098658,NA,NA,0.51255,0.6942,0.66812,0.71608,0.65087,0.71238
"YC21:1030",0,0.037877,0.10412,0.35946,0.42398,0.57138,0.66732,0.66644,0.64616,0.67007,0.63678
"YC21:1031",0,0.021538,0.068683,0.27579,0.281,0.37898,0.46996,0.51666,0.57696,0.50121,0.57275
"YC21:1032",0,0.017337,0.07358,0.34836,0.46154,0.71176,0.81492,0.8582,0.88803,0.79328,0.81155
"YC21:1033",1,0.007344,0.04967,0.33799,0.46769,0.63179,0.66573,0.6781,0.72848,0.65112,NA
"YC21:1034",0,0.016665,0.036238,0.30968,0.39851,0.54452,0.6973,0.70846,0.72807,0.63909,0.72294
"YC21:1035",1,0.023471,0.083371,0.31539,0.48223,0.61525,0.68819,0.68203,0.71357,0.66702,NA
"YC21:1036",0,0.04241,0.10282,0.34401,0.45539,0.56526,0.66983,0.69541,0.71252,0.66809,0.6736
"YC21:1037",0,0.029253,0.082259,0.34789,0.42902,0.60019,0.69649,0.68549,0.68762,0.66285,0.69113
"YC21:1038",0,0.010428,0.027711,0.17815,0.2572,0.40463,0.53276,0.52352,0.58706,0.56325,0.5446
"YC21:1039",0,0.011094,0.042458,0.24879,0.32284,0.5162,0.70294,0.72231,0.76673,0.73927,0.7577
"YC21:1040",1,0.012535,0.05086,0.24185,0.29946,0.41579,NA,0.60145,0.66321,0.6969,0.68178
"YC21:1041",0,0.013546,0.036952,0.23703,0.29243,0.40519,0.57106,0.63899,0.6572,0.6412,0.72356
"YC21:1042",0,0.018289,0.041175,0.2222,0.34293,0.4797,0.64895,0.63067,0.72301,0.66794,0.68466
"YC21:1043",0,0.012052,0.031495,0.19523,0.34552,0.46353,0.67688,0.70093,0.75625,0.65744,0.70424
"YC21:1044",2,0.030645,0.074554,0.31449,0.41754,0.60543,NA,NA,0.79041,0.72608,0.72214
"YC21:1045",0,0.034906,0.10405,0.37337,0.44054,0.58926,0.69391,0.66782,0.72736,0.70629,0.76688
"YC21:1046",0,0.015333,0.044846,0.19029,0.35733,0.46949,0.58589,0.5964,0.62939,0.57732,0.62916
"YC21:1047",0,0.022112,0.068268,0.30003,0.41938,0.56325,0.66123,0.62732,0.70815,0.68402,0.68757
"YC21:1048",1,0.010282,0.027645,0.15228,0.25004,0.30723,0.45498,0.52085,NA,0.55262,0.54309
"YC21:1049",0,0.040136,0.096034,0.31819,0.45403,0.55755,0.68876,0.63233,0.67872,0.67864,0.63588
"YC21:1050",0,0.030051,0.073631,0.26543,0.43421,0.61446,0.73851,0.72781,0.78446,0.75592,0.74452
"YC21:1051",0,0.021911,0.08469,0.29125,0.41531,0.51947,0.68394,0.69754,0.71505,0.65462,0.69134
"YC21:1052",0,0.026297,0.055795,0.293,0.36122,0.54005,0.70033,0.73753,0.74552,0.70679,0.73069
"YC21:1054",1,0.014115,0.0549,0.26257,0.33611,0.42368,0.60888,0.59124,NA,0.60333,0.64334
"YC21:1056",0,0.013222,0.034548,0.22692,0.29978,0.40222,0.55039,0.53957,0.61206,0.58161,0.60487
"YC21:1057",0,0.022225,0.054186,0.29442,0.40693,0.52406,0.67149,0.67411,0.70488,0.66355,0.65599
"YC21:1058",0,0.012572,0.039405,0.2912,0.3878,0.55855,0.6702,0.63595,0.65666,0.67538,0.63256
"YC21:1059",0,0.029675,0.079241,0.32715,0.40756,0.5412,0.69489,0.69318,0.71947,0.72739,0.68732
"YC21:1060",0,0.020714,0.065101,0.32044,0.40954,0.57178,0.70217,0.73717,0.73728,0.68516,0.69964
"YC21:1061",0,0.014017,0.050937,0.2505,0.46043,0.64961,0.76848,0.80003,0.79492,0.78686,0.81733
"YC21:1062",0,0.026606,0.068297,0.3075,0.3794,0.53124,0.65832,0.7113,0.70463,0.69277,0.74771
"YC21:1063",0,0.010525,0.027668,0.20459,0.2405,0.37341,0.58761,0.64455,0.64883,0.63695,0.6926
"YC21:1065",0,0.016568,0.046988,0.27397,0.33866,0.41974,0.58956,0.59664,0.60693,0.59441,0.63434
"YC21:1068",2,0.012198,0.029416,0.18872,0.22152,0.3667,NA,NA,0.63031,0.63974,0.65331
"YC21:1069",0,0.010785,0.025225,0.19288,0.23079,0.37492,0.53461,0.51468,0.55268,0.60206,0.67599
"YC21:1070",0,0.0033947,0.0080605,0.098096,0.14669,0.28075,0.44168,0.46757,0.54082,0.58625,0.59611
"YC21:1071",0,0.02613,0.044456,0.24914,0.34303,0.44642,0.67608,0.69252,0.74909,0.75575,0.79806
"YC21:1072",0,0.028165,0.054557,0.34723,0.33677,0.54643,0.68978,0.72898,0.80424,0.72772,0.82155
"YC21:1074",0,0.0016873,0.0077478,0.080718,0.18314,0.29988,0.48874,0.44948,0.6051,0.60399,0.65017
"YC21:1077",0,0.034084,0.08339,0.24332,0.31325,0.46056,0.58848,0.5874,0.66644,0.63579,0.69189
"YC21:1078",0,0.016844,0.047037,0.24341,0.33205,0.52343,0.60303,0.64168,0.68882,0.66719,0.73492
"YC21:1079",0,0.031543,0.079627,0.29346,0.40767,0.57308,0.65792,0.65628,0.71053,0.65445,0.70787
"YC21:1080",0,0.024924,0.07907,0.29307,0.33149,0.54279,0.66637,0.71933,0.76383,0.74066,0.73614
"YC21:1082",0,0.039015,0.073612,0.27999,0.33087,0.52986,0.65415,0.6454,0.68402,0.69021,0.71438
"YC21:1083",0,0.026001,0.058929,0.2513,0.37242,0.54834,0.6341,0.6398,0.67746,0.68599,0.66852
"YC21:1084",0,0.047101,0.10395,0.31635,0.36239,0.55355,0.5737,0.58232,0.63253,0.54063,0.61577
"YC21:1085",0,0.025657,0.075285,0.25639,0.3391,0.49899,0.61936,0.58996,0.63097,0.60687,0.6035
"YC21:1086",0,0.020482,0.033086,0.20106,0.31918,0.50822,0.68471,0.66897,0.72973,0.75196,0.79574
"YC21:1087",0,0.01059,0.033715,0.18007,0.28358,0.4245,0.57216,0.58582,0.64279,0.60013,0.70378
"YC21:1089",0,0.0060585,0.019139,0.12704,0.17209,0.28708,0.53506,0.51188,0.6546,0.71929,0.81739
"YC21:1090",0,0.023065,0.041663,0.20547,0.2456,0.34964,0.48683,0.47334,0.59749,0.54453,0.68474
"YC21:1091",0,0.02594,0.057514,0.23544,0.26704,0.38295,0.57439,0.55705,0.65947,0.64039,0.68859
"YC21:1092",0,0.013595,0.031754,0.17015,0.17548,0.32871,0.50298,0.51211,0.62011,0.57171,0.65203
"YC21:1094",0,0.021489,0.067719,0.2626,0.35442,0.4653,0.65766,0.60819,0.6879,0.68887,0.72943
"YC21:1095",1,0.022512,0.056005,0.29491,0.36829,0.53822,0.65789,0.61531,NA,0.61537,0.74618
"YC21:1096",1,0.038857,0.10788,0.32234,0.3235,0.48913,0.59363,0.57957,0.63866,NA,0.66153
"YC21:1097",1,0.037927,0.1014,0.36041,0.4065,0.58107,0.67158,0.65931,0.7124,NA,0.74573
"YC21:1098",1,0.026363,0.04427,0.26634,0.35703,0.48836,0.63799,0.61384,NA,0.65255,0.70947
"YC21:1099",0,0.021968,0.054234,0.28432,0.38926,0.53188,0.69291,0.725,0.8083,0.74918,0.77399
"YC21:1100",0,0.022918,0.060066,0.25947,0.26916,0.41974,0.59651,0.54648,0.62205,0.60858,0.66015
"YC21:1101",0,0.02529,0.071415,0.33782,0.33961,0.5354,0.64181,0.59808,0.69078,0.59394,0.65292
"YC21:1102",1,0.030292,0.061008,0.32966,0.34474,0.5334,0.63288,0.62826,0.65989,NA,0.69763
"YC21:1103",0,0.0187,0.032128,0.24334,0.36025,0.54868,0.64831,0.67776,0.69074,0.62563,0.73231
"YC21:1104",0,0.043742,0.067831,0.31171,0.39311,0.55453,0.72661,0.72301,0.7194,0.67797,0.76318
"YC21:1105",0,0.0024266,0.005737,0.094065,0.16844,0.31457,0.4753,0.50136,0.54271,0.54187,0.59846
"YC21:1106",0,0.017822,0.051847,0.20795,0.28476,0.41918,0.5888,0.61995,0.62087,0.58613,0.72466
"YC21:1107",2,0.031868,0.053162,0.21832,0.29867,0.45056,NA,NA,0.69069,0.6716,0.71247
"YC21:1108",2,0.0054413,0.012808,0.10746,0.14097,0.26232,NA,NA,0.49058,0.52496,0.58384
"YC21:1109",1,0.026387,0.047071,0.26474,0.24951,0.36708,0.42914,0.48164,0.56724,NA,0.61612
"YC21:1110",1,0.040136,0.049232,0.31528,0.36526,0.53606,0.69769,0.67343,NA,0.67473,0.75504
"YC21:1112",1,0.061853,0.11847,0.39224,0.36972,0.58463,NA,0.61608,0.75591,0.58961,0.6906
"YC21:1113",1,0.027369,0.061251,0.27267,0.32747,0.46017,0.62376,0.58601,NA,0.61208,0.66838
"YC21:1114",1,0.027531,0.049351,0.24646,0.31418,0.41217,0.61857,0.61064,NA,0.64013,0.65877
"YC21:1115",0,0.028958,0.088795,0.33854,0.39604,0.53572,0.66419,0.66244,0.73125,0.61778,0.72425
"YC21:1116",2,0.011844,0.045139,0.19619,0.27585,0.28255,0.39762,0.37163,NA,NA,0.48328
"YC21:1117",0,0.0094695,0.035149,0.2685,0.35428,0.52913,0.74687,0.71747,0.81646,0.78597,0.83459
"YC21:1118",0,0.010038,0.031127,0.23537,0.33071,0.47279,0.56336,0.56201,0.64568,0.61878,0.68144
"YC21:1119",1,0.036463,0.079508,0.29788,0.41282,0.55373,0.70912,0.67736,NA,0.68955,0.72501
"YC21:1120",2,0.015187,0.035956,0.18074,0.2966,0.43453,NA,NA,0.64766,0.64089,0.64557
"YC21:1121",0,0.011419,0.033522,0.16828,0.26918,0.3729,0.60933,0.58454,0.69309,0.66631,0.761
"YC21:1122",0,0.0050942,0.013709,0.12334,0.19337,0.33514,0.6276,0.65527,0.74733,0.75447,0.81562
"YC21:1123",0,0.027466,0.051002,0.28992,0.29953,0.49625,0.64918,0.6172,0.7386,0.6753,0.70362
"YC21:1124",0,0.013579,0.024796,0.23082,0.30354,0.44412,0.60068,0.57505,0.69491,0.64512,0.68205
"YC21:1125",0,0.0042069,0.0048728,0.13319,0.18878,0.33751,0.56814,0.55261,0.6325,0.65346,0.70021
"YC21:1128",2,0.0085112,0.036887,0.226,0.25522,0.34591,0.56165,0.56639,NA,NA,0.72166
"YC21:1131",0,0.01673,0.047647,0.22801,0.31194,0.43938,0.6167,0.66648,0.72998,0.67664,0.74226
"YC21:1132",0,0.010282,0.021635,0.15088,0.22808,0.29005,0.47075,0.47495,0.56472,0.59273,0.5438
"YC21:1133",0,0.0060818,0.034934,0.22206,0.26568,0.3464,0.52778,0.54902,0.60447,0.60011,0.67817
"YC21:1134",0,0.001832,0.0042394,0.104,0.1576,0.2264,0.44394,0.48496,0.52281,0.58985,0.66452
"YC21:1135",0,0.011549,0.038365,0.24828,0.26422,0.47063,0.62231,0.64526,0.69367,0.68473,0.74774
"YC21:1136",0,0.030536,0.049576,0.38057,0.41751,0.56063,0.7402,0.72738,0.77752,0.74699,0.74837
"YC21:1137",1,0.0030051,0.00843,0.10082,0.2114,0.30985,0.51369,0.48781,0.57057,0.62441,NA
"YC21:1138",0,0.010899,0.032236,0.19832,0.27593,0.40471,0.61921,0.67568,0.68158,0.7038,0.72164
"YC21:1139",2,0.0096319,0.032831,0.19147,0.25285,0.30508,NA,NA,0.52866,0.585,0.56137
"YC21:1141",0,0.018336,0.064873,0.28152,0.33625,0.46619,0.61748,0.66785,0.67204,0.58871,0.65631
"YC21:1143",0,0.010285,0.036313,0.21996,0.28672,0.45707,0.60121,0.66297,0.70564,0.61284,0.61687
"YC21:1144",0,0.018094,0.066189,0.26866,0.36811,0.55542,0.70121,0.70932,0.76971,0.73001,0.72395
"YC21:1145",0,0.014521,0.052206,0.26713,0.31079,0.43216,0.65083,0.67077,0.69356,0.65142,0.69792
"YC21:1146",0,0.014286,0.042897,0.17663,0.30872,0.42574,0.60984,0.64398,0.66455,0.62176,0.63241
"YC21:1147",0,0.0055225,0.032509,0.16919,0.18933,0.36379,0.51903,0.58738,0.64637,0.58603,0.64599
"YC21:1149",2,0.016633,0.049335,0.25535,0.35582,0.41838,NA,NA,0.64647,0.69525,0.66152
"YC21:1150",0,0.029295,0.082058,0.27983,0.34424,0.49772,0.6618,0.72006,0.7352,0.65005,0.7351
"YC21:1151",0,0.0030374,0.0092241,0.14115,0.28004,0.31868,0.48669,0.48416,0.52209,0.55832,0.57693
"YC21:1152",0,0.04189,0.098333,0.39077,0.5162,0.56091,0.70945,0.68934,0.73107,0.71574,0.67128
"YC21:1153",0,0.028412,0.057272,0.30952,0.40421,0.64679,0.76867,0.77575,0.81608,0.7304,0.74044
"YC21:1154",1,0.01595,0.036173,0.21629,0.24122,0.43333,0.56493,0.57993,NA,0.58061,0.57951
"YC21:1155",1,0.0063347,0.016633,0.15574,0.24844,0.33371,0.50908,0.47568,NA,0.5004,0.50962
"YC21:1156",0,0.011217,0.030033,0.21425,0.25578,0.40929,0.60928,0.56112,0.61461,0.61944,0.61777
"YC21:1157",0,0.014688,0.040477,0.22905,0.29776,0.42729,0.58645,0.62819,0.62589,0.59412,0.68512
"YC21:1158",0,0.011078,0.041776,0.2388,0.31373,0.4244,0.60047,0.58704,0.65199,0.61663,0.66124
"YC21:1159",1,0.0085684,0.016964,0.17803,0.24656,0.37776,0.57345,0.61522,0.65271,NA,0.69868
"YC21:1160",1,0.020336,0.052123,0.23939,0.26135,0.38147,0.53091,0.58543,0.64544,NA,0.67233
"YC21:1163",0,0.011442,0.030309,0.21796,0.27018,0.42381,0.69401,0.6814,0.74381,0.68454,0.71175
"YC21:1165",0,0.018959,0.051039,0.27324,0.37121,0.52851,0.71107,0.67474,0.74728,0.69941,0.71025
"YC21:1167",0,0.018593,0.038956,0.17699,0.23651,0.33106,0.53197,0.55991,0.60509,0.56669,0.61053
"YC21:1169",0,0.021116,0.044245,0.18479,0.23967,0.34221,0.51983,0.52686,0.56898,0.59229,0.63876
"YC21:1170",0,0.0034272,0.018322,0.13141,0.2442,0.32359,0.52805,0.52251,0.58714,0.5681,0.64537
"YC21:1171",1,0.0053272,0.019719,0.15182,0.20399,0.34344,0.52616,0.59375,0.61159,NA,0.68609
"YC21:1174",0,0.019784,0.052276,0.28717,0.3904,0.53515,0.62577,0.62568,0.64866,0.66895,0.63274
"YC21:1175",0,0.031513,0.072621,0.34672,0.39534,0.589,0.7007,0.67075,0.70162,0.72569,0.7477
"YC21:1176",0,0.024169,0.0428,0.2342,0.28031,0.51043,0.68823,0.70821,0.7751,0.78753,0.80384
"YC21:1177",0,0.023568,0.044369,0.22148,0.31904,0.52374,0.6878,0.67763,0.72412,0.70574,0.72427
"YC21:1178",0,0.016356,0.024957,0.2119,0.27371,0.39629,0.53243,0.60251,0.6525,0.68426,0.78229
"YC21:1179",0,0.037026,0.071804,0.27687,0.35358,0.4911,0.61475,0.6112,0.6328,0.63804,0.74098
"YC21:1180",0,0.023048,0.058012,0.32832,0.34079,0.55025,0.65906,0.66798,0.6741,0.68077,0.7479
"YC21:1181",0,0.03281,0.058474,0.22073,0.3083,0.43765,0.57974,0.59386,0.62537,0.65095,0.69983
"YC21:1182",0,0.021002,0.040656,0.23488,0.30409,0.491,0.58356,0.63128,0.62482,0.61909,0.70201
"YC21:1183",0,0.034374,0.074197,0.27668,0.33145,0.52204,0.61165,0.62907,0.69716,0.64765,0.69985
"YC21:1184",0,0.039966,0.088831,0.29667,0.3703,0.55481,0.65977,0.65852,0.708,0.65466,0.6677
"YC21:1185",0,0.029757,0.059153,0.27262,0.38588,0.59803,0.74802,0.72923,0.7485,0.77284,0.78099
"YC21:1186",0,0.024053,0.06653,0.25781,0.34753,0.54763,0.71603,0.75409,0.75215,0.71345,0.76603
"YC21:1187",0,0.025355,0.0561,0.26644,0.33349,0.49186,0.60481,0.62835,0.62142,0.60989,0.62095
"YC21:1188",0,0.040078,0.086151,0.29381,0.34433,0.568,0.71282,0.67682,0.72266,0.67931,0.73716
"YC21:1189",0,0.039908,0.096173,0.37754,0.41518,0.56046,0.6793,0.68398,0.76279,0.71563,0.71546
"YC21:1191",0,0.016389,0.044514,0.22723,0.32712,0.45938,0.66524,0.63326,0.69745,0.6419,0.71671
"YC21:1192",0,0.02568,0.068203,0.28471,0.3191,0.49825,0.61657,0.66199,0.68461,0.63042,0.7236
"YC21:1193",0,0.02516,0.040022,0.23052,0.32105,0.49804,0.58278,0.5876,0.6475,0.59196,0.61365
"YC21:1194",2,0.021036,0.054494,0.24698,0.31923,0.39571,NA,NA,0.60498,0.59931,0.62218
"YC21:1195",1,0.046474,0.078111,0.31123,0.38201,0.54734,0.62572,0.58721,NA,0.63257,0.57396
"YC21:1196",1,0.013017,0.029074,0.15766,0.23407,0.31224,0.53529,0.53159,NA,0.57913,0.52805
"YC21:1197",0,0.017672,0.040737,0.24345,0.34387,0.55523,0.70217,0.66055,0.75962,0.69826,0.7104
"YC21:1198",0,0.021806,0.059107,0.23556,0.30512,0.40385,0.63141,0.57425,0.71527,0.6526,0.6976
"YC21:1199",0,0.041695,0.077981,0.31477,0.38269,0.539,0.68301,0.73899,0.77764,0.68564,0.73313
"YC21:1200",0,0.037423,0.069245,0.3286,0.44867,0.63979,0.71403,0.69237,0.79674,0.74258,0.76817
"YC21:1201",0,0.0097944,0.027094,0.167,0.22009,0.37,0.54535,0.55922,0.66643,0.61537,0.71867
"YC21:1202",1,0.026671,0.063964,0.24339,0.31703,0.4691,0.60371,0.57302,NA,0.60274,0.61147
"YC21:1203",0,0.037391,0.073417,0.32891,0.3511,0.53005,0.6739,0.65885,0.73363,0.68043,0.67277
"YC21:1204",0,0.041825,0.089268,0.35412,0.44239,0.5797,0.70517,0.68561,0.72875,0.68701,0.70217
"YC21:1205",0,0.028815,0.055778,0.35444,0.394,0.56739,0.70217,0.67222,0.73876,0.67389,0.68814
"YC21:1206",0,0.043694,0.067277,0.33797,0.38688,0.58036,0.67126,0.64853,0.67507,0.68708,0.7473
"YC21:1207",1,0.041208,0.072186,0.3251,0.37269,0.6005,NA,0.67337,0.73111,0.76489,0.70616
"YC21:1208",0,0.034776,0.046024,0.28487,0.39384,0.54867,0.69574,0.63312,0.70427,0.67227,0.67179
"YC21:1209",0,0.036806,0.06203,0.3241,0.31053,0.47871,0.64114,0.64246,0.73484,0.72397,0.69396
"YC21:1210",0,0.029488,0.041159,0.25254,0.3285,0.44719,0.66126,0.63012,0.71532,0.66013,0.69993
"YC21:1211",0,0.042004,0.082237,0.33317,0.45044,0.6142,0.75301,0.703,0.80296,0.77339,0.81343
"YC21:1212",0,0.05862,0.11117,0.33631,0.46458,0.59377,0.7258,0.69102,0.78076,0.72572,0.70073
"YC21:1213",0,0.018598,0.046909,0.22465,0.2998,0.44312,0.62045,0.62005,0.70109,0.59666,0.66155
"YC21:1214",0,0.030942,0.076204,0.28743,0.36319,0.50575,0.64427,0.61168,0.68003,0.65374,0.74004
"YC21:1215",0,0.0074554,0.020969,0.16357,0.2546,0.43987,0.60952,0.593,0.64525,0.62168,0.69557
"YC21:1216",0,0.025808,0.077608,0.28688,0.39671,0.53708,0.71508,0.66805,0.73236,0.71489,0.70352
"YC21:1217",1,0.012166,0.017354,0.13231,0.21171,0.33091,NA,0.44864,0.51253,0.5053,0.57318
"YC21:1218",2,0.0033135,0.016022,0.12121,0.14664,0.26183,NA,NA,0.50857,0.49262,0.56391
"YC21:1219",0,0.003947,0.013113,0.12518,0.17512,0.33512,0.53301,0.52217,0.60609,0.57481,0.64357
"YC21:1220",0,0.0076874,0.023714,0.16074,0.19698,0.29975,0.49863,0.51395,0.5961,0.56839,0.62242
"YC21:1221",0,0.0198,0.057675,0.31223,0.3418,0.52205,0.75949,0.7745,0.79082,0.75925,0.80166
"YC21:1222",0,0.001832,0.010168,0.14231,0.18592,0.32611,0.56596,0.57945,0.66079,0.61844,0.67246
"YC21:1223",0,0.016697,0.061966,0.27402,0.3543,0.53797,0.71966,0.72951,0.738,0.63578,0.73001
"YC21:1224",2,0.0029887,0.0075689,0.10469,0.17029,0.31612,0.45443,0.46941,NA,NA,0.67598
"YC21:1225",0,0.027044,0.065637,0.25735,0.3203,0.51679,0.65946,0.6837,0.7419,0.67731,0.79332
"YC21:1226",0,0.02131,0.057429,0.30776,0.39527,0.58722,0.76572,0.70701,0.73769,0.67402,0.75534
"YC21:1227",0,0.011892,0.012799,0.16495,0.27464,0.40599,0.62593,0.57377,0.63159,0.64291,0.71422
"YC21:1228",0,0.024364,0.070607,0.32339,0.38993,0.53509,0.70374,0.67133,0.69196,0.64469,0.71409
"YC21:1229",1,0.027418,0.05197,0.27479,0.34382,0.50045,0.65395,0.64409,0.64895,NA,0.65834
"YC21:1230",0,0.023111,0.027078,0.17909,0.29955,0.4184,0.62027,0.66135,0.67957,0.63841,0.71435
"YC21:1231",0,0.024656,0.047069,0.36425,0.36417,0.54164,0.64212,0.62924,0.67573,0.66152,0.75071
"YC21:1232",0,0.027337,0.086704,0.38595,0.48616,0.60649,0.76951,0.72862,0.73661,0.69641,0.72053
"YC21:1233",0,0.010688,0.037748,0.21648,0.30845,0.43075,0.6546,0.63806,0.66371,0.69684,0.71548
"YC21:1234",0,0.014602,0.0254,0.2198,0.28765,0.36091,0.59682,0.61513,0.68046,0.60591,0.64351
"YC21:1235",0,0.015171,0.055242,0.24838,0.36686,0.50421,0.66401,0.7102,0.75075,0.64994,0.72797
"YC21:1236",0,0.026026,0.075561,0.26417,0.37371,0.4933,0.66275,0.69758,0.74138,0.64102,0.63301
"YC21:1237",0,0.046426,0.10145,0.33326,0.43085,0.62437,0.6437,0.73681,0.76503,0.69404,0.76648
"YC21:1238",0,0.047856,0.10273,0.37927,0.49332,0.59951,0.76333,0.72342,0.76559,0.75293,0.74629
"YC21:1239",0,0.040962,0.10043,0.32755,0.41403,0.50001,0.65631,0.64323,0.68546,0.6514,0.66736
"YC21:1240",0,0.050026,0.10983,0.38837,0.48645,0.63798,0.73894,0.70481,0.72341,0.65722,0.675
"YC21:1241",1,0.014334,0.052903,0.25456,0.32165,0.46975,0.53512,0.57432,0.60133,NA,0.60879
"YC21:1242",0,0.018485,0.045918,0.20443,0.30299,0.39873,0.49321,0.48912,0.55144,0.55959,0.60553
"YC21:1243",0,0.011289,0.040428,0.23418,0.3272,0.43247,0.58586,0.59269,0.64347,0.59773,0.65412
"YC21:1244",0,0.031982,0.078095,0.28098,0.41744,0.5293,0.68562,0.72739,0.70778,0.67306,0.68055
"YC21:1245",0,0.052756,0.11977,0.33238,0.41313,0.52266,0.6479,0.67608,0.68132,0.57878,0.62106
"YC21:1246",0,0.018062,0.048062,0.24621,0.3603,0.5548,0.74134,0.77343,0.76418,0.7528,0.72667
"YC21:1247",0,0.028522,0.076107,0.25701,0.4217,0.54698,0.72749,0.72753,0.76764,0.69203,0.72058
"YC21:1248",0,0.014115,0.024765,0.19942,0.32627,0.46873,0.62377,0.62013,0.62846,0.65872,0.65403
"YC21:1249",0,0.037391,0.0929,0.34113,0.34893,0.57477,0.7026,0.72583,0.7399,0.69154,0.69677
"YC21:1250",0,0.02313,0.054574,0.31083,0.36022,0.51197,0.66833,0.64373,0.66685,0.67424,0.65186
"YC21:1251",0,0.019329,0.041268,0.32171,0.35685,0.57404,0.67493,0.71155,0.72639,0.67227,0.71973
"YC21:1253",0,0.017412,0.052285,0.29585,0.42959,0.48706,0.61005,0.56161,0.64701,0.60241,0.65492
"YC21:1254",0,0.037073,0.095946,0.36538,0.42276,0.57812,0.6687,0.662,0.70028,0.60793,0.67649
"YC21:1255",0,0.013904,0.035458,0.24124,0.31307,0.4922,0.62919,0.60278,0.66363,0.60554,0.67921
"YC21:1256",0,0.018914,0.037504,0.1877,0.3137,0.50117,0.62268,0.6601,0.65676,0.61571,0.67827
"YC21:1257",1,0.024283,0.037602,0.16901,0.29071,0.44778,0.59748,0.61673,NA,0.63419,0.69796
"YC21:1259",2,0.017786,0.046617,0.17794,0.29704,0.46288,0.6604,0.66623,NA,NA,0.74931
"YC21:1260",2,0.0023714,0.0057209,0.082275,0.15476,0.25307,0.42687,0.41307,NA,NA,0.62791
"YC21:1261",2,0.010428,0.024989,0.14173,0.23602,0.35901,NA,NA,0.61899,0.59606,0.63476
"YC21:1262",0,0.0098106,0.02542,0.21313,0.27913,0.46808,0.7183,0.67096,0.75415,0.7214,0.76079
"YC21:1263",0,0.018239,0.037472,0.18839,0.34414,0.47907,0.72007,0.69796,0.74794,0.7133,0.80584
"YC21:1264",2,0.019085,0.031267,0.19124,0.33787,0.53612,NA,NA,0.71929,0.66345,0.73336
"YC21:1265",0,0.035317,0.083861,0.31665,0.41059,0.63748,0.7396,0.72867,0.80511,0.67807,0.80265
"YC21:1268",0,0.036398,0.086184,0.31215,0.34006,0.50723,0.66196,0.68062,0.70467,0.67991,0.72649
"YC21:1269",0,0.014407,0.037667,0.1751,0.23455,0.33423,0.5653,0.63005,0.72846,0.66732,0.81511
"YC21:1272",2,0.067927,0.11716,0.3817,0.3817,0.60602,NA,NA,0.72087,0.58675,0.66829
"YC21:1273",2,0.035312,0.056052,0.25066,0.24957,0.44231,0.56221,0.54539,NA,NA,0.68508
"YC21:1275",0,0.029858,0.040103,0.18615,0.2361,0.39346,0.57063,0.55704,0.66762,0.62603,0.62544
"YC21:1276",0,0.011808,0.02801,0.13886,0.21804,0.32653,0.48805,0.46866,0.6026,0.57289,0.66278
"YC21:1277",0,0.039649,0.08268,0.25417,0.38546,0.46455,0.64092,0.5835,0.68488,0.71059,0.68423
"YC21:1278",0,0.051896,0.090747,0.29035,0.4467,0.68264,0.76645,0.72381,0.82997,0.77345,0.81139
"YC21:1280",0,0.0088063,0.020565,0.18179,0.37688,0.56561,0.76041,0.75722,0.82453,0.78533,0.73796
"YC21:1281",0,0.053227,0.082827,0.30072,0.33825,0.49386,0.537,0.53372,0.62661,0.58846,0.57536
"YC21:1282",0,0.011451,0.018371,0.13982,0.19819,0.3798,0.62523,0.67825,0.73884,0.74226,0.74728
"YC21:1283",0,0.044002,0.071094,0.24374,0.28602,0.47779,0.6383,0.58055,0.64669,0.59203,0.73511
"YC21:1284",1,0.03575,0.046844,0.30118,0.32599,0.48233,0.64277,0.60526,NA,0.62988,0.69763
"YC21:1285",2,0.014415,0.045703,0.1982,0.33508,0.49091,NA,NA,0.67494,0.64259,0.6674
"YC21:1286",0,0.025712,0.081989,0.29629,0.31971,0.50292,0.63443,0.64756,0.71198,0.6784,0.7818
"YC21:1287",0,0.031284,0.05477,0.2129,0.35164,0.43571,0.52554,0.495,0.56225,0.55598,0.5409
"YC21:1288",2,0.051874,0.10235,NA,NA,0.49916,0.59321,0.60276,0.60025,0.52667,0.59713
"YC21:1289",2,0.011337,0.011313,0.098508,0.14748,0.22636,0.3978,0.41817,NA,NA,0.65014
"YC21:1290",2,0.0077153,0.019431,0.098352,0.16271,0.30063,0.48197,0.5983,NA,NA,0.76082
"YC21:1291",0,0.014586,0.039661,0.18245,0.27496,0.44082,0.57302,0.60348,0.67375,0.632,0.68367
"YC21:1292",2,0.016267,0.015755,0.11547,0.1901,0.26317,NA,NA,0.5469,0.54145,0.59919
"YC21:1293",2,0.035117,0.072998,0.2513,0.26898,0.42613,0.52816,0.50204,NA,NA,0.68939
"YC21:1296",0,0.033522,0.063087,0.2505,0.32636,0.50298,0.6767,0.73177,0.80119,0.7177,0.7574
"YC21:1297",0,0.03934,0.090894,0.32903,0.40198,0.65642,0.79314,0.75574,0.82938,0.79609,0.81264
"YC21:1300",0,0.055501,0.098541,0.31934,0.36547,0.53451,0.57562,0.56558,0.63749,0.5964,0.57577
"YC21:1301",0,0.020661,0.056508,0.24326,0.3079,0.46566,0.57656,0.56572,0.62988,0.5578,0.55096
"YC21:1302",0,0.032144,0.065361,0.28291,0.37465,0.52891,0.69079,0.66703,0.73664,0.69203,0.69104
"YC21:1307",0,0.018241,0.038729,0.20604,0.27701,0.42578,0.60838,0.57079,0.69014,0.69569,0.71021
"YC21:1308",2,0.033265,0.10694,0.32651,0.34815,0.39684,NA,NA,0.60785,0.624,0.62531
"YC21:1309",0,0.0084949,0.02451,0.13042,0.18554,0.2978,0.46675,0.47805,0.56112,0.54589,0.6555
"YC21:1310",0,0.01059,0.025182,0.13145,0.20634,0.3193,0.51739,0.51623,0.61405,0.56856,0.68202
"YC21:1312",0,0.054852,0.093948,0.33108,0.41241,0.57949,0.68725,0.65594,0.72138,0.68792,0.70333
"YC21:1314",0,0.004548,0.011602,0.11413,0.21315,0.36797,0.61171,0.62788,0.66993,0.64505,0.73854
"YC21:1316",0,0.014045,0.029172,0.1793,0.25457,0.36701,0.61385,0.59247,0.66278,0.66823,0.72317
"YC21:1318",0,0.0060332,0.015025,0.14615,0.21857,0.35563,0.61077,0.66687,0.68883,0.64956,0.78905
"YC21:1319",0,0.010445,0.027044,0.14841,0.19835,0.31546,0.58339,0.6597,0.70761,0.67499,0.74455
"YC21:1320",0,0.0022819,0.019572,0.15224,0.25745,0.38142,0.62892,0.64777,0.72666,0.73804,0.77372
"YC21:1322",0,0.0012164,0.0075204,0.091309,0.12091,0.23122,0.37567,0.40049,0.49132,0.45807,0.61301
"YC21:1323",0,0.0025501,0.011522,0.13231,0.17603,0.29222,0.49816,0.49505,0.53627,0.56713,0.5997
"YC21:1325",0,0.020521,0.040233,0.26362,0.26887,0.42318,0.6343,0.62077,0.68016,0.67677,0.76638
"YC21:1327",0,0.003882,0.014294,0.13302,0.19103,0.31925,0.53383,0.57644,0.64224,0.65195,0.73785
"YC21:1328",0,0.036864,0.09031,0.33331,0.36588,0.55084,0.72594,0.74246,0.77653,0.75491,0.78302
"YC21:1329",0,0.015025,0.052074,0.27487,0.32823,0.49114,0.69221,0.71682,0.78354,0.69377,0.65152
"YC21:1330",0,0.030683,0.062762,0.30104,0.4323,0.58539,0.74107,0.76449,0.81569,0.7633,0.83521
"YC21:1331",0,0.013741,0.044064,0.2286,0.29512,0.41362,0.65504,0.65472,0.65835,0.67527,0.7138
"YC21:1332",0,0.022415,0.047884,0.21615,0.27687,0.4261,0.56527,0.59805,0.62356,0.63249,0.72306
"YC21:1333",0,0.032349,0.095653,0.38085,0.42619,0.56389,0.72345,0.78066,0.76393,0.75129,0.81632
"YC21:1334",0,0.024104,0.074198,0.32337,0.4063,0.46727,0.61276,0.62548,0.59084,0.59534,0.69388
"YC21:1335",0,0.01379,0.048184,0.2405,0.29805,0.42376,0.52365,0.55527,0.55025,0.52905,0.57839
"YC21:1337",1,0.036511,0.096937,0.33441,0.37998,0.57968,0.71104,0.69811,0.69199,NA,0.72944
"YC21:1338",0,0.014359,0.041809,0.20244,0.22699,0.41214,0.59301,0.62096,0.59887,0.59824,0.69269
"YC21:1339",0,0.0020141,0.014624,0.10525,0.21136,0.2967,0.51326,0.5535,0.57763,0.574,0.66173
"YC21:1340",0,0.0077778,0.038187,0.1482,0.26465,0.4084,0.59171,0.64364,0.63065,0.61264,0.72987
"YC21:1341",0,0.016389,0.038182,0.15596,0.25765,0.34846,0.55442,0.62568,0.62495,0.61957,0.67069
"YC21:1342",1,0.020872,0.056379,0.218,0.31728,0.43111,0.70282,0.74356,0.77628,NA,0.80225
"YC21:1343",0,0.0098431,0.037943,0.21027,0.28591,0.42179,0.60868,0.65212,0.68578,0.67705,0.72921
"YC21:1344",0,0.012572,0.038841,0.21625,0.28172,0.45149,0.69318,0.68254,0.73914,0.70559,0.67492
"YC21:1345",0,0.016275,0.069275,0.28509,0.34858,0.62118,0.77494,0.77782,0.80606,0.73407,0.77386
"YC21:1347",0,0.0033298,0.015941,0.10682,0.16042,0.28089,0.43767,0.46994,0.53574,0.58,0.71068
"YC21:1350",0,0.005019,0.029123,0.17431,0.22684,0.35785,0.56974,0.60086,0.63496,0.59337,0.68518
"YC21:1351",0,0.021389,0.057575,0.23244,0.22863,0.34163,0.52037,0.54439,0.56512,0.51533,0.67243
"YC21:1353",0,0.012474,0.046324,0.22761,0.30063,0.48909,0.63777,0.70296,0.73224,0.66468,0.71095
"YC21:1354",0,0.0065565,0.029026,0.15017,0.2238,0.30413,0.52259,0.56474,0.63058,0.61224,0.68452
"YC21:1355",0,0.0075207,0.023536,0.1586,0.20026,0.35274,0.55053,0.60222,0.64161,0.66528,0.75746
"YC21:1356",0,0.0043206,0.012647,0.1088,0.12018,0.25503,0.43731,0.49403,0.58912,0.53997,0.65249
"YC21:1358",0,0.029383,0.055313,0.27412,0.26097,0.44162,0.61512,0.58445,0.65552,0.65601,0.70103
"YC21:1361",0,0.029773,0.051167,0.30583,0.38221,0.50642,0.65055,0.59627,0.72411,0.69351,0.72079
"YC21:1362",0,0.026752,0.060696,0.26396,0.27266,0.49008,0.71283,0.72727,0.83141,0.79691,0.84673
"YC21:1363",0,0.013855,0.026703,0.12134,0.22479,0.31931,0.54939,0.55977,0.6119,0.59488,0.69802
"YC21:1366",0,0.021392,0.051489,0.25668,0.39347,0.63522,0.74963,0.73882,0.76976,0.74197,0.7681
"YC21:1367",1,0.028058,0.055972,0.22283,0.28692,0.39998,0.57538,0.59102,0.67863,NA,0.70083
"YC21:1369",1,0.002745,0.0070006,0.14012,0.25087,0.37593,NA,0.4521,0.5986,0.61441,0.66502
"YC21:1370",0,0.046458,0.077981,0.31073,0.30613,0.52439,0.62291,0.66051,0.68142,0.66048,0.68973
"YC21:1371",0,0.037862,0.047792,0.19199,0.24615,0.37099,0.57781,0.53815,0.66153,0.62412,0.67874
"YC21:1373",2,0.019284,0.037537,0.16826,0.25103,0.35423,NA,NA,0.58988,0.62347,0.65157
"YC21:1374",0,0.036725,0.043903,0.31461,0.31622,0.53244,0.64987,0.63621,0.71671,0.69656,0.78558
"YC21:1375",0,0.019719,0.058896,0.22796,0.33068,0.48889,0.71594,0.71239,0.76695,0.76439,0.82697
"YC21:1376",1,0.015528,0.045886,0.2144,0.25999,0.40507,0.52917,0.57132,0.70643,NA,0.83115
"YC21:1377",0,0.0078452,0.024169,0.17465,0.22361,0.36135,0.64858,0.71482,0.74834,0.74646,0.82747
"YC21:1378",0,0.014532,0.028961,0.17946,0.235,0.31773,0.52467,0.56705,0.64124,0.64811,0.71318
"YC21:1379",0,0.01517,0.027239,0.15516,0.1968,0.30851,0.47007,0.46424,0.58071,0.5704,0.61655
"YC21:1380",0,0.031024,0.05459,0.20745,0.25341,0.32941,0.54931,0.5357,0.66032,0.60543,0.60323
"YC21:1381",0,0.030017,0.050315,0.312,0.35713,0.47869,0.56643,0.53301,0.63724,0.58813,0.56854
"YC21:1382",0,0.025808,0.048628,0.23993,0.26056,0.35354,0.51321,0.53937,0.6439,0.67214,0.6449
"YC21:1383",0,0.037186,0.051295,0.2362,0.29408,0.42789,0.6118,0.56755,0.65426,0.66199,0.64005
"YC21:1384",0,0.030231,0.043003,0.2199,0.23735,0.37971,0.49063,0.51462,0.55982,0.49809,0.54329
"YC21:1385",0,0.0057499,0.016762,0.1518,0.19092,0.3121,0.4574,0.51175,0.64094,0.60253,0.71385
"YC21:1387",1,0.027466,0.067976,0.26353,0.26588,0.47775,0.57477,0.61728,0.66427,NA,0.70333
"YC21:1389",0,0.031738,0.060021,0.20518,0.29293,0.40929,0.61127,0.58105,0.69288,0.66246,0.72347
"YC21:1390",2,0.015252,0.05097,0.18554,0.22855,0.42082,NA,NA,0.69643,0.66277,0.73291
"YC21:1393",2,0.016056,0.042939,0.21853,0.23683,0.34001,0.56826,0.5831,NA,NA,0.69801
"YC21:1394",0,0.017131,0.037732,0.1976,0.25996,0.36157,0.49939,0.53081,0.5767,0.59125,0.5939
"YC21:1395",2,0.0062697,0.022935,0.14668,0.25846,0.39155,NA,NA,0.5678,0.61881,0.63315
"YC21:1397",2,0.02261,0.039762,0.23943,0.27881,0.5011,0.57437,0.59484,NA,NA,0.7328
"YC21:1398",0,0.0076991,0.026805,0.12131,0.17349,0.27555,0.41057,0.4004,0.49429,0.53648,0.621
"YC21:1399",0,0.014537,0.025198,0.1636,0.19192,0.33728,0.52351,0.57515,0.62149,0.66095,0.7427
"YC21:1400",0,0.034197,0.052399,0.23174,0.34181,0.46067,0.61279,0.58491,0.62004,0.62308,0.67776
"YC21:1401",0,0.017883,0.040978,0.14445,0.21465,0.29809,0.45383,0.45717,0.50086,0.53681,0.53162
"YC21:1402",0,0.02313,0.061725,0.23649,0.34774,0.40036,0.57502,0.55359,0.69006,0.6482,0.69041
"YC21:1403",0,0.016584,0.052123,0.18634,0.31998,0.43843,0.65206,0.66586,0.71679,0.70224,0.7323
"YC21:1404",0,0.021976,0.060585,0.24138,0.29276,0.35566,0.56527,0.54445,0.62719,0.62303,0.65327
"YC21:1405",2,0.023536,0.038584,0.16533,0.19192,0.34736,0.45354,0.46723,NA,NA,0.60119
"YC21:1408",0,0.01231,0.0345,0.16801,0.21138,0.32635,0.52411,0.62342,0.69792,0.64486,0.66055
"YC21:1409",0,0.014415,0.023877,0.17765,0.25549,0.43319,0.62355,0.63021,0.72565,0.68049,0.63504
"YC21:1410",0,0.017743,0.039535,0.25618,0.30382,0.46673,0.61822,0.61199,0.68353,0.62932,0.66995
"YC21:1411",1,0.016857,0.052025,0.22438,0.30339,0.45484,0.66289,0.64604,0.71838,NA,0.77685
"YC21:1412",0,0.010381,0.030293,0.21102,0.26423,0.4503,0.69807,0.72229,0.74273,0.77136,0.77972
"YC21:1413",0,0.019524,0.029279,0.29021,0.28465,0.50032,0.67524,0.63264,0.72464,0.68194,0.7353
"YC21:1414",0,0.0052139,0.017445,0.11182,0.19311,0.29067,0.39328,0.37893,0.44581,0.49308,0.50134
"YC21:1416",2,0.0077315,0.022756,0.121,0.17553,0.24012,0.42731,0.42155,NA,NA,0.59323
"YC21:1417",0,0.0082838,0.025117,0.11201,0.16376,0.30891,0.47103,0.56178,0.60329,0.55455,0.61119
"YC21:1418",0,0.012888,0.044375,0.23845,0.2577,0.40949,0.59526,0.66121,0.67578,0.64394,0.69763
"YC21:1419",0,0.010265,0.044779,0.18269,0.27001,0.40585,0.59034,0.6053,0.65218,0.58969,0.62989
"YC21:1420",0,0.0025826,0.014911,0.088482,0.18136,0.23982,0.4399,0.48193,0.51791,0.52193,0.61173
"YC21:1421",0,0.017039,0.067667,0.28811,0.29693,0.51492,0.66653,0.6643,0.70824,0.65845,0.67317
"YC21:1422",0,0.023682,0.065356,0.24738,0.32657,0.46242,0.62726,0.59326,0.59526,0.63804,0.68627
"YC21:1423",0,0.0034922,0.013043,0.11892,0.20469,0.28668,0.50963,0.50417,0.58645,0.63932,0.64318
"YC21:1425",0,0.02235,0.062641,0.24978,0.27699,0.38023,0.62732,0.59404,0.60279,0.5668,0.61472
"YC21:1426",0,0.012679,0.030228,0.13937,0.21662,0.32794,0.544,0.59634,0.66868,0.60951,0.66601
"YC21:1427",0,0.0097456,0.033474,0.15686,0.24191,0.34074,0.55347,0.54656,0.62577,0.63809,0.68842
"YC21:1428",0,0.0061885,0.024786,0.12572,0.19069,0.24997,0.46019,0.45233,0.54662,0.58968,0.62265
"YC21:1431",1,0.018598,0.058856,0.23197,0.22296,0.33881,0.43122,0.46905,0.549,NA,0.60464
"YC21:1432",1,0.029838,0.060878,0.28247,0.35455,0.47931,0.64307,0.68873,0.67467,NA,0.69348
"YC21:1433",0,0.015106,0.035413,0.20037,0.33195,0.50659,0.67777,0.75959,0.77378,0.68139,0.77352
"YC21:1434",1,0.05568,0.092307,0.27586,0.37998,0.50644,0.57781,0.6186,0.64068,0.64136,NA
"YC21:1435",1,0.017789,0.052725,0.24592,0.30175,0.48638,0.63092,0.64904,0.66048,NA,0.66584
"YC21:1436",1,0.018208,0.05084,0.21956,0.23095,0.34437,0.50047,0.5551,0.56796,NA,0.60199
"YC21:1437",0,0.019264,0.053545,0.22331,0.26189,0.36101,0.55085,0.56303,0.58886,0.60257,0.6813
"YC21:1438",0,0.014862,0.035036,0.19411,0.28328,0.35971,0.5902,0.58547,0.65782,0.62991,0.68325
"YC21:1439",0,0.010428,0.026541,0.13814,0.18663,0.31377,0.47021,0.54141,0.62454,0.57099,0.6097
"YC21:1440",0,0.030618,0.050905,0.26486,0.26061,0.42338,0.64845,0.64262,0.6916,0.6867,0.73323
"YC21:1441",0,0.039146,0.11644,0.39804,0.37537,0.61433,0.79499,0.78447,0.75213,0.78253,0.80577
"YC21:1442",0,0.014001,0.027678,0.16546,0.20402,0.33061,0.57623,0.61114,0.63359,0.59608,0.72104
"YC21:1443",0,0.0077803,0.024819,0.12518,0.13311,0.20938,0.48131,0.4606,0.50428,0.54922,0.62836
"YC21:1444",0,0.013965,0.057386,0.21696,0.25425,0.38043,0.6007,0.56037,0.62169,0.62756,0.7085
"YC21:1445",0,0.0062372,0.019313,0.13451,0.19675,0.33719,0.5469,0.58917,0.65841,0.6479,0.73121
"YC21:1446",0,0.0035354,0.0089497,0.11854,0.15023,0.30835,0.50078,0.60597,0.61448,0.65562,0.77544
"YC21:1447",1,0.008726,0.028945,0.12256,0.20747,0.30611,0.56359,0.5866,0.59645,NA,0.66524
"YC21:1448",1,0.027785,0.082827,0.27209,0.30267,0.34035,0.50667,0.5862,0.60834,NA,0.69041
"YC21:1449",0,0.002449,0.014943,0.12203,0.21108,0.29566,0.48728,0.53773,0.58204,0.64095,0.684
"YC21:1450",0,0.015431,0.038214,0.20684,0.28261,0.48931,0.63749,0.70946,0.73127,0.71934,0.74338
"YC21:1452",0,0.019946,0.040802,0.20677,0.22063,0.39123,0.56556,0.54442,0.62167,0.64086,0.70502
"YC21:1453",0,0.0047728,0.023,0.1491,0.19344,0.36385,0.60116,0.61424,0.68181,0.72997,0.77452
"YC21:1454",0,0.0061548,0.029188,0.20647,0.28154,0.46328,0.72459,0.73004,0.76732,0.75754,0.84421
"YC21:1455",1,0.016714,0.033972,0.21275,0.27691,0.45102,0.63183,0.63205,NA,0.63904,0.6885
"YC21:1456",0,0.027399,0.062323,0.22982,0.25325,0.44961,0.55798,0.57432,0.61964,0.58452,0.70833
"YC21:1458",0,0.0016405,0.011217,0.086738,0.19294,0.24997,0.46018,0.42353,0.51727,0.52506,0.63899
"YC21:1459",0,0.040802,0.077592,0.2522,0.28937,0.45926,0.6038,0.64019,0.71033,0.67804,0.80481
"YC21:1460",0,0.0033747,0.01046,0.085828,0.11358,0.18441,0.30126,0.32978,0.40022,0.37826,0.54068
"YC21:1461",0,0.0071143,0.024008,0.12036,0.15053,0.22298,0.42037,0.41389,0.52623,0.57586,0.69907
"YC21:1463",0,0.013751,0.042507,0.14862,0.21383,0.37011,0.57566,0.58038,0.7139,0.68905,0.6962
"YC21:1464",1,0.021424,0.048517,0.16825,0.21846,0.33326,0.54745,0.54002,0.60234,NA,0.72134
"YC21:1465",0,0.025891,0.034406,0.24898,0.27715,0.43935,0.60498,0.56922,0.65136,0.63372,0.76783
"YC21:1466",0,0.0076341,0.026874,0.16652,0.23476,0.31001,0.47726,0.49787,0.48417,0.51663,0.60064
"YC21:1467",0,0.034302,0.07548,0.25826,0.32904,0.45415,0.65975,0.63066,0.68902,0.69265,0.72046
"YC21:1468",0,0.036286,0.068603,0.31178,0.31451,0.52046,0.68719,0.68117,0.72234,0.68832,0.7642
"YC21:1469",0,0.0017516,0.0052789,0.099164,0.2369,0.30866,0.53445,0.50966,0.61794,0.63005,0.66184
"YC21:1470",0,0.023076,0.054412,0.27178,0.36896,0.56109,0.73431,0.75783,0.77057,0.74369,0.79022
"YC21:1472",1,0.018468,0.045853,0.20593,0.31983,0.43108,0.59922,0.63712,NA,0.66221,0.67188
"YC21:1476",0,0.005046,0.012621,0.091809,0.16669,0.36508,0.55973,0.56309,0.69637,0.65825,0.69271
"YC21:1477",0,0.022106,0.047234,0.20138,0.2969,0.53073,0.7113,0.70796,0.79666,0.69752,0.78465
"YC21:1478",1,0.0095507,0.022897,0.13017,0.13992,0.25094,0.36674,0.43473,0.50462,NA,0.5936
"YC21:1481",2,0.027466,0.038398,0.16949,0.21912,0.31907,0.42459,0.3983,NA,NA,0.50234
"YC21:1482",0,0.021489,0.049508,0.22335,0.24551,0.36191,0.49988,0.4711,0.58064,0.53012,0.62474
"YC21:1483",0,0.01014,0.030536,0.13933,0.21949,0.3622,0.59022,0.58381,0.66891,0.62229,0.71027
"YC21:1485",1,0.021944,0.042069,0.22825,0.26527,0.44872,0.56367,0.59071,0.64024,NA,0.66673
"YC21:1486",0,0.040178,0.075095,0.28749,0.2855,0.47122,0.6592,0.60143,0.7048,0.66,0.64297
"YC21:1487",1,0.039226,0.064646,0.30402,0.32334,0.4839,0.57305,0.58202,NA,0.61375,0.62954
"YC21:1490",0,0.032599,0.07933,0.26605,0.32007,0.49248,0.62212,0.61252,0.72509,0.6614,0.69779
"YC21:1492",0,0.014976,0.031385,0.17053,0.23495,0.35724,0.517,0.49324,0.53843,0.53334,0.57232
"YC21:1493",1,0.018866,0.047266,0.16849,0.16624,0.29111,0.44196,0.48826,0.52721,NA,0.59286
"YC21:1494",2,0.024624,0.053569,0.22646,0.22924,0.36422,0.55921,0.52678,NA,NA,0.64983
"YC21:1496",0,0.0028604,0.0066333,0.12686,0.2056,0.37336,0.60659,0.57464,0.66895,0.65864,0.72271
"YC21:1498",0,0.03921,0.063105,0.2955,0.29948,0.37903,0.57765,0.52873,0.63282,0.60171,0.76081
"YC21:1499",1,0.0064484,0.013847,0.11019,0.18926,0.28067,0.56924,0.5403,NA,0.5977,0.67495
"YC21:1500",0,0.039098,0.075431,0.26681,0.32101,0.38847,0.66936,0.65104,0.73965,0.72596,0.78875
"YC21:1502",0,0.022805,0.061001,0.22108,0.28606,0.47664,0.63861,0.7193,0.7099,0.64495,0.69615
"YC21:1503",0,0.0071993,0.027645,0.18477,0.26275,0.39884,0.61799,0.61294,0.69852,0.64821,0.76698
"YC21:1504",1,0.0030374,0.015556,0.090082,0.14882,0.25218,NA,0.39261,0.52654,0.52725,0.61076
"YC21:1505",0,0.012117,0.026865,0.15897,0.16517,0.28327,0.3855,0.43251,0.49006,0.4683,0.60693
"YC21:1506",0,0.0012507,0.0042231,0.12662,0.21028,0.33794,0.54512,0.54617,0.61253,0.61797,0.68534
"YC21:1507",0,0.0021765,0.0084949,0.1234,0.21619,0.37673,0.56662,0.57888,0.65026,0.59676,0.6356
"YC21:1508",0,0.0047754,0.016761,0.16207,0.26261,0.43982,0.64796,0.62531,0.71176,0.71249,0.70097
"YC21:1511",1,0.0040607,0.011159,0.09944,0.17612,0.2625,0.4876,0.50216,NA,0.52122,0.64029
"YC21:1513",0,0.013514,0.035,0.22592,0.22242,0.37353,0.48998,0.59744,0.59506,0.58832,0.69465
"YC21:1514",0,0.0056687,0.023382,0.15036,0.24119,0.3284,0.55658,0.5847,0.61389,0.63173,0.70384
"YC21:1515",0,0.0017034,0.0086086,0.16591,0.20543,0.37569,0.58258,0.5769,0.63723,0.60433,0.71287
"YC21:1516",0,0.015268,0.040688,0.17872,0.22824,0.3974,0.63213,0.66699,0.68428,0.65049,0.73348
"YC21:1518",0,0.01444,0.038382,0.23411,0.25567,0.39737,0.56522,0.57218,0.59917,0.64889,0.71335
"YC21:2001",0,0.016194,0.047455,0.26604,0.30093,0.424,0.65,0.64897,0.68991,0.67605,0.7163
"YC21:2002",0,0.020872,0.043805,0.19237,0.32121,0.46798,0.74442,0.76002,0.78473,0.79191,0.77255
"YC21:2003",0,0.0029569,0.013121,0.11581,0.19237,0.34295,0.59654,0.65014,0.65765,0.64833,0.62604
"YC21:2004",0,0.053162,0.11849,0.37317,0.42555,0.61659,0.73132,0.71871,0.79433,0.78062,0.72036
"YC21:2005",0,0.020628,0.043725,0.20299,0.28418,0.41589,0.58825,0.63042,0.65732,0.6443,0.67972
"YC21:2006",1,0.011892,0.033281,0.21233,0.28432,0.3954,NA,0.50824,0.5725,0.62365,0.61438
"YC21:2007",2,0.036736,0.081912,0.23345,0.27554,0.41514,0.49365,0.46037,NA,NA,0.6111
"YC21:2008",1,0.03653,0.079466,0.34305,0.36064,0.5033,0.60821,0.61148,NA,0.6265,0.64744
"YC21:2009",1,0.020255,0.053111,0.29157,0.3084,0.44022,0.61355,0.60037,0.62417,NA,0.65441
"YC21:2010",0,0.014732,0.051587,0.24716,0.25435,0.36065,0.5047,0.50267,0.50485,0.48947,0.5347
"YC21:2011",0,0.018111,0.044739,0.21497,0.29008,0.39968,0.58744,0.57252,0.58166,0.58197,0.60056
"YC21:2012",0,0.016291,0.02938,0.17032,0.24406,0.40888,0.57954,0.6432,0.661,0.60978,0.67585
"YC21:2013",0,0.0086617,0.029594,0.18322,0.22076,0.34491,0.56578,0.57753,0.66665,0.65867,0.72103
"YC21:2014",2,0.0069032,0.031917,0.17032,0.22275,0.30716,0.50731,0.4837,NA,NA,0.63949
"YC21:2015",0,0.025471,0.06947,0.2634,0.32155,0.42702,0.59203,0.57772,0.65815,0.63462,0.6403
"YC21:2016",2,0.020923,0.038869,NA,NA,0.38583,0.60968,0.63117,0.68748,0.66932,0.68748
"YC21:2017",0,0.0027125,0.010038,0.13327,0.19394,0.30782,0.53412,0.62158,0.66682,0.73901,0.72871
"YC21:2018",0,0.045545,0.058311,0.24974,0.3168,0.46979,0.60059,0.64696,0.64082,0.62854,0.70976
"YC21:2020",1,0.027962,0.068463,0.27398,0.3854,0.56668,0.67022,0.61216,0.66006,0.67636,NA
"YC21:2021",0,0.010736,0.037569,0.18651,0.29673,0.44545,0.50183,0.53612,0.59933,0.5751,0.67853
"YC21:2022",0,0.021603,0.053159,0.2527,0.33813,0.46677,0.55463,0.59281,0.56479,0.53916,0.58215
"YC21:2023",0,0.030406,0.072577,0.32205,0.36863,0.53945,0.63668,0.63953,0.66008,0.64193,0.67323
"YC21:2024",0,0.0046454,0.008966,0.15598,0.20042,0.32708,0.50658,0.59106,0.63479,0.63873,0.69677
"YC21:2025",0,0.010525,0.023109,0.17871,0.28478,0.34909,0.58622,0.65753,0.69592,0.70842,0.71992
"YC21:2026",0,0.011442,0.022689,0.17414,0.22098,0.37296,0.57485,0.6427,0.72663,0.73089,0.76873
"YC21:2027",1,0.007119,0.023877,0.17248,0.22553,0.34742,0.54959,0.53826,0.67813,0.70713,NA
"YC21:2028",0,0.011808,0.033931,0.20035,0.25523,0.37097,0.57049,0.57697,0.66742,0.65009,0.70349
"YC21:2029",0,0.013985,0.045057,0.22441,0.32114,0.46134,0.62079,0.5759,0.6275,0.61442,0.68856
"YC21:2030",2,0.0069157,0.029935,0.17271,0.23664,0.43653,0.63485,0.59386,NA,NA,0.70795
"YC21:2031",1,0.016616,0.055393,0.21937,0.31395,0.41064,NA,0.49924,0.54561,0.51878,0.58626
"YC21:2032",0,0.020602,0.05698,0.26381,0.30502,0.4666,0.59538,0.60531,0.64941,0.60196,0.68982
"YC21:2033",0,0.019491,0.064792,0.23318,0.32538,0.45779,0.56881,0.58211,0.60357,0.54868,0.635
"YC21:2034",0,0.015804,0.039195,0.1943,0.27817,0.37469,0.50186,0.49051,0.55526,0.55899,0.60281
"YC21:2035",0,0.024619,0.10069,0.31064,0.38464,0.48645,0.63922,0.58637,0.65123,0.62874,0.64711
"YC21:2036",2,0.022171,0.049158,0.24217,0.27132,0.43499,0.59329,0.577,NA,NA,0.70464
"YC21:2037",0,0.033086,0.080935,0.29996,0.31744,0.3919,0.58547,0.64591,0.6729,0.64902,0.7624
"YC21:2038",1,0.023776,0.049751,0.21049,0.27593,0.41467,0.54182,0.52538,NA,0.56154,0.6118
"YC21:2039",2,0.033811,0.056606,0.23708,0.31128,0.41581,NA,0.50696,NA,0.60877,0.55592
"YC21:2041",0,0.053674,0.077786,0.31704,0.38094,0.56119,0.60291,0.54632,0.65392,0.66383,0.6271
"YC21:2042",0,0.015773,0.038641,0.19547,0.3033,0.44193,0.57443,0.57506,0.6713,0.622,0.60777
"YC21:2043",2,0.01006,0.044132,0.21059,0.36089,0.44488,NA,NA,0.6778,0.65719,0.65794
"YC21:2045",0,0.05901,0.10833,0.32043,0.4234,0.55687,0.7131,0.66031,0.76298,0.73331,0.674
"YC21:2046",2,0.026346,0.059286,0.27981,0.37677,0.57268,NA,0.61651,NA,0.63289,0.6
"YC21:2047",2,0.023623,0.071517,0.25278,0.3142,0.40222,NA,NA,0.58114,0.55777,0.56608
"YC21:2048",0,0.011906,0.044883,0.2032,0.27169,0.41712,0.58829,0.58963,0.65758,0.63762,0.70678
"YC21:2049",0,0.028912,0.046276,0.23407,0.37636,0.60855,0.70203,0.66952,0.81732,0.77235,0.7918
"YC21:2050",0,0.038706,0.066611,0.33831,0.3563,0.56223,0.67386,0.66575,0.77808,0.72963,0.70821
"YC21:2051",1,0.021244,0.055209,0.2359,0.29258,0.48441,0.62153,0.58225,NA,0.59101,0.57963
"YC21:2053",2,0.025631,0.06333,0.26604,0.28582,0.44914,NA,NA,0.63334,0.57893,0.58293
"YC21:2054",0,0.018939,0.029488,0.22659,0.26982,0.45341,0.58086,0.55147,0.68908,0.63834,0.66921
"YC21:2056",2,0.022187,0.045574,0.26559,0.31383,0.44035,NA,NA,0.65689,0.63276,0.66
"YC21:2057",0,0.014992,0.044261,0.18264,0.25838,0.43053,0.62097,0.5997,0.73154,0.66823,0.6169
"YC21:2059",0,0.012776,0.040512,0.20815,0.32472,0.54537,0.69995,0.65824,0.78065,0.75176,0.67925
"YC21:2062",1,0.031786,0.070299,0.25645,0.28801,0.45128,0.56075,0.5202,NA,0.5866,0.67773
"YC21:2063",0,0.013352,0.042328,0.23515,0.28318,0.38957,0.5366,0.48859,0.68302,0.65712,0.6275
"YC21:2064",1,0.010769,0.031884,0.16229,0.25975,0.35245,0.44898,0.43437,NA,0.50852,0.53142
"YC21:2065",0,0.024543,0.06285,0.27101,0.31899,0.43108,0.64737,0.66768,0.73329,0.65843,0.71166
"YC21:2066",0,0.0057174,0.014993,0.10614,0.19409,0.3011,0.51712,0.52658,0.57273,0.58974,0.63308
"YC21:2068",0,0.029569,0.10155,0.3128,0.37543,0.53975,0.69292,0.63908,0.70787,0.70115,0.71108
"YC21:2069",2,0.012328,0.022675,0.17375,0.26405,0.45992,NA,NA,0.6673,0.61776,0.63104
"YC21:2070",0,0.024721,0.048282,0.29562,0.34751,0.53342,0.65508,0.60017,0.73467,0.6769,0.72282
"YC21:2071",0,0.02797,0.056232,0.2945,0.34122,0.58922,0.70506,0.67534,0.75807,0.74095,0.74613
"YC21:2073",0,0.002539,0.013368,0.11129,0.16761,0.29224,0.42701,0.41023,0.55681,0.55285,0.6274
"YC21:2074",0,0.0075366,0.030423,0.17992,0.21816,0.35274,0.56967,0.5649,0.67457,0.65993,0.73684
"YC21:2075",0,0.046105,0.063168,0.28229,0.37033,0.55752,0.73302,0.69202,0.8193,0.78326,0.78501
"YC21:2076",0,0.022594,0.048378,0.26871,0.37409,0.53381,0.66088,0.65865,0.72649,0.68936,0.75845
"YC21:2077",0,0.03259,0.052561,0.2145,0.30781,0.44668,0.62193,0.63225,0.67863,0.67459,0.71559
"YC21:2078",0,0.022285,0.050271,0.22887,0.33186,0.41894,0.56161,0.59053,0.65142,0.64481,0.69309
"YC21:2080",0,0.026492,0.062213,0.28576,0.35652,0.52661,0.64852,0.60443,0.66291,0.66151,0.67541
"YC21:2081",2,0.043953,0.09887,0.35204,0.38696,0.57339,0.65458,NA,NA,0.6042,0.65002
"YC21:2082",2,0.037569,0.051506,0.26626,0.3987,0.46949,NA,NA,0.6235,0.63016,0.61525
"YC21:2083",0,0.022318,0.055501,0.2652,0.32698,0.48728,0.67842,0.64196,0.7154,0.66568,0.68468
"YC21:2084",0,0.021993,0.056727,0.26332,0.31615,0.46167,0.62526,0.58004,0.69003,0.64885,0.68833
"YC21:2085",0,0.016327,0.036709,0.24127,0.28747,0.45443,0.63801,0.6381,0.75026,0.69793,0.72544
"YC21:2086",0,0.011386,0.022144,0.12284,0.22277,0.34466,0.48904,0.57658,0.68371,0.65244,0.71918
"YC21:2087",0,0.0020409,0.010785,0.1204,0.18624,0.31515,0.48653,0.61397,0.68272,0.69767,0.78733
"YC21:2088",0,0.0034068,0.017006,0.12919,0.28031,0.48987,0.75321,0.80462,0.81706,0.79651,0.83019
"YC21:2089",0,0.016665,0.053995,0.24147,0.32781,0.48393,0.63212,0.62932,0.68666,0.72175,0.74106
"YC21:2090",0,0.0091122,0.024394,0.18021,0.25878,0.35522,0.573,0.53596,0.61236,0.64519,0.68092
"YC21:2091",0,0.027383,0.059757,0.24466,0.2721,0.41907,0.5029,0.54409,0.55928,0.56305,0.64568
"YC21:2092",1,0.017899,0.047201,0.24406,0.31971,0.47661,0.5529,0.60797,0.63193,NA,0.64514
"YC21:2093",0,0.010363,0.043405,0.25672,0.40268,0.53881,0.68179,0.64977,0.68682,0.69799,0.73957
"YC21:2094",0,0.011337,0.020044,0.13761,0.21197,0.35183,0.50794,0.51945,0.56248,0.62585,0.65314
"YC21:2096",2,0.0042718,0.010397,NA,NA,0.20885,0.34089,0.32505,0.40134,0.37765,0.44789
"YC21:2098",1,0.015885,0.029842,0.15964,0.1972,0.30808,0.45412,0.48668,NA,0.49226,0.54934
"YC21:2099",0,0.017575,0.026403,0.17067,0.24267,0.35053,0.66198,0.68465,0.71449,0.7254,0.73461
"YC21:2100",0,0.017558,0.062031,0.20422,0.28041,0.40393,0.6077,0.69407,0.66579,0.72306,0.71185
"YC21:2101",0,0.019897,0.061596,0.24454,0.35651,0.54583,0.635,0.66175,0.65794,0.62249,0.64519
"YC21:2102",0,0.028457,0.053536,0.18827,0.34326,0.42582,0.62094,0.59959,0.64192,0.64524,0.61667
"YC21:2103",0,0.064922,0.11604,0.34151,0.42273,0.54427,0.66008,0.66972,0.71482,0.65295,0.6314
"YC21:2104",2,0.02901,0.063054,0.25666,0.41781,0.55117,NA,NA,0.73211,0.69593,0.69904
"YC21:2105",1,0.078128,0.13384,0.40657,0.40816,0.53651,NA,0.57132,0.63165,0.64474,0.68733
"YC21:2106",0,0.041598,0.085026,0.38623,0.42521,0.58153,0.68826,0.71406,0.73566,0.67055,0.748
"YC21:2107",0,0.033474,0.090115,0.34014,0.38067,0.52228,0.62345,0.6562,0.66618,0.61677,0.6879
"YC21:2108",0,0.029231,0.068155,0.25296,0.33858,0.5175,0.64778,0.69043,0.68477,0.71985,0.7616
"YC21:2109",0,0.022772,0.086087,0.34852,0.40614,0.59633,0.6738,0.71067,0.72392,0.71173,0.67073
"YC21:2110",0,0.023926,0.07064,0.29899,0.41093,0.6312,0.73839,0.73043,0.78482,0.74485,0.71946
"YC21:2111",0,0.027447,0.07725,0.3645,0.46241,0.61681,0.7134,0.77428,0.78592,0.73423,0.67928
"YC21:2112",0,0.010172,0.027775,0.17456,0.18612,0.36426,0.59965,0.61318,0.64389,0.62637,0.66348
"YC21:2113",0,0.019751,0.034791,0.16488,0.2693,0.3293,0.49161,0.49117,0.55915,0.58558,0.59504
"YC21:2114",0,0.0383,0.055583,0.31713,0.38524,0.49135,0.6576,0.62604,0.69265,0.65159,0.65611
"YC21:2115",0,0.026082,0.066709,0.30431,0.36006,0.47928,0.68193,0.67605,0.70185,0.63876,0.61688
"YC21:2116",0,0.00446,0.014943,0.15345,0.22659,0.32071,0.47611,0.47498,0.52996,0.50334,0.5839
"YC21:2117",0,0.017477,0.029107,0.193,0.23865,0.36403,0.54457,0.52352,0.58203,0.57889,0.67988
"YC21:2118",1,0.0086574,0.019979,0.13975,0.18047,0.35284,0.48041,0.50708,0.59433,NA,0.62242
"YC21:2120",0,0.037732,0.089108,0.35433,0.38878,0.57333,0.6616,0.68504,0.73779,0.69941,0.73351
"YC21:2121",0,0.0092908,0.025664,0.17366,0.25159,0.38258,0.55352,0.59018,0.67773,0.63301,0.70261
"YC21:2122",0,0.011586,0.034971,0.16798,0.23626,0.38495,0.59876,0.64931,0.72661,0.70491,0.72535
"YC21:2123",0,0.028528,0.052404,0.22244,0.27704,0.4073,0.55167,0.57542,0.66857,0.623,0.67309
"YC21:2124",0,0.001608,0.0065783,0.10216,0.15764,0.31194,0.4891,0.50854,0.57977,0.58509,0.67361
"YC21:2125",0,0.0024426,0.0081091,0.090112,0.2012,0.37868,0.56198,0.55814,0.59528,0.66297,0.61595
"YC21:2126",0,0.03588,0.066192,0.27008,0.27228,0.51659,0.6191,0.62798,0.70415,0.65411,0.7378
"YC21:2128",0,0.02555,0.057072,0.29275,0.33869,0.59443,0.72911,0.72469,0.8084,0.7816,0.77593
"YC21:2130",0,0.016454,0.033843,0.19163,0.28509,0.40897,0.55758,0.57773,0.63549,0.65846,0.67636
"YC21:2131",1,0.018793,0.055891,0.25925,0.27416,0.42846,0.56235,0.57073,NA,0.57702,0.7056
"YC21:2133",0,0.025745,0.070566,0.25684,0.42502,0.55547,0.63138,0.62511,0.677,0.66682,0.73112
"YC21:2134",1,0.037732,0.071511,0.20842,0.28223,0.47974,0.58015,0.61379,NA,0.64016,0.73062
"YC21:2136",0,0.018047,0.070591,0.26025,0.3246,0.54786,0.66902,0.62013,0.67679,0.68639,0.73122
"YC21:2137",0,0.018272,0.06304,0.28151,0.3651,0.55348,0.63875,0.61277,0.7066,0.68353,0.70818
"YC21:2138",1,0.0080077,0.028203,0.19821,0.29295,0.43319,0.56656,0.57775,NA,0.6262,0.57461
"YC21:2139",0,0.029399,0.041646,0.24878,0.36548,0.49636,0.59879,0.58777,0.65977,0.64379,0.68686
"YC21:2140",0,0.033924,0.083228,0.30691,0.37739,0.51371,0.5843,0.62188,0.67739,0.58645,0.61122
"YC21:2141",0,0.026216,0.045155,0.2495,0.31354,0.45851,0.59473,0.57152,0.64356,0.63999,0.63583
"YC21:2142",0,0.015491,0.035101,0.21829,0.28461,0.47523,0.65153,0.65177,0.72253,0.65867,0.69793
"YC21:2143",1,0.018842,0.043189,0.19773,0.36657,0.52024,0.68962,0.70478,NA,0.71166,0.77303
"YC21:2144",0,0.029789,0.067781,0.29115,0.35464,0.43639,0.58903,0.62038,0.64861,0.63946,0.66961
"YC21:2145",0,0.059523,0.098707,0.33201,0.39121,0.5688,0.69309,0.65238,0.72584,0.6604,0.70804
"YC21:2148",0,0.052968,0.098991,0.35353,0.45336,0.58595,0.6757,0.64323,0.73417,0.7055,0.74599
"YC21:2149",2,0.053975,0.10439,0.35793,0.41375,0.63742,0.67656,NA,NA,0.64933,0.71238
"YC21:2150",1,0.01562,0.026744,0.19774,0.27736,0.3339,0.45476,0.43405,NA,0.51714,0.55749
"YC21:2151",1,0.02989,0.055664,0.22361,0.30993,0.42271,0.50352,0.51362,NA,0.5155,0.51074
"YC21:2152",2,0.013494,0.026865,0.1411,0.19977,0.30368,0.44057,0.47774,NA,NA,0.55242
"YC21:2155",2,0.032879,0.084769,0.26414,0.36091,0.50139,NA,NA,0.7137,0.66104,0.61521
"YC21:2158",0,0.0262,0.07267,0.24243,0.30198,0.4856,0.66334,0.6276,0.75546,0.70273,0.76994
"YC21:2159",0,0.010108,0.018419,0.17229,0.23825,0.36867,0.58005,0.56126,0.65452,0.65869,0.73419
"YC21:2160",0,0.024088,0.046828,0.21325,0.34194,0.49952,0.67962,0.65227,0.79411,0.73723,0.72041
"YC21:2162",0,0.031024,0.05292,0.21417,0.21488,0.32892,0.40952,0.41095,0.5123,0.40994,0.49873
"YC21:2163",0,0.026459,0.06065,0.22206,0.30705,0.49516,0.64925,0.70628,0.73937,0.72824,0.69569
"YC21:2164",0,0.037423,0.084351,0.3446,0.39437,0.58397,0.67968,0.67358,0.75388,0.73253,0.72702
"YC21:2165",0,0.03999,0.066269,0.19719,0.31763,0.48954,0.64259,0.63671,0.68096,0.66542,0.66414
"YC21:2166",0,0.021538,0.036584,0.18157,0.28695,0.42499,0.54073,0.49539,0.59598,0.56588,0.61546
"YC21:2168",0,0.026378,0.06333,0.25502,0.36662,0.65887,0.82037,0.77944,0.82365,0.84925,0.81071
"YC21:2169",0,0.033947,0.038729,0.23553,0.30418,0.45468,0.59145,0.58531,0.68159,0.62156,0.62159
"YC21:2170",2,0.025182,0.050125,0.23524,0.31897,0.49136,NA,NA,0.67245,0.67781,0.61118
"YC21:2171",1,0.044144,0.081181,0.3406,0.35862,0.54429,0.66193,0.61399,NA,0.63839,0.66685
"YC21:2172",0,0.050109,0.074822,0.29859,0.40516,0.59553,0.7301,0.76538,0.78438,0.77767,0.7594
"YC21:2173",0,0.025192,0.072765,0.25913,0.39893,0.57878,0.7284,0.74693,0.78087,0.81761,0.8075
"YC21:2174",0,0.016153,0.03492,0.18719,0.26878,0.45873,0.64984,0.64934,0.67547,0.70291,0.71809
"YC21:2175",0,0.0088867,0.023143,0.18712,0.24337,0.47118,0.56485,0.58676,0.61851,0.60627,0.66401
"YC21:2176",0,0.021327,0.071254,0.33094,0.44581,0.66389,0.74465,0.76532,0.79357,0.74822,0.74149
"YC21:2177",0,0.040769,0.099535,0.34322,0.38934,0.54508,0.59649,0.60441,0.67837,0.59964,0.60724
"YC21:2178",0,0.027174,0.089238,0.33755,0.41488,0.53902,0.65193,0.60967,0.70948,0.67721,0.65326
"YC21:2179",1,0.0081214,0.013627,0.098197,0.16307,0.2242,0.3996,0.42157,0.51261,0.57938,NA
"YC21:2181",1,0.010379,0.018176,0.15837,0.17994,0.32954,0.491,0.52674,0.61042,NA,0.69315
"YC21:2182",0,0.017499,0.054348,0.21331,0.29754,0.45629,0.63574,0.58244,0.66193,0.68496,0.71148
"YC21:2183",0,0.005737,0.022918,0.13513,0.23122,0.32149,0.46553,0.43994,0.52847,0.5093,0.5774
"YC21:2185",0,0.0084787,0.016957,0.10284,0.18603,0.30775,0.55594,0.63582,0.64925,0.65762,0.75603
"YC21:2186",0,0.01374,0.062794,0.26437,0.32028,0.49613,0.62649,0.60265,0.66456,0.67381,0.63849
"YC21:2187",1,0.0051327,0.0083325,0.11251,0.15048,0.24928,0.35744,0.43446,0.51365,NA,0.56189
"YC21:2188",0,0.028668,0.062648,0.2761,0.30613,0.51488,0.64696,0.7086,0.7328,0.69687,0.76125
"YC21:2189",0,0.0093579,0.034061,0.18357,0.26578,0.30821,0.50254,0.54143,0.57508,0.59808,0.62684
"YC21:2190",0,0.015479,0.034229,0.21483,0.30025,0.44171,0.56895,0.62319,0.63864,0.60438,0.66088
"YC21:2191",0,0.029135,0.075317,0.30185,0.38846,0.54813,0.66802,0.66922,0.70452,0.69642,0.69202
"YC21:2193",1,0.029594,0.048347,0.33009,0.32695,0.53511,0.64583,0.65486,NA,0.65592,0.72018
"YC21:2194",0,0.0147,0.03437,0.18557,0.31516,0.48283,0.64769,0.67609,0.6855,0.67317,0.65389
"YC21:2195",0,0.031089,0.066867,0.2569,0.34303,0.42404,0.6114,0.67214,0.65018,0.66788,0.69385
"YC21:2196",0,0.024283,0.076617,0.26557,0.29971,0.33606,0.50095,0.4649,0.52758,0.53044,0.5828
"YC21:2197",0,0.0058334,0.013072,0.10618,0.16747,0.28576,0.53291,0.53258,0.58943,0.57351,0.65608
"YC21:2198",0,0.024267,0.068635,0.26999,0.29527,0.41214,0.58435,0.58557,0.60055,0.61372,0.62386
"YC21:2200",2,0.0079102,0.019027,0.16753,0.2332,0.38952,NA,NA,0.63776,0.58941,0.64657
"YC21:2201",0,0.067012,0.11873,0.4112,0.47246,0.66374,0.74637,0.77647,0.8071,0.70768,0.75385
"YC21:2202",0,0.035068,0.088192,0.34542,0.37858,0.47659,0.64227,0.6832,0.69074,0.68725,0.72776
"YC21:2203",0,0.037862,0.068333,0.26316,0.35862,0.46924,0.70818,0.70063,0.70879,0.67375,0.68162
"YC21:2204",0,0.020742,0.056839,0.28569,0.34602,0.52926,0.67521,0.71719,0.72898,0.64742,0.70683
"YC21:2205",0,0.031674,0.077152,0.32494,0.36041,0.44167,0.67289,0.68906,0.66418,0.65426,0.67956
"YC21:2206",0,0.038658,0.055056,0.23049,0.34787,0.4722,0.64788,0.71889,0.70404,0.69679,0.74301
"YC21:2207",0,0.026825,0.0562,0.28048,0.32905,0.50235,0.65001,0.74264,0.7269,0.66593,0.68934
"YC21:2208",0,0.013113,0.024527,0.23102,0.23578,0.34391,0.58501,0.5607,0.64044,0.59313,0.65897
"YC21:2209",0,0.024137,0.053786,0.24634,0.27741,0.43791,0.58167,0.56441,0.62751,0.62138,0.61609
"YC21:2212",0,0.0084625,0.024445,0.1663,0.26988,0.43098,0.59942,0.61692,0.69499,0.65911,0.76965
"YC21:2213",0,0.023127,0.04855,0.274,0.32508,0.50581,0.61068,0.62991,0.65533,0.62818,0.7015
"YC21:2214",0,0.012085,0.029269,0.16722,0.2175,0.34341,0.45555,0.47704,0.47609,0.53116,0.59519
"YC21:2215",0,0.010992,0.04686,0.20828,0.27002,0.37196,0.53984,0.56728,0.60171,0.61878,0.68109
"YC21:2216",0,0.011153,0.02438,0.10834,0.17757,0.27278,0.43252,0.47537,0.50495,0.51366,0.56474
"YC21:2218",0,0.017753,0.040721,0.19612,0.30062,0.44494,0.63908,0.62947,0.73351,0.70459,0.74639
"YC21:2219",1,0.029569,0.043838,0.19592,0.25823,0.36228,0.53426,0.50501,NA,0.59223,0.70246
"YC21:2220",0,0.01284,0.042458,0.26102,0.28304,0.44723,0.64159,0.63687,0.7086,0.66141,0.71863
"YC21:2221",0,0.0054959,0.020092,0.18344,0.28374,0.4411,0.58269,0.53109,0.67155,0.63725,0.6861
"YC21:2222",2,0.010944,0.027499,0.178,0.24791,0.37321,NA,NA,0.60812,0.55316,0.65869
"YC21:2223",2,0.032445,0.072183,0.29915,0.40115,0.58814,NA,NA,0.76408,0.77265,0.74393
"YC21:2224",0,0.046081,0.075415,0.34439,0.43842,0.6057,0.69871,0.66403,0.69402,0.69322,0.74033
"YC21:2225",1,0.046763,0.092263,0.31867,0.38995,0.57704,0.66382,0.63345,0.68765,NA,0.71636
"YC21:2226",0,0.007344,0.01677,0.14206,0.20533,0.40544,0.52882,0.53488,0.59124,0.55235,0.66421
"YC21:2227",0,0.041862,0.097699,0.34927,0.45901,0.67808,0.76275,0.75824,0.78297,0.79216,0.78268
"YC21:2228",0,0.024073,0.095588,0.28739,0.38766,0.5626,0.64083,0.72911,0.77873,0.77898,0.79311
"YC21:2229",0,0.015853,0.041322,0.16729,0.24905,0.36723,0.58182,0.63005,0.69583,0.72479,0.73332
"YC21:2230",2,0.0034759,0.010753,0.09279,0.14935,0.25013,NA,NA,0.57521,0.55805,0.6327
"YC21:2232",0,0.007358,0.027158,0.13806,0.21181,0.34189,0.49089,0.49347,0.61018,0.58066,0.67722
"YC21:2233",0,0.029416,0.076893,0.27561,0.33532,0.45437,0.57027,0.56861,0.59915,0.56462,0.59587
"YC21:2234",0,0.011013,0.01647,0.12622,0.2094,0.36512,0.50388,0.55793,0.6004,0.61202,0.61176
"YC21:2235",0,0.020136,0.042881,0.18821,0.23569,0.37103,0.50081,0.52296,0.57789,0.59044,0.66746
"YC21:2236",0,0.030715,0.041107,0.20448,0.25348,0.41402,0.53844,0.56678,0.61564,0.57082,0.67759
"YC21:2237",0,0.032583,0.067326,0.30224,0.3427,0.50127,0.60477,0.5694,0.67047,0.66434,0.6012
"YC21:2238",0,0.0099406,0.041224,0.28104,0.35615,0.61285,0.69826,0.72909,0.81358,0.75064,0.76062
"YC21:2239",0,0.052549,0.11086,0.33532,0.42732,0.65129,0.6934,0.66228,0.77538,0.65539,0.60159
"YC21:2240",0,0.030569,0.073271,0.32622,0.3668,0.59715,0.70775,0.696,0.73585,0.6619,0.72599
"YC21:2241",0,0.019977,0.024442,0.20909,0.29259,0.46732,0.57626,0.58425,0.72619,0.68634,0.68292
"YC21:2242",0,0.024944,0.037212,0.21862,0.28344,0.46335,0.63458,0.6185,0.69689,0.71814,0.69491
"YC21:2243",0,0.03666,0.082048,0.29237,0.36052,0.56091,0.76358,0.72759,0.81453,0.72545,0.78837
"YC21:2244",2,0.0099406,0.024181,0.13362,0.20759,0.29117,NA,NA,0.58913,0.57238,0.61204
"YC21:2245",2,0.025182,0.05099,0.25022,0.32974,0.46676,NA,NA,0.66114,0.60805,0.61899
"YC21:2246",2,0.016721,0.043677,0.20937,0.2969,0.37799,NA,NA,0.61624,0.57199,0.5751
"YC21:2247",2,0.026573,0.051343,0.24214,0.33163,0.44151,NA,NA,0.65426,0.59916,0.63359
"YC21:2249",0,0.036087,0.077851,0.25535,0.30633,0.49177,0.62924,0.63539,0.73326,0.70657,0.69199
"YC21:2250",0,0.030731,0.052302,0.19853,0.24989,0.41766,0.53023,0.4855,0.59075,0.56218,0.545
"YC21:2251",0,0.020823,0.065881,0.2715,0.32505,0.50035,0.64369,0.65591,0.70355,0.6585,0.71905
"YC21:2252",0,0.010314,0.025744,0.14942,0.20098,0.33088,0.59321,0.58444,0.68312,0.72913,0.72647
"YC21:2253",0,0.0081051,0.027499,0.18286,0.26199,0.3735,0.56522,0.54009,0.66622,0.62001,0.63411
"YC21:2254",2,0.03534,0.059716,0.28485,0.32196,0.53454,NA,0.61508,NA,0.63044,0.75804
"YC21:2255",1,0.021717,0.049865,0.28783,0.35892,0.5647,NA,0.67443,0.74822,0.6895,0.74204
"YC21:2256",0,0.04882,0.076649,0.20057,0.34685,0.55703,0.72042,0.6749,0.71119,0.70515,0.78211
"YC21:2257",0,0.012832,0.023601,0.13449,0.17482,0.31451,0.49086,0.50508,0.57039,0.46498,0.56933
"YC21:2258",0,0.044514,0.097895,0.33753,0.36415,0.5635,0.65735,0.63897,0.65358,0.66365,0.64864
"YC21:2259",1,0.060841,0.14385,0.40259,0.49013,0.64997,0.68933,0.65568,NA,0.66693,0.68678
"YC21:2260",0,0.033103,0.093737,0.30426,0.37137,0.43927,0.50747,0.50601,0.54398,0.54118,0.57752
"YC21:2261",1,0.020709,0.058543,0.25578,0.28042,0.38251,0.4987,0.52485,0.56314,NA,0.57847
"YC21:2262",0,0.030796,0.065556,0.30035,0.34522,0.47578,0.61025,0.5612,0.64939,0.65514,0.69957
"YC21:2263",1,0.026476,0.044449,0.21638,0.23288,0.39248,0.55738,0.53593,0.59785,NA,0.60126
"YC21:2264",0,0.039584,0.071224,0.30415,0.36551,0.62435,0.72006,0.67477,0.70609,0.75324,0.71645
"YC21:2265",0,0.0012182,0.0021822,0.06455,0.12027,0.20796,0.39584,0.41076,0.48714,0.51607,0.66443
"YC21:2268",0,0.015496,0.032648,0.1901,0.20855,0.35919,0.61042,0.60781,0.71231,0.7004,0.76612
"YC21:2269",0,0.008742,0.03242,0.14996,0.20761,0.34225,0.62253,0.68993,0.71783,0.71265,0.80774
"YC21:2271",0,0.032236,0.066008,0.20817,0.28248,0.39712,0.54443,0.58001,0.63408,0.57242,0.60884
"YC21:2272",0,0.037651,0.10053,0.28287,0.40148,0.53294,0.64735,0.6044,0.63246,0.56017,0.61818
"YC21:2273",0,0.010445,0.029935,0.1383,0.23956,0.30935,0.46025,0.42403,0.45248,0.47435,0.54188
"YC21:2274",2,0.03091,0.085733,0.28004,0.33097,0.48266,NA,NA,0.67427,0.66076,0.74693
"YC21:2276",0,0.009658,0.025858,0.20474,0.2049,0.35467,0.47652,0.46336,0.54903,0.53226,0.61141
"YC21:2278",0,0.022675,0.064679,0.30167,0.31537,0.49515,0.70464,0.66938,0.71131,0.66392,0.76928
"YC21:2279",0,0.014294,0.038654,0.1816,0.26683,0.38454,0.65705,0.63219,0.71014,0.68761,0.72849
"YC21:2280",0,0.018963,0.03002,0.17244,0.2362,0.31559,0.58853,0.62782,0.69855,0.73494,0.76853
"YC21:2285",0,0.006627,0.027093,0.19551,0.2323,0.39432,0.60205,0.60142,0.61392,0.60431,0.70867
"YC21:2287",0,0.0058872,0.0097944,0.12856,0.19725,0.30497,0.55446,0.59453,0.63939,0.65249,0.70619
"YC21:2289",1,0.010879,0.026394,0.19911,0.20468,0.35855,0.53743,0.55423,0.61339,NA,0.6171
"YC21:2292",2,0.015528,0.03778,0.15534,0.17071,0.20021,NA,NA,0.53543,0.51137,0.57126
"YC21:2293",0,0.0019491,0.0045317,0.1013,0.15884,0.23106,0.44161,0.50048,0.56729,0.55458,0.66072
"YC21:2294",0,0.017982,0.052204,0.26429,0.27212,0.40658,0.62945,0.6211,0.62876,0.60406,0.64945
"YC21:2295",0,0.0075366,0.01967,0.16118,0.23458,0.29718,0.53684,0.54087,0.59654,0.54446,0.64295
"YC21:2296",0,0.048933,0.10561,0.37847,0.3814,0.5451,0.66344,0.68956,0.73592,0.72632,0.7785
"YC21:2297",0,0.010607,0.044408,0.19307,0.25679,0.31302,0.50599,0.54026,0.57654,0.57479,0.59771
"YC21:2298",0,0.03104,0.07209,0.29355,0.33639,0.4653,0.64918,0.65528,0.66673,0.66995,0.7101
"YC21:2300",0,0.0036871,0.022929,0.13977,0.22796,0.32415,0.57286,0.58534,0.63225,0.66126,0.78024
"YC21:2301",0,0.0090822,0.03143,0.15523,0.20945,0.23951,0.53881,0.56131,0.58714,0.57277,0.68098
"YC21:2304",0,0.02478,0.064272,0.26098,0.32411,0.53014,0.75834,0.73196,0.75269,0.70665,0.79214
"YC21:2305",0,0.020152,0.06627,0.26022,0.37615,0.55399,0.68615,0.73863,0.69838,0.65325,0.73363
"YC21:2306",0,0.018565,0.047262,0.21971,0.41725,0.54117,0.7594,0.77151,0.77648,0.77,0.78294
"YC21:2307",0,0.033752,0.078469,0.2838,0.28201,0.49533,0.6726,0.7231,0.71332,0.65722,0.77171
"YC21:2308",1,0.01046,0.023,0.1052,0.10203,0.18597,0.259,0.2831,0.31331,NA,0.40578
"YC21:2311",0,0.0091284,0.018972,0.15144,0.2331,0.35641,0.61404,0.56546,0.64542,0.67087,0.67927
"YC21:2312",0,0.0014302,0.014943,0.12352,0.18811,0.307,0.53746,0.57142,0.63369,0.57068,0.64803
"YC21:2313",0,0.016649,0.037989,0.20967,0.29889,0.41862,0.61658,0.6296,0.67366,0.63181,0.70132
"YC21:2314",0,0.016925,0.038576,0.22916,0.25478,0.40993,0.59019,0.61796,0.69062,0.64505,0.72229
"YC21:2315",0,0.0073279,0.015407,0.13494,0.1239,0.22729,0.43954,0.46651,0.58807,0.58448,0.66415
"YC21:2316",0,0.0057987,0.010412,0.093553,0.12417,0.30188,0.542,0.58261,0.62992,0.67893,0.68926
"YC21:2319",1,0.0067333,0.031771,0.2075,0.2094,0.29649,0.38967,0.42893,0.48918,NA,0.55591
"YC21:2321",0,0.042634,0.070104,0.23286,0.31896,0.40467,0.53652,0.53343,0.5912,0.61864,0.58967
"YC21:2322",1,0.037579,0.057321,0.32728,0.33246,0.51674,0.67137,0.70793,0.76922,NA,0.78042
"YC21:2324",1,0.002523,0.010607,0.080589,0.12561,0.20327,NA,0.35395,0.40816,0.43718,0.45735
"YC21:2325",0,0.0075366,0.024426,0.16447,0.26412,0.38214,0.60513,0.65243,0.68419,0.68645,0.80594
"YC21:2326",0,0.013465,0.03615,0.20034,0.30636,0.41314,0.65044,0.656,0.7265,0.69738,0.74055
"YC21:2327",0,0.027174,0.058831,0.25182,0.34947,0.51955,0.71724,0.6652,0.71163,0.73712,0.67736
"YC21:2328",0,0.038284,0.072053,0.24418,0.29071,0.4768,0.72669,0.71997,0.74998,0.71954,0.80744
"YC21:2329",0,0.031544,0.045074,0.20992,0.26796,0.38026,0.57826,0.57845,0.66313,0.6119,0.68782
"YC21:2331",0,0.023253,0.052807,0.28032,0.32324,0.56804,0.70621,0.67485,0.71152,0.64274,0.70187
"YC21:2332",0,0.021261,0.041987,0.19874,0.20835,0.32741,0.44441,0.42275,0.46871,0.42756,0.56551
"YC21:2333",0,0.021116,0.043969,0.21107,0.25093,0.39958,0.53731,0.53595,0.56087,0.5433,0.59383
"YC21:2334",0,0.035766,0.06947,0.24969,0.34325,0.48961,0.5311,0.52911,0.56604,0.52168,0.54849
"YC21:2335",0,0.031867,0.06528,0.24021,0.34909,0.44055,0.67417,0.6691,0.67729,0.60996,0.69419
"YC21:2336",0,0.016551,0.038528,0.22358,0.2371,0.40214,0.61889,0.62194,0.64324,0.60374,0.74069
"YC21:2338",0,0.036623,0.078274,0.29082,0.28664,0.44769,0.63434,0.64427,0.66852,0.66696,0.78716
"YC21:2339",0,0.015505,0.02764,0.16749,0.21571,0.31204,0.58125,0.55219,0.63362,0.63172,0.73004
"YC21:2340",1,0.021004,0.060472,0.27771,0.31122,0.4472,NA,0.56805,0.67486,0.63402,0.72343
"YC21:2342",1,0.042441,0.077169,0.34121,0.34326,0.53353,NA,0.62592,0.74285,0.68032,0.72699
"YC21:2343",0,0.040282,0.060131,0.21856,0.28341,0.39876,0.5655,0.53389,0.61647,0.58352,0.71154
"YC21:2344",0,0.030036,0.053975,0.21061,0.25653,0.43298,0.58527,0.56409,0.62369,0.62632,0.71319
"YC21:2346",0,0.013579,0.044343,0.17716,0.24278,0.34513,0.50888,0.49122,0.63055,0.70324,0.73754
"YC21:2348",1,0.0062697,0.020921,0.10459,0.11224,0.19646,0.28527,0.28719,NA,0.35079,0.47579
"YC21:2349",2,0.0079102,0.023065,0.17709,0.17237,0.27138,0.41828,0.45641,NA,NA,0.65688
"YC21:2351",0,0.031738,0.054331,0.25833,0.24905,0.40868,0.58933,0.58023,0.62184,0.57767,0.64497
"YC21:2354",0,0.019654,0.065597,0.2395,0.2382,0.33753,0.4927,0.54988,0.64385,0.59684,0.75474
"YC21:2355",0,0.030423,0.045623,0.23455,0.26922,0.40369,0.62163,0.62954,0.67266,0.62912,0.73659
"YC21:2356",0,0.032096,0.066075,0.24658,0.29824,0.42698,0.6134,0.58069,0.63056,0.59362,0.67604
"YC21:2357",1,0.019101,0.071351,0.29331,0.278,0.53651,0.67286,0.71816,0.7442,NA,0.76256
"YC21:2358",0,0.042231,0.078148,0.28239,0.48829,0.59596,0.74438,0.71664,0.74089,0.73599,0.76256
"YC21:2359",0,0.012502,0.024916,0.15667,0.20591,0.33366,0.51143,0.49531,0.60832,0.57302,0.61064
"YC21:2364",0,0.0093396,0.030961,0.16687,0.25607,0.38333,0.6075,0.65927,0.64797,0.61885,0.73964
"YC21:2365",0,0.010671,0.026001,0.16425,0.19918,0.35276,0.5199,0.58742,0.65039,0.63334,0.72846
"YC21:2366",1,0.0217,0.050829,0.20374,0.31483,0.48374,0.67496,0.7144,NA,0.71853,0.8087
"YC21:2368",0,0.025599,0.0549,0.25338,0.2825,0.49572,0.66402,0.67052,0.71526,0.69175,0.76867
"YC21:2370",0,0.032702,0.067635,0.2672,0.32031,0.48427,0.60921,0.5823,0.61894,0.65498,0.68469
"YC21:2372",0,0.019832,0.039725,0.21487,0.25487,0.43355,0.71042,0.67102,0.73035,0.71965,0.81178
"YC21:2373",0,0.0148,0.022106,0.12748,0.16695,0.28146,0.56943,0.53421,0.60497,0.67049,0.71703
"YC21:2375",1,0.020044,0.035019,0.19852,0.22811,0.37446,0.59433,0.63072,0.68034,NA,0.6892
"YC21:2376",0,0.014921,0.026776,0.14906,0.22299,0.33381,0.57132,0.62668,0.70669,0.67506,0.74829
"YC21:2379",1,0.011581,0.033574,0.18293,0.168,0.31454,0.48845,0.5455,0.56339,NA,0.57168
"YC21:2380",0,0.023974,0.075143,0.27629,0.28865,0.44301,0.63124,0.62525,0.68586,0.69265,0.67939
"YC21:2382",0,0.010109,0.043919,0.21256,0.21305,0.40433,0.56982,0.57104,0.64327,0.55989,0.6366
"YC21:2384",0,0.011207,0.035434,0.20586,0.25082,0.40751,0.66446,0.68708,0.73099,0.6978,0.78298
"YC21:2385",0,0.021473,0.032124,0.19871,0.22377,0.35087,0.491,0.54746,0.60497,0.6197,0.65043
"YC21:2386",0,0.022273,0.072605,0.34201,0.37463,0.52378,0.73419,0.73491,0.75619,0.74622,0.81463
"YC21:2387",1,0.022058,0.039837,0.2584,0.32982,0.39906,0.59925,NA,0.61309,0.62672,0.68679
"YC21:2388",0,0.050564,0.1095,0.29163,0.38642,0.44719,0.64147,0.71494,0.71691,0.73715,0.78719
"YC21:2389",0,0.012491,0.048949,0.2465,0.26683,0.35335,0.53419,0.65651,0.63062,0.60676,0.75842
"YC21:2390",0,0.01738,0.042978,0.24668,0.26269,0.4023,0.58573,0.61778,0.60487,0.6483,0.74302
"YC21:2391",0,0.043405,0.090699,0.31411,0.3962,0.51114,0.64299,0.67902,0.65224,0.66522,0.709
"YC21:2392",0,0.025278,0.076601,0.30992,0.36229,0.48138,0.65881,0.67542,0.66203,0.6732,0.72561
"YC21:2393",0,0.027624,0.050401,0.2351,0.27086,0.39728,0.6038,0.60446,0.64556,0.6393,0.62739
"YC21:2394",1,0.047985,0.071582,0.28748,0.32328,0.46021,0.62734,0.65127,0.67948,NA,0.71758
"YC21:2398",0,0.028846,0.048923,0.20761,0.3109,0.35379,0.4576,0.44521,0.54118,0.58102,0.66708
"YC21:2401",0,0.011667,0.029708,0.20542,0.22089,0.35927,0.5352,0.48931,0.49835,0.62263,0.67507
"YC21:2402",0,0.0037282,0.016535,0.15439,0.20017,0.35404,0.51592,0.57795,0.56776,0.66225,0.66901
"YC21:2405",0,0.025956,0.085291,0.26878,0.31326,0.47068,0.60515,0.59978,0.60666,0.56353,0.65604
"YC21:2406",1,0.0069519,0.026162,0.12819,0.15104,0.26529,0.44145,0.46616,0.51041,NA,0.57715
"YC21:2408",0,0.024105,0.049037,0.27869,0.37129,0.48415,0.60801,0.58602,0.65384,0.67571,0.76171
"YC21:2409",0,0.02758,0.046555,0.2151,0.27757,0.4859,0.64775,0.69704,0.74097,0.7474,0.83487
"YC21:2411",0,0.014017,0.044326,0.20225,0.25787,0.36502,0.54311,0.53204,0.59803,0.60828,0.65961
"YC21:2412",0,0.010931,0.031015,0.17342,0.22331,0.39479,0.59356,0.64748,0.70793,0.69967,0.74211
"YC21:2416",1,0.01738,0.043368,0.2087,0.23931,0.43141,0.66633,0.66604,0.69242,NA,0.73449
"YC21:2417",1,0.013242,0.021733,0.12826,0.16847,0.23925,0.41821,0.44569,0.50167,NA,0.57591
"YC21:2418",0,0.011892,0.029172,0.1661,0.20864,0.33509,0.48878,0.51693,0.58631,0.53572,0.62494
"YC21:2419",1,0.022545,0.065101,0.24857,0.27628,0.3755,0.60955,0.62046,0.67682,NA,0.7002
"YC21:2420",0,0.016841,0.044229,0.17834,0.19265,0.27354,0.53619,0.54596,0.66297,0.52909,0.6531
"YC21:2423",0,0.0058977,0.026687,0.13833,0.17832,0.28866,0.53666,0.58721,0.62484,0.63885,0.71291
"YC21:2424",0,0.0097781,0.048258,0.24359,0.25226,0.38653,0.60667,0.64142,0.64445,0.63781,0.73104
"YC21:2426",1,0.040962,0.079995,0.29262,0.27223,0.4272,0.60598,0.59935,0.6695,NA,0.67024
"YC21:2427",0,0.0031818,0.010931,0.11894,0.18029,0.29348,0.55583,0.6041,0.65435,0.64095,0.71784
"YC21:2428",0,0.010623,0.029805,0.13255,0.16438,0.22351,0.3878,0.4163,0.48814,0.44757,0.57289
"YC21:2429",1,0.023016,0.05352,0.24329,0.30418,0.44794,0.6258,0.59159,0.66213,NA,0.67699
"YC21:2431",1,0.0040932,0.015106,0.12003,0.18585,0.27478,0.46609,0.53226,0.57486,NA,0.68334
"YC21:2432",1,0.020417,0.043482,0.1888,0.24305,0.40298,0.5751,0.5705,0.60744,NA,0.65809
"YC21:2434",0,0.01457,0.031381,0.18101,0.21967,0.32173,0.47471,0.49597,0.60279,0.62505,0.68131
"YC21:2435",0,0.031674,0.080077,0.25079,0.28833,0.48791,0.56639,0.57772,0.65494,0.63887,0.72812
"YC21:2437",0,0.023976,0.058398,0.26457,0.34547,0.56631,0.69704,0.67702,0.75659,0.76696,0.78021
"YC21:2438",0,0.03088,0.083102,0.27714,0.27098,0.44452,0.64934,0.63775,0.68782,0.63534,0.74819
"YC21:2439",0,0.0043043,0.035702,0.18278,0.19299,0.31001,0.52938,0.55827,0.62546,0.58357,0.72443
"YC21:2440",0,0.01435,0.048355,0.20718,0.2508,0.38661,0.60386,0.5622,0.63848,0.65833,0.719
"YC21:2443",1,0.019199,0.035247,0.29107,0.31636,0.51699,0.62271,0.58303,NA,0.59964,0.62952
"YC21:2444",1,0.029408,0.055441,0.27639,0.37014,0.51967,0.6356,0.58701,NA,0.61708,0.57263
"YC21:2445",1,0.0098918,0.025907,0.15991,0.19768,0.33911,NA,0.51841,0.66931,0.61031,0.65901
"YC21:2447",0,0.0099406,0.025519,0.16618,0.28553,0.44251,0.69971,0.65319,0.70145,0.71545,0.7563
"YC21:2448",2,0.022464,0.049045,0.21035,0.26502,0.40586,NA,NA,0.58287,0.6035,0.64303
"YC21:2449",0,0.0057662,0.013595,0.12008,0.28524,0.4356,0.58334,0.59105,0.62574,0.63952,0.74991
"YC21:2451",1,0.0092259,0.038495,0.18016,0.20851,0.3679,0.56212,0.56588,NA,0.61196,0.74511
"YC21:2452",0,0.031024,0.069535,0.27511,0.31819,0.50062,0.6669,0.64826,0.68999,0.62691,0.71862
"YC21:2453",0,0.017266,0.031915,0.15659,0.21363,0.27722,0.46755,0.47613,0.50333,0.49338,0.60119
"YC21:2454",0,0.019719,0.043222,0.23383,0.27475,0.39175,0.54923,0.54077,0.5799,0.54788,0.64297
"YC21:2455",1,0.023864,0.057857,0.29421,0.28455,0.41642,0.63312,0.61346,0.63933,NA,0.64052
"YC21:2456",0,0.024635,0.044261,0.26132,0.31531,0.43527,0.64392,0.63108,0.6954,0.64575,0.71532
"YC21:2457",0,0.023893,0.049329,0.27312,0.28848,0.45931,0.68527,0.69712,0.74155,0.73043,0.78788
"YC21:2458",0,0.010088,0.03222,0.16911,0.24345,0.4026,0.55889,0.54553,0.64057,0.5993,0.61656
"YC21:2459",1,0.029989,0.064905,0.29943,0.34602,0.50736,0.59318,0.59208,0.66088,0.67105,NA
"YC21:2460",0,0.014862,0.0413,0.16427,0.22803,0.3016,0.39777,0.38486,0.50397,0.46387,0.61005
"YC21:2463",0,0.0012182,0.0034872,0.045401,0.067004,0.15209,0.29941,0.34473,0.47358,0.44813,0.58141
"YC21:2464",1,0.014992,0.039243,0.16933,0.2238,0.42406,0.51658,0.54494,NA,0.54584,0.6084
"YC21:2466",0,0.0053276,0.011727,0.17312,0.22621,0.42653,0.61712,0.6425,0.76105,0.72101,0.84415
"YC21:2467",0,0.012133,0.035377,0.20563,0.2156,0.32599,0.51183,0.46936,0.57167,0.5647,0.64985
"YC21:2468",1,0.026508,0.052967,0.23475,0.28663,0.40969,NA,0.4991,0.58052,0.58514,0.60773
"YC21:2469",0,0.009973,0.030747,0.16585,0.18599,0.28495,0.45557,0.45846,0.53024,0.49291,0.61955
"YC21:2470",0,0.007358,0.018352,0.12808,0.17216,0.29283,0.51811,0.51345,0.61998,0.60048,0.68906
"YC21:2472",0,0.029334,0.058214,0.20967,0.24334,0.37041,0.65001,0.6638,0.70899,0.69083,0.73093
"YC21:2473",0,0.0039086,0.017211,0.11606,0.16457,0.26866,0.44604,0.46375,0.50306,0.52418,0.58071
"YC21:2474",0,0.016503,0.036125,0.18241,0.23857,0.32928,0.5134,0.54511,0.58349,0.56204,0.66883
"YC21:2475",0,0.030035,0.07933,0.28814,0.29352,0.48897,0.60354,0.67323,0.69528,0.67957,0.71915
"YC21:2476",0,0.015755,0.057884,0.25076,0.35027,0.42613,0.60093,0.55234,0.53825,0.57604,0.57126
"YC21:2477",0,0.023519,0.032485,0.17634,0.29656,0.36385,0.52891,0.52604,0.55233,0.58508,0.58693
"YC21:2479",0,0.018866,0.040217,0.21571,0.2423,0.38208,0.60171,0.59693,0.57931,0.53784,0.6516
"YC21:2480",0,0.037475,0.079622,0.30949,0.3643,0.53919,0.73244,0.72535,0.73196,0.71025,0.71633
"YC21:2481",0,0.0013481,0.0069519,0.075812,0.13941,0.23053,0.5311,0.54504,0.59527,0.69861,0.76816
"YC21:2482",0,0.004418,0.01712,0.15328,0.1731,0.34498,0.58194,0.61001,0.649,0.69075,0.73475
"YC21:2483",0,0.033265,0.061641,0.24925,0.32219,0.45561,0.65854,0.68345,0.68796,0.68684,0.71938
"YC21:2484",0,0.031852,0.075415,0.26773,0.35401,0.38772,0.59334,0.55928,0.62852,0.71003,0.70778
"YC21:2485",0,0.02019,0.032574,0.091969,0.12086,0.18626,0.28064,0.25795,0.33514,0.40769,0.52224
"YC21:2487",1,0.01301,0.027769,0.16782,0.19824,0.30987,0.46016,0.50735,NA,0.51382,0.62415
"YC21:2488",0,0.031576,0.053715,0.2319,0.25189,0.36514,0.56759,0.55864,0.59393,0.58725,0.68258
"YC21:2489",0,0.028733,0.054738,0.21983,0.25371,0.3568,0.46639,0.52184,0.50723,0.47964,0.52918
"YC21:2490",2,0.01431,0.015067,0.077668,0.11589,0.16115,NA,NA,0.31665,0.39975,0.47469
"YC21:2493",0,0.018062,0.047023,0.18886,0.26117,0.35079,0.55333,0.56878,0.6113,0.65964,0.70543
"YC21:2494",0,0.0028587,0.0070868,0.085278,0.17139,0.2955,0.58638,0.60243,0.71952,0.68185,0.74903
"YC21:2496",0,0.013904,0.041435,0.20797,0.26085,0.42149,0.69615,0.70218,0.74181,0.74442,0.76546
"YC21:2498",0,0.0019284,0.0061235,0.096353,0.17501,0.25412,0.50182,0.51545,0.56658,0.62566,0.60441
"YC21:2499",1,0.032258,0.046474,0.19165,0.23532,0.39404,0.57917,0.64373,0.66535,NA,0.66943
"YC21:2501",0,0.019118,0.033249,0.20571,0.27682,0.44395,0.62336,0.63766,0.65656,0.66456,0.67043
"YC21:2502",0,0.0091122,0.015674,0.10182,0.19197,0.34978,0.56983,0.69028,0.72387,0.68426,0.66401
"YC21:2504",0,0.027431,0.033736,0.16106,0.21289,0.34093,0.4642,0.52856,0.55408,0.58815,0.63483
"YC21:2505",0,0.014196,0.025875,0.19898,0.31338,0.45521,0.60028,0.63149,0.73053,0.71496,0.73897
"YC21:2506",1,0.0011045,0.0026997,0.053895,0.10489,0.20513,0.40219,0.41617,NA,0.5362,0.57239
"YC21:2507",0,0.0041419,0.0081376,0.16396,0.22412,0.39309,0.60337,0.60175,0.66838,0.6388,0.66056
"YC21:2508",2,0.01608,0.040243,0.20038,0.1975,0.33148,0.50321,0.47038,NA,NA,0.63035
"YC21:2510",0,0.010012,0.020937,0.12153,0.19513,0.28416,0.49078,0.49725,0.58395,0.66998,0.69988
"YC21:2511",0,0.012734,0.036704,0.24418,0.33472,0.54903,0.74439,0.73976,0.81109,0.77315,0.82474
"YC21:2515",0,0.018593,0.037066,0.19355,0.26993,0.358,0.53155,0.51648,0.58931,0.59675,0.57233
"YC21:2516",0,0.014833,0.022236,0.11478,0.12963,0.22094,0.46938,0.49135,0.55546,0.59153,0.64689
"YC21:2517",2,0.012004,0.015479,0.10154,0.13493,0.24806,0.43948,0.47697,NA,NA,0.70894
"YC21:2519",1,0.016575,NA,0.14039,0.20672,0.28551,0.51757,0.57168,0.62186,0.64569,0.67909
"YC21:2520",0,0.01582,0.020602,0.16145,0.3021,0.44651,0.70258,0.73271,0.75194,0.70721,0.77679
