Genotype,OG,Maturity
A322,71,<75
A385,71,<75
A572,71,<75
A641,71,<75
CR1HT,71,<75
MS116,71,<75
ND265,71,<75
OQ403,71,<75
PHVJ4,71,<75
T242,71,<75
W701BC,71,<75
W9,71,<75
911,73,<75
91IFC2,73,<75
A305,73,<75
A674,73,<75
AQA3,73,<75
CA-4,73,<75
CM105,73,<75
FC46,73,<75
Ia 453,73,<75
IA2132,73,<75
L 135,73,<75
LH146Ht,73,<75
NORTH 7,73,<75
Oh43,73,<75
PHG47,73,<75
PHGW7,73,<75
PHK74,73,<75
PHN11,73,<75
PHTM9,73,<75
PHV37,73,<75
PHVA9,73,<75
PHW20,73,<75
PHW86,73,<75
W117Ht,73,<75
W182E,73,<75
29MIBZ2,74,<75
793,74,<75
912,74,<75
A334,74,<75
A340,74,<75
A548,74,<75
A556,74,<75
A679,74,<75
CH711-10,74,<75
CH753-4,74,<75
CS405,74,<75
IBB14,74,<75
IBB15,74,<75
L 127,74,<75
LH149,74,<75
LH166,74,<75
LH172,74,<75
LH222,74,<75
Lp215D,74,<75
MS72,74,<75
ND247,74,<75
NK778,74,<75
NK807,74,<75
PHG71,74,<75
W153R,74,<75
W552,74,<75
W64A,74,<75
790,75,75-79
A208,75,75-79
CR 22 INBRED,75,75-79
EAST 028,75,75-79
FBLA,75,75-79
IBC2,75,75-79
ICI 193,75,75-79
ICI581,75,75-79
L 139,75,75-79
LH202,75,75-79
LH295,75,75-79
LH61,75,75-79
LIBC 4,75,75-79
LP5,75,75-79
MS225,75,75-79
N197,75,75-79
OS602,75,75-79
PHG72,75,75-79
PHH93,75,75-79
PHJ89,75,75-79
PHJR5,75,75-79
PHKE6,75,75-79
PHP02,75,75-79
PHP55,75,75-79
PHP76,75,75-79
PHR30,75,75-79
PHT69,75,75-79
PHV57,75,75-79
PHW03,75,75-79
W613S,75,75-79
ZS635,75,75-79
1538,76,75-79
3IJI1,76,75-79
764,76,75-79
A374,76,75-79
A427,76,75-79
A649,76,75-79
A672,76,75-79
A682,76,75-79
A73,76,75-79
B85,76,75-79
B87,76,75-79
CH157,76,75-79
CR14,76,75-79
DK4676A,76,75-79
DK78002A,76,75-79
DKFBHJ,76,75-79
DKMBNA,76,75-79
G80,76,75-79
H99,76,75-79
I29,76,75-79
L 155,76,75-79
LH145,76,75-79
LH184,76,75-79
LH206,76,75-79
LH223,76,75-79
LH38,76,75-79
LH54,76,75-79
LH82,76,75-79
MEF156-55-2,76,75-79
ML606,76,75-79
MQ305,76,75-79
MS153,76,75-79
MS200,76,75-79
MS224,76,75-79
N192,76,75-79
NS501,76,75-79
Oh40B,76,75-79
OQ603,76,75-79
PH207,76,75-79
PHBW8,76,75-79
PHG29,76,75-79
PHG50,76,75-79
PHK42,76,75-79
Q381,76,75-79
SD102,76,75-79
W603S,76,75-79
WR3,76,75-79
CH9,77,75-79
LH119,77,75-79
W614S,77,75-79
2FACC,78,75-79
4F-306 108,78,75-79
A258,78,75-79
A634,78,75-79
A680,78,75-79
A71,78,75-79
B-18 INBR.FR.SUPERGOLD,78,75-79
B103,78,75-79
B76,78,75-79
B91,78,75-79
BEI 10 = NORTH 10,78,75-79
BO9,78,75-79
C123,78,75-79
CI 40H,78,75-79
DK3IIH6,78,75-79
DKFAPW,78,75-79
DKPB80,78,75-79
Eng-Li Chih,78,75-79
ICI 441,78,75-79
INBRED 2-687,78,75-79
LH132,78,75-79
LH143 (Maintainer),78,75-79
LH165,78,75-79
LH198,78,75-79
LH209,78,75-79
LH57,78,75-79
MS1334,78,75-79
MS71,78,75-79
N193,78,75-79
NC262,78,75-79
NQ508,78,75-79
NY 159 (Neveh Yaar),78,75-79
Ny821,78,75-79
Pa405,78,75-79
PHB47,78,75-79
PHBA6,78,75-79
PHHV4,78,75-79
PHJ90,78,75-79
PHN66,78,75-79
PHN82,78,75-79
PHR63,78,75-79
PHW17,78,75-79
PHW30,78,75-79
PHW80,78,75-79
SD101,78,75-79
SD44,78,75-79
W602S,78,75-79
W604S,78,75-79
W605S,78,75-79
W612S,78,75-79
W8304,78,75-79
DJ7,79,75-79
2369,80,80-84
2FADB,80,80-84
2MA22,80,80-84
4226,80,80-84
6F629,80,80-84
78010,80,80-84
792,80,80-84
A239,80,80-84
A272,80,80-84
A401,80,80-84
A627,80,80-84
A632,80,80-84
A635,80,80-84
A648,80,80-84
A659,80,80-84
A663,80,80-84
AS6103,80,80-84
B-28,80,80-84
B107,80,80-84
B114,80,80-84
B115,80,80-84
B73,80,80-84
C103,80,80-84
DE4,80,80-84
DK78010,80,80-84
DKIB014,80,80-84
H42,80,80-84
ICI 740,80,80-84
ICI 893,80,80-84
ICI 986,80,80-84
LH127,80,80-84
LH185,80,80-84
LH197,80,80-84
LH199,80,80-84
LH204,80,80-84
LH227,80,80-84
LH74,80,80-84
LH93,80,80-84
LP1 NR HT,80,80-84
Mo17,80,80-84
Mo47,80,80-84
MS132,80,80-84
MS211,80,80-84
MS226,80,80-84
N201,80,80-84
N6,80,80-84
NC310,80,80-84
ND259,80,80-84
NS701,80,80-84
OH33,80,80-84
Os420,80,80-84
Pa392,80,80-84
Pa875,80,80-84
PHB09,80,80-84
PHG80,80,80-84
PHG83,80,80-84
PHG86,80,80-84
PHHH9,80,80-84
PHK35,80,80-84
PHK76,80,80-84
PHM10,80,80-84
PHN29,80,80-84
PHR36,80,80-84
PHR47,80,80-84
PHW52,80,80-84
R113,80,80-84
R168,80,80-84
R181B,80,80-84
S8326,80,80-84
SD107,80,80-84
SD40,80,80-84
Seagull Seventeen,80,80-84
SG 30A,80,80-84
TZU-CHIAO-HSI-WU 105,80,80-84
Va52,80,80-84
Va99,80,80-84
W37A,80,80-84
W607S,80,80-84
W611S,80,80-84
W811G,80,80-84
W821G,80,80-84
YONG 28,80,80-84
ZS365,80,80-84
DK78371A,81,80-84
W814G,81,80-84
2MCDB,82,80-84
4N506,82,80-84
78551S,82,80-84
A321,82,80-84
A797NW,82,80-84
B109,82,80-84
B111,82,80-84
B119,82,80-84
B120,82,80-84
B121,82,80-84
B14A,82,80-84
B164,82,80-84
B37,82,80-84
B70,82,80-84
B75,82,80-84
B88,82,80-84
CG102,82,80-84
CH701-30,82,80-84
CO257,82,80-84
CO258,82,80-84
CQ702RC,82,80-84
H105W,82,80-84
H114,82,80-84
H121,82,80-84
H5,82,80-84
H71,82,80-84
H91,82,80-84
H95,82,80-84
HUANYAO,82,80-84
Hy,82,80-84
Il778d,82,80-84
INB 101LFY/LFY (A632 X M16 S5),82,80-84
INBRED 309,82,80-84
INBRED 321,82,80-84
J8606,82,80-84
K150,82,80-84
KUNG-70,82,80-84
L 289,82,80-84
LH1,82,80-84
LH128,82,80-84
LH181,82,80-84
LH190,82,80-84
LH193,82,80-84
LH195,82,80-84
LH208,82,80-84
LH213,82,80-84
LH214,82,80-84
LH215,82,80-84
LH224,82,80-84
LH59,82,80-84
LH60,82,80-84
MBST,82,80-84
MBWZ,82,80-84
MM501D,82,80-84
Mo46,82,80-84
MS221,82,80-84
MS67,82,80-84
N211,82,80-84
N215,82,80-84
N28Ht,82,80-84
N501,82,80-84
N523,82,80-84
N527,82,80-84
N534,82,80-84
N542,82,80-84
NC328,82,80-84
NK740,82,80-84
NKS8326,82,80-84
NY 166 (Neveh Yaar),82,80-84
OC19,82,80-84
Oh7,82,80-84
Pa778,82,80-84
PHBB3,82,80-84
PHJ70,82,80-84
PHK56,82,80-84
PHK93,82,80-84
PHN46,82,80-84
PHPR5,82,80-84
PHR31,82,80-84
PHR55,82,80-84
PHT10,82,80-84
PHT22,82,80-84
PHT47,82,80-84
PHT55,82,80-84
PHW43,82,80-84
PHW79,82,80-84
PHWG5,82,80-84
PHZ51,82,80-84
R78,82,80-84
Tr,82,80-84
Va26,82,80-84
W22,82,80-84
W23,82,80-84
W24,82,80-84
W606S,82,80-84
W810G,82,80-84
W812G,82,80-84
W813G,82,80-84
Wf9,82,80-84
WIL903,82,80-84
WU-TAN-TZAO,82,80-84
YING-55,82,80-84
6M502,84,80-84
6M502A,84,80-84
87916W,84,80-84
A,84,80-84
AusTRCF 306238,84,80-84
B108,84,80-84
B110,84,80-84
B14,84,80-84
B46,84,80-84
B47,84,80-84
B65,84,80-84
B66,84,80-84
B84,84,80-84
B97,84,80-84
B98,84,80-84
DE2,84,80-84
DE3,84,80-84
E8501,84,80-84
F2834T,84,80-84
FR19,84,80-84
H110,84,80-84
H84,84,80-84
HP301,84,80-84
IDS28,84,80-84
IDS91,84,80-84
INBRED 141,84,80-84
INBRED 305,84,80-84
K41,84,80-84
LH191,84,80-84
LH192,84,80-84
LH194,84,80-84
LH205,84,80-84
LH216,84,80-84
MBPM,84,80-84
Mo1W,84,80-84
MS24A,84,80-84
N217,84,80-84
N218,84,80-84
N28,84,80-84
N7A,84,80-84
NC294,84,80-84
NC326,84,80-84
NC342,84,80-84
NY6371,84,80-84
Os426,84,80-84
Pa762,84,80-84
Pa880,84,80-84
PHJ33,84,80-84
PHK29,84,80-84
PHP85,84,80-84
PHR03,84,80-84
PHR58,84,80-84
PHW53,84,80-84
PHW65,84,80-84
R226,84,80-84
R227,84,80-84
R229,84,80-84
R71,84,80-84
Va22,84,80-84
Va35,84,80-84
Va59,84,80-84
VaW6,84,80-84
W32,84,80-84
W610S,84,80-84
W803G,84,80-84
W809G,84,80-84
W815G,84,80-84
W817G,84,80-84
W819G,84,80-84
W820G,84,80-84
WXB6,84,80-84
YE 4,84,80-84
Yu796 NS,84,80-84
B105,85,>84
WIL901,85,>84
33-16,86,>84
4F-234 BX 4,86,>84
A619,86,>84
B104,86,>84
B2,86,>84
B57,86,>84
B68,86,>84
B77,86,>84
B79,86,>84
DE811,86,>84
F118,86,>84
H113,86,>84
H122w,86,>84
H96,86,>84
HUOBAI,86,>84
IDS69,86,>84
INBRED 109,86,>84
J47,86,>84
K47,86,>84
K55,86,>84
LH211,86,>84
LH65,86,>84
M14,86,>84
Mo5,86,>84
N200,86,>84
N209,86,>84
NC250,86,>84
NC290A,86,>84
NC368,86,>84
NC412,86,>84
Pa91,86,>84
PHEG9,86,>84
PHN34,86,>84
PHV63,86,>84
PHV78,86,>84
Va17,86,>84
WIL900,86,>84
4F-35 BK,87,>84
R177,87,>84