"Plot","278","375.5","512.5","654.5","835","1027","1144.5","1340","1492.5","Weeds"
"YC20:1008",0.0013423,0.0038862,0.036993,0.05015,0.11782,0.38104,0.4761,0.25166,0.31412,"No"
"YC20:1009",0.026349,0.060741,0.1772,0.19976,0.4143,0.43484,0.71115,0.67349,0.71584,"No"
"YC20:1010",0.033017,0.068237,0.18071,0.25844,0.45995,0.44444,0.61489,0.6655,0.71472,"No"
"YC20:1011",0.00096293,0.0044121,0.03947,0.043418,0.26542,0.44688,0.42455,0.22914,0.28831,"No"
"YC20:1012",0.0032579,0.019857,0.1201,0.11005,0.41092,0.48449,0.62425,0.34296,0.3923,"No"
"YC20:1013",0.0048789,0.023638,0.095903,0.09335,0.32069,0.51042,0.51024,0.4542,0.49586,"No"
"YC20:1014",0.0038716,0.019738,0.097474,0.090339,0.34077,0.43048,0.55078,0.51045,0.58701,"No"
"YC20:1015",0.01477,0.033982,0.12587,0.15885,0.38265,0.44947,0.50114,0.61121,0.6468,"No"
"YC20:1016",0.023373,0.050787,0.17723,0.17909,0.4017,0.41601,0.58501,0.55321,0.55823,"No"
"YC20:1017",0.028567,0.067135,0.20898,0.13994,0.30676,0.32126,0.56054,0.62812,0.6597,"No"
"YC20:1018",0.006662,0.013992,0.10493,0.076311,0.24103,0.37033,0.42851,0.58688,0.62617,"No"
"YC20:1021",0.017479,0.042481,0.16675,0.17408,0.30968,0.38786,0.47887,0.6222,0.67373,"No"
"YC20:1022",0.0074116,0.018554,0.10901,0.12313,0.3271,0.44607,0.48833,0.63195,0.66981,"No"
"YC20:1023",0.015669,0.029355,0.12861,0.1731,0.40555,0.52044,0.5091,0.63856,0.68015,"No"
"YC20:1024",0.015165,0.024688,0.13607,0.16919,0.39723,0.53907,0.44634,0.63156,0.67336,"No"
"YC20:1025",0.025748,0.049991,0.1367,0.15486,0.32644,0.37943,0.25088,0.55639,0.58037,"No"
"YC20:1026",0.043945,0.08509,0.20648,0.22193,0.44625,0.48493,0.32664,0.60752,0.6632,"No"
"YC20:1027",0.026889,0.052363,0.20754,0.29343,0.61312,0.60169,0.45221,0.75245,0.76617,"No"
"YC20:1028",0.02829,0.055097,0.2576,0.22439,0.54648,0.58775,0.39119,0.61041,0.64058,"No"
"YC20:1029",0.0024106,0.0083016,0.080335,0.081402,0.40324,0.51077,0.24267,0.5056,0.58825,"No"
"YC20:1030",0.031952,0.063101,0.27046,0.30584,0.63441,0.64695,0.59003,0.67654,0.74017,"No"
"YC20:1031",0.0046768,0.013356,0.18259,0.2548,0.60485,0.54238,0.41872,0.54735,0.62787,"No"
"YC20:1032",0.0419,0.11257,0.49248,0.59917,0.82896,0.66997,0.56745,0.58511,0.6626,"No"
"YC20:1033",0.020759,0.043709,0.26274,0.3457,0.63204,0.49422,0.4813,0.67872,0.75361,"No"
"YC20:1034",0.033863,0.06027,0.35689,0.39805,0.73508,0.60547,0.67637,0.64356,0.66923,"No"
"YC20:1035",0.030081,0.073545,0.32275,0.38352,0.74892,0.70093,0.65531,0.75206,0.80297,"No"
"YC20:1036",0.03077,0.066094,0.32501,0.38176,0.80656,0.63185,0.65387,0.75016,0.7765,"No"
"YC20:1037",0.027429,0.052682,0.22926,0.26538,0.69741,0.53792,0.54532,0.74713,0.75055,"No"
"YC20:1038",0.0044852,0.014975,0.21076,0.22932,0.74695,0.56239,0.53107,0.58683,0.67294,"No"
"YC20:1046",0.0003068,0.00013149,0.0098931,0.00809,0.35314,0.12711,0.2559,0.1934,0.14701,"No"
"YC20:1047",0.023796,0.032127,0.12065,0.14869,0.60357,0.29901,0.65798,0.65912,0.67821,"No"
"YC20:1048",0.06031,0.090355,0.24093,0.25781,0.62099,0.1811,0.66944,0.58266,0.61404,"No"
"YC20:1049",0.01434,0.020234,0.082233,0.095725,0.39903,0.14202,0.56466,0.44191,0.48324,"No"
"YC20:1050",0.0098627,0.018033,0.06456,0.075036,0.41636,0.19123,0.58542,0.57211,0.61579,"No"
"YC20:1051",0.020295,0.039826,0.15519,0.19211,0.5471,0.3059,0.64387,0.60438,0.65025,"No"
"YC20:1060",0.033907,0.059118,0.31746,0.41085,0.75103,0.65919,0.50732,0.6946,0.6967,"No"
"YC20:1061",0.0095401,0.023784,0.33192,0.35772,0.79333,0.69767,0.51548,0.61381,0.67168,"No"
"YC20:1062",0.012871,0.023025,0.18297,0.21258,0.6485,0.56924,0.39476,0.43201,0.47477,"No"
"YC20:1063",0.03023,0.058184,0.34693,0.29546,0.80089,0.70325,0.59797,0.71048,0.70036,"No"
"YC20:1064",0.0085204,0.024073,0.18998,0.25541,0.66155,0.55836,0.37246,0.60608,0.60324,"No"
"YC20:1066",0.01667,0.044559,0.26828,0.3164,0.65828,0.60254,0.41301,0.6616,0.68318,"No"
"YC20:1067",0.016319,0.045509,0.25785,0.29172,0.73097,0.62071,0.34786,0.66254,0.73792,"No"
"YC20:1068",0.017128,0.038423,0.1373,0.20295,0.46424,0.62063,0.411,0.62481,0.68127,"No"
"YC20:1069",0.030595,0.063435,0.21145,0.21739,0.47492,0.48607,0.33484,0.53369,0.5564,"No"
"YC20:1070",0.03892,0.073866,0.2122,0.27638,0.46218,0.46628,0.267,0.62944,0.6734,"No"
"YC20:1071",0.013423,0.021374,0.085568,0.13633,0.29918,0.40259,0.37811,0.65367,0.69676,"No"
"YC20:1072",0.037569,0.073591,0.17351,0.24529,0.38784,0.42555,0.44966,0.62076,0.66466,"No"
"YC20:1073",0.023563,0.054143,0.16834,0.22425,0.39277,0.4562,0.41355,0.60647,0.61688,"No"
"YC20:1074",0.060981,0.11426,0.24827,0.30328,0.49967,0.58278,0.60818,0.7175,0.73346,"No"
"YC20:1075",0.026933,0.059395,0.13624,0.21145,0.36903,0.44354,0.53933,0.64374,0.70036,"No"
"YC20:1076",0.031777,0.070556,0.18052,0.23423,0.35696,0.41252,0.59725,0.64387,0.68311,"No"
"YC20:1080",0.012681,0.031031,0.12303,0.12259,0.35969,0.40118,0.58921,0.64594,0.71151,"No"
"YC20:1081",0.010884,0.023723,0.10107,0.088004,0.30707,0.32967,0.51757,0.51586,0.55118,"No"
"YC20:1082",0.017444,0.036626,0.12992,0.12893,0.31245,0.44107,0.59824,0.61491,0.66829,"No"
"YC20:1083",0.023504,0.051587,0.14768,0.14378,0.2486,0.33047,0.50476,0.61032,0.65385,"No"
"YC20:1084",0.03112,0.063786,0.17921,0.18978,0.41887,0.44348,0.60483,0.66937,0.71179,"No"
"YC20:1085",0.0014317,0.0087658,0.051097,0.05592,0.14142,0.25872,0.43611,0.43969,0.49382,"No"
"YC20:1086",0.038721,0.087014,0.18157,0.25661,0.43909,0.52778,0.70165,0.69721,0.73167,"No"
"YC20:1087",0.010985,0.039651,0.11515,0.13406,0.1926,0.28255,0.50224,0.59246,0.66978,"No"
"YC20:1088",0.020074,0.050705,0.1368,0.19976,0.39054,0.44003,0.5823,0.70264,0.73546,"No"
"YC20:1089",0.015976,0.033354,0.11749,0.14521,0.36442,0.40662,0.53381,0.61592,0.65091,"No"
"YC20:1104",0.024117,0.06548,0.19633,0.2532,0.43326,0.51337,0.67338,0.619,0.65926,"No"
"YC20:1105",0.022338,0.047612,0.12052,0.17432,0.3177,0.36558,0.5312,0.60943,0.67592,"No"
"YC20:1106",0.017984,0.040498,0.12749,0.17877,0.38341,0.38516,0.61362,0.6912,0.7359,"No"
"YC20:1107",0.049474,0.10921,0.26579,0.31467,0.47073,0.49118,0.71188,0.69004,0.72001,"No"
"YC20:1108",0.023052,0.054582,0.21357,0.22742,0.3202,0.47939,0.7153,0.60448,0.63164,"No"
"YC20:1109",0.02591,0.052697,0.16045,0.19224,0.32271,0.44976,0.54223,0.5643,0.5945,"No"
"YC20:1110",0.02564,0.047811,0.1334,0.16185,0.21423,0.43821,0.58586,0.57313,0.60305,"No"
"YC20:1111",0.018442,0.036144,0.12256,0.19188,0.35295,0.55728,0.6598,0.68583,0.73063,"No"
"YC20:1112",0.0094547,0.014215,0.077,0.1027,0.27953,0.37337,0.59386,0.65702,0.70457,"No"
"YC20:1113",0.011395,0.027773,0.12456,0.23509,0.5079,0.60185,0.67114,0.82992,0.81656,"No"
"YC20:1114",0.0075094,0.025202,0.079903,0.088624,0.26802,0.54984,0.63298,0.68842,0.73742,"No"
"YC20:1115",0.0041727,0.0090603,0.061913,0.072548,0.20141,0.47651,0.50792,0.48923,0.52754,"No"
"YC20:1116",0.029067,0.060081,0.21737,0.22824,0.39681,0.58536,0.61468,0.5367,0.60587,"No"
"YC20:1117",0.042281,0.077983,0.19812,0.19678,0.34221,0.49928,0.59446,0.5697,0.63791,"No"
"YC20:1118",0.0076596,0.012243,0.043591,0.050514,0.21688,0.52861,0.54689,0.44038,0.53076,"No"
"YC20:1119",0.049665,0.10962,0.28275,0.26748,0.44342,0.48161,0.68015,0.66368,0.7015,"No"
"YC20:1120",0.028144,0.056159,0.19057,0.18669,0.39349,0.51347,0.5482,0.61726,0.63873,"No"
"YC20:1121",0.027414,0.059774,0.18508,0.23797,0.45931,0.46767,0.38075,0.64073,0.68685,"No"
"YC20:1122",0.014622,0.029588,0.10995,0.17868,0.47345,0.50508,0.45022,0.75682,0.80253,"No"
"YC20:1123",0.010578,0.026422,0.12079,0.15013,0.4151,0.56882,0.31856,0.65123,0.68312,"No"
"YC20:1124",0.015567,0.028932,0.13547,0.17452,0.37257,0.56595,0.31537,0.60123,0.64227,"No"
"YC20:1125",0.024775,0.050262,0.18219,0.20813,0.4367,0.67464,0.4031,0.65249,0.72161,"No"
"YC20:1126",0.020309,0.045155,0.19747,0.28663,0.47535,0.65,0.31645,0.74312,0.8365,"No"
"YC20:1129",0.0038663,0.010344,0.12479,0.16465,0.53363,0.75046,0.46598,0.58274,0.70587,"No"
"YC20:1130",0.018908,0.036509,0.18435,0.2751,0.58244,0.69611,0.53866,0.65739,0.67818,"No"
"YC20:1131",0.019036,0.039475,0.24821,0.42173,0.64144,0.66323,0.58081,0.68905,0.73677,"No"
"YC20:1132",0.015203,0.042938,0.38232,0.56036,0.75238,0.82674,0.57852,0.66056,0.72537,"No"
"YC20:1142",0.035278,0.066165,0.1689,0.24644,0.66444,0.33389,0.54833,0.71685,0.72746,"No"
"YC20:1143",0.018018,0.026364,0.090174,0.10556,0.48696,0.30313,0.52719,0.59851,0.65789,"No"
"YC20:1144",0.028306,0.047847,0.13281,0.15325,0.44824,0.37228,0.5487,0.56806,0.62853,"No"
"YC20:1145",0.0096726,0.019521,0.069718,0.088148,0.36637,0.27956,0.57491,0.46258,0.51979,"No"
"YC20:1146",0.02751,0.039534,0.098008,0.14344,0.53374,0.42958,0.65426,0.52309,0.5606,"No"
"YC20:1147",0.0012547,0.0034724,0.026773,0.022219,0.49838,0.3456,0.52534,0.28103,0.30436,"No"
"YC20:1156",0.019404,0.04304,0.27469,0.35759,0.78699,0.806,0.64342,0.64661,0.76171,"No"
"YC20:1157",0.030084,0.065743,0.35203,0.41631,0.78016,0.78767,0.59829,0.62592,0.68884,"No"
"YC20:1158",0.022322,0.048431,0.29421,0.3765,0.71838,0.83341,0.52364,0.66206,0.71843,"No"
"YC20:1159",0.022322,0.042879,0.26095,0.30081,0.73053,0.81325,0.55249,0.70357,0.73637,"No"
"YC20:1160",0.011527,0.029263,0.19157,0.29475,0.67715,0.75746,0.45149,0.67088,0.78795,"No"
"YC20:1163",0.021374,0.054901,0.28802,0.32211,0.5594,0.70424,0.46352,0.79414,0.81831,"No"
"YC20:1164",0.025728,0.051064,0.18119,0.22337,0.44051,0.59594,0.41388,0.74417,0.78771,"No"
"YC20:1165",0.039417,0.072994,0.19442,0.23168,0.54112,0.64365,0.39594,0.65499,0.70194,"No"
"YC20:1166",0.021023,0.038,0.15268,0.20912,0.5117,0.69937,0.40029,0.67331,0.70333,"No"
"YC20:1167",0.018361,0.037591,0.12195,0.17939,0.43641,0.5807,0.3773,0.67517,0.70286,"No"
"YC20:1168",0.01033,0.025844,0.086231,0.11428,0.25749,0.45255,0.32144,0.51464,0.54675,"No"
"YC20:1169",0.002995,0.014853,0.10072,0.12379,0.33523,0.65024,0.55678,0.56797,0.60986,"No"
"YC20:1170",0.035876,0.1056,0.28962,0.33815,0.5303,0.68295,0.73052,0.82561,0.85131,"No"
"YC20:1171",0.015092,0.034844,0.11451,0.14744,0.32632,0.59822,0.5662,0.63225,0.65429,"No"
"YC20:1172",0.025991,0.055222,0.17993,0.21374,0.32488,0.5404,0.74638,0.64533,0.67532,"No"
"YC20:1173",0.014103,0.039655,0.1775,0.16916,0.29988,0.59949,0.80452,0.64218,0.67974,"No"
"YC20:1174",0.014668,0.025386,0.1047,0.12385,0.25761,0.4934,0.66094,0.59561,0.56855,"No"
"YC20:1175",0.0094688,0.022177,0.10022,0.11375,0.30164,0.66328,0.66282,0.65708,0.67254,"No"
"YC20:1176",0.025377,0.05032,0.16522,0.15466,0.26237,0.60476,0.57799,0.67089,0.68394,"No"
"YC20:1177",0.034224,0.066459,0.20969,0.18794,0.34503,0.52062,0.51973,0.64774,0.68411,"No"
"YC20:1178",0.0085174,0.018894,0.1136,0.12848,0.28632,0.48217,0.55507,0.61825,0.64283,"No"
"YC20:1179",0.039538,0.088385,0.29649,0.2687,0.44295,0.58173,0.7724,0.71785,0.78024,"No"
"YC20:1180",0.04767,0.096964,0.26994,0.27005,0.3674,0.46496,0.67892,0.73667,0.77534,"No"
"YC20:1181",0.020936,0.053267,0.30801,0.35685,0.54225,0.62256,0.74208,0.67323,0.70133,"No"
"YC20:1182",0.01252,0.050539,0.20637,0.22848,0.29232,0.36462,0.72476,0.67167,0.73608,"No"
"YC20:1183",0.022086,0.052129,0.23819,0.24392,0.43989,0.40775,0.68131,0.63174,0.68956,"No"
"YC20:1184",0.0035016,0.010682,0.059897,0.052182,0.22184,0.28049,0.62936,0.35707,0.44559,"No"
"YC20:1192",0.052596,0.10483,0.22722,0.24961,0.57401,0.3797,0.57848,0.59325,0.62129,"No"
"YC20:1193",0.038926,0.063049,0.18695,0.20945,0.34055,0.34437,0.68382,0.58933,0.62073,"No"
"YC20:1205",0.020194,0.063874,0.21764,0.26987,0.401,0.43722,0.64412,0.69042,0.71464,"No"
"YC20:1207",0.01439,0.037225,0.16237,0.2421,0.43847,0.44367,0.58166,0.5936,0.66368,"No"
"YC20:1208",0.034169,0.086751,0.25608,0.26415,0.41427,0.50053,0.58068,0.67125,0.69269,"No"
"YC20:1209",0.0075867,0.017721,0.092651,0.093438,0.33514,0.44438,0.555,0.61045,0.63796,"No"
"YC20:1210",0.024686,0.059162,0.19253,0.14233,0.33531,0.33269,0.48588,0.64486,0.6711,"No"
"YC20:1213",0.0094524,0.025012,0.10613,0.14228,0.36974,0.51385,0.70261,0.60466,0.67992,"No"
"YC20:1214",0.0093648,0.018744,0.079698,0.11643,0.33591,0.63894,0.54428,0.55838,0.6024,"No"
"YC20:1215",0.015358,0.06119,0.2254,0.28369,0.54134,0.75844,0.67902,0.56065,0.62709,"No"
"YC20:1216",0.0056978,0.017894,0.12459,0.10875,0.41391,0.69332,0.52335,0.53013,0.6024,"No"
"YC20:1217",0.021637,0.045345,0.14855,0.1974,0.40782,0.55604,0.308,0.65237,0.68929,"No"
"YC20:1218",0.0047709,0.0084005,0.048189,0.074221,0.26968,0.60677,0.32019,0.6417,0.66501,"No"
"YC20:1219",0.01192,0.026174,0.11757,0.16498,0.38369,0.71243,0.36162,0.56369,0.60998,"No"
"YC20:1220",0.013412,0.029703,0.15546,0.19211,0.4196,0.67467,0.35629,0.49554,0.53263,"No"
"YC20:1221",0.015503,0.03042,0.16009,0.19457,0.43606,0.6593,0.51236,0.68929,0.73083,"No"
"YC20:1222",0.033484,0.070192,0.22409,0.17857,0.40683,0.58255,0.30855,0.66184,0.69297,"No"
"YC20:1223",0.013627,0.033245,0.2184,0.24965,0.43018,0.72179,0.44607,0.69876,0.78348,"No"
"YC20:1225",0.013291,0.040746,0.2437,0.30784,0.51112,0.77466,0.43302,0.67006,0.69621,"No"
"YC20:1227",0.022619,0.056872,0.23106,0.22449,0.4172,0.69313,0.44367,0.61702,0.66954,"No"
"YC20:1228",0.02384,0.044253,0.21023,0.16166,0.33681,0.61218,0.42221,0.57441,0.64239,"No"
"YC20:1229",0.023858,0.042587,0.175,0.16393,0.40297,0.57397,0.31777,0.56764,0.65997,"No"
"YC20:1230",0.017865,0.039125,0.25645,0.2502,0.64906,0.6461,0.39125,0.7241,0.78513,"No"
"YC20:1231",0.01777,0.037833,0.24902,0.2408,0.65769,0.64312,0.64549,0.72563,0.78071,"No"
"YC20:1237",0.013904,0.024934,0.1133,0.15912,0.65948,0.42691,0.5905,0.58167,0.63106,"No"
"YC20:1238",0.028158,0.035516,0.1014,0.14156,0.47059,0.35978,0.68181,0.62591,0.67147,"No"
"YC20:1239",0.015076,0.024263,0.097415,0.10109,0.34151,0.34437,0.66882,0.61963,0.68512,"No"
"YC20:1240",0.048254,0.061686,0.18607,0.24023,0.60247,0.39633,0.73997,0.68673,0.70925,"No"
"YC20:1241",0.00026547,0.00016071,0.0054345,4.371e-05,0.44447,0.19341,0.11466,0.12982,0.15248,"No"
"YC20:1242",0.026043,0.047174,0.14373,0.21055,0.59766,0.34935,0.67796,0.60259,0.6611,"No"
"YC20:1243",0.012737,0.024813,0.10671,0.17994,0.55201,0.39303,0.58569,0.63221,0.64545,"No"
"YC20:1244",0.014094,0.024793,0.083297,0.096031,0.48161,0.36502,0.59952,0.53213,0.55175,"No"
"YC20:1245",0.0024828,0.011366,0.075094,0.084847,0.55657,0.35677,0.60958,0.18805,0.26492,"No"
"YC20:1246",0.013423,0.02076,0.12959,0.14331,0.58814,0.44699,0.65056,0.55035,0.63047,"No"
"YC20:1247",0.0014025,0.0075283,0.13671,0.073992,0.5075,0.59618,0.71335,0.23476,0.34902,"No"
"YC20:1248",0.047709,0.1055,0.35549,0.32763,0.59178,0.58587,0.74538,0.61208,0.69469,"No"
"YC20:1249",0.0051648,0.011176,0.15742,0.074684,0.35192,0.63232,0.64878,0.21006,0.32002,"No"
"YC20:1250",0.005194,0.0085466,0.1345,0.083865,0.34841,0.55792,0.54729,0.44858,0.52467,"No"
"YC20:1251",0.031338,0.054231,0.25121,0.23713,0.53864,0.59983,0.46719,0.71222,0.74475,"No"
"YC20:1252",0.035555,0.065216,0.24166,0.2413,0.42684,0.59774,0.44175,0.67412,0.6721,"No"
"YC20:1253",0.040749,0.067657,0.23354,0.27588,0.51203,0.67728,0.47392,0.65379,0.67527,"No"
"YC20:1254",0.0062153,0.011981,0.076385,0.094217,0.28792,0.60818,0.37066,0.53602,0.55291,"No"
"YC20:1255",0.022483,0.046093,0.42376,0.42801,0.64553,0.77394,0.46876,0.57238,0.62577,"No"
"YC20:1256",0.023945,0.060927,0.28581,0.38364,0.5231,0.72195,0.5189,0.64264,0.70594,"No"
"YC20:1257",0.021421,0.06212,0.33631,0.38619,0.56787,0.78654,0.55014,0.62492,0.59847,"No"
"YC20:1258",0.0137,0.030843,0.18564,0.22268,0.32245,0.56964,0.28709,0.63844,0.67772,"No"
"YC20:1259",0.055397,0.13274,0.32928,0.292,0.45539,0.63598,0.38776,0.70708,0.7004,"No"
"YC20:1260",0.022879,0.049416,0.17382,0.20426,0.35242,0.62509,0.36159,0.61738,0.65222,"No"
"YC20:1261",0.0084736,0.021272,0.12913,0.12038,0.28628,0.64847,0.29324,0.48943,0.57947,"No"
"YC20:1262",0.031208,0.054901,0.18979,0.20926,0.36587,0.66929,0.37578,0.62465,0.62502,"No"
"YC20:1263",0.017989,0.039217,0.12718,0.1561,0.32291,0.61993,0.38513,0.51025,0.53129,"No"
"YC20:1264",0.00016049,0.00070031,0.020441,0.022299,0.14851,0.55624,0.26037,0.23658,0.22208,"No"
"YC20:1265",0.026663,0.062911,0.24007,0.22863,0.54301,0.74602,0.57817,0.66479,0.65798,"No"
"YC20:1266",0.027787,0.085044,0.26576,0.25561,0.51233,0.55281,0.51343,0.61257,0.64908,"No"
"YC20:1267",0.03754,0.098481,0.20626,0.22515,0.4478,0.46102,0.49969,0.70955,0.71391,"No"
"YC20:1268",0.012927,0.027794,0.089154,0.089164,0.27864,0.30791,0.37232,0.51102,0.54511,"No"
"YC20:1272",0.018033,0.043887,0.15944,0.15303,0.41425,0.45343,0.58904,0.58662,0.59928,"No"
"YC20:1273",0.00057738,0.0029804,0.034036,0.017203,0.078151,0.23565,0.39182,0.21048,0.20721,"No"
"YC20:1287",0.015048,0.045797,0.21948,0.20765,0.57092,0.28879,0.66576,0.55366,0.60803,"No"
"YC20:1288",0.0074992,0.012184,0.067663,0.082281,0.32136,0.26968,0.68708,0.44277,0.56786,"No"
"YC20:1289",0.030215,0.065796,0.15963,0.19836,0.39743,0.363,0.67217,0.68341,0.71828,"No"
"YC20:1303",0.0016632,0.0039592,0.013769,0.021811,0.052622,0.33463,0.39042,0.2291,0.31324,"No"
"YC20:1304",0.0054348,0.012905,0.078908,0.080929,0.2273,0.4048,0.52875,0.41672,0.40855,"No"
"YC20:1305",0.0047481,0.0099357,0.047627,0.073566,0.19034,0.38926,0.54973,0.46485,0.55819,"No"
"YC20:1306",0.018646,0.039373,0.12679,0.14963,0.29874,0.37929,0.47956,0.601,0.66312,"No"
"YC20:1309",0.021826,0.039446,0.1285,0.16925,0.41986,0.44825,0.66407,0.57328,0.63848,"No"
"YC20:1310",0.0014298,0.0031952,0.035706,0.053676,0.23597,0.46576,0.46247,0.46511,0.54318,"No"
"YC20:1311",0.015293,0.038619,0.16307,0.21073,0.47031,0.62181,0.60535,0.50953,0.59385,"No"
"YC20:1312",0.001459,0.01122,0.086447,0.050986,0.25555,0.69848,0.55546,0.37973,0.50347,"No"
"YC20:1313",0.0027758,0.0080536,0.030447,0.045044,0.15639,0.46742,0.28196,0.35469,0.39559,"No"
"YC20:1314",0,1.461e-05,0.0026517,0.0027829,0.019354,0.23553,0.076664,0.13597,0.19182,"No"
"YC20:1315",0.0019842,0.0091748,0.037095,0.058513,0.18051,0.60246,0.35894,0.54498,0.58618,"No"
"YC20:1316",0.024919,0.059884,0.19674,0.23641,0.44715,0.72667,0.57822,0.77483,0.81755,"No"
"YC20:1317",0.010609,0.026721,0.10436,0.16192,0.34401,0.50758,0.32982,0.67141,0.73973,"No"
"YC20:1318",0.028085,0.052726,0.15992,0.1835,0.40871,0.52079,0.37916,0.68842,0.72899,"No"
"YC20:1319",0.025124,0.060206,0.20541,0.22745,0.55766,0.63178,0.64139,0.74964,0.76771,"No"
"YC20:1320",0.0024803,0.012404,0.20152,0.24826,0.61518,0.74214,0.53652,0.35531,0.41634,"No"
"YC20:1321",0.027481,0.058739,0.2203,0.26308,0.51826,0.66066,0.38393,0.66147,0.66536,"No"
"YC20:1322",0.027721,0.052288,0.24947,0.29206,0.59124,0.76993,0.51884,0.69195,0.7067,"No"
"YC20:1323",0.014225,0.026122,0.10388,0.16862,0.35981,0.65308,0.5137,0.71317,0.79279,"No"
"YC20:1324",0.014021,0.024559,0.19553,0.22825,0.48694,0.64059,0.49318,0.63265,0.68092,"No"
"YC20:1325",0.029351,0.046614,0.19678,0.22023,0.5408,0.65194,0.51194,0.63529,0.66047,"No"
"YC20:1326",0.0038829,0.0064721,0.079407,0.075298,0.40101,0.66548,0.50897,0.47086,0.56264,"No"
"YC20:1327",0.0046396,0.0068079,0.053811,0.049372,0.17903,0.43051,0.24703,0.38017,0.45975,"No"
"YC20:1328",0.035993,0.05728,0.1793,0.19566,0.58749,0.66185,0.66086,0.64757,0.71194,"No"
"YC20:1329",0.0027612,0.0047709,0.069703,0.046158,0.32406,0.63232,0.54396,0.18281,0.2398,"No"
"YC20:1330",0.011482,0.028401,0.11735,0.080407,0.39997,0.65169,0.48454,0.46669,0.53126,"No"
"YC20:1331",0.00067204,0.0015301,0.014847,0.011546,0.28426,0.55572,0.38817,0.27158,0.32559,"No"
"YC20:1332",0.0088893,0.024219,0.12511,0.11278,0.48308,0.63191,0.50732,0.42962,0.55441,"No"
"YC20:1333",0.016012,0.040414,0.13717,0.13729,0.45933,0.45644,0.49404,0.56828,0.61838,"No"
"YC20:1334",0.00036475,0,0.012865,0.014759,0.43143,0.31652,0.29063,0.25826,0.31384,"No"
"YC20:1335",0.017293,0.029063,0.10378,0.12673,0.41102,0.36365,0.3839,0.53058,0.58406,"No"
"YC20:1336",0.056145,0.091303,0.23528,0.2344,0.48329,0.37948,0.38202,0.58837,0.6223,"No"
"YC20:1337",0.0065071,0.014274,0.079596,0.10229,0.43521,0.40498,0.43678,0.45899,0.45369,"No"
"YC20:1338",0.0065597,0.014911,0.097954,0.16853,0.41654,0.37989,0.48661,0.37687,0.40914,"No"
"YC20:1339",0.012795,0.018996,0.09253,0.1158,0.59211,0.60184,0.678,0.63932,0.70163,"No"
"YC20:1343",0.017887,0.038745,0.15731,0.1559,0.41116,0.64375,0.68145,0.66583,0.69195,"No"
"YC20:1344",0.0018212,0.0038809,0.051462,0.067678,0.25174,0.47356,0.56584,0.35432,0.35947,"No"
"YC20:1345",0.015071,0.024876,0.11751,0.11217,0.35226,0.66321,0.70584,0.51312,0.569,"No"
"YC20:1346",0.015159,0.031453,0.151,0.14747,0.3672,0.65998,0.64536,0.76147,0.79347,"No"
"YC20:1351",0.019477,0.050184,0.33008,0.41523,0.65624,0.78073,0.63607,0.73928,0.77508,"No"
"YC20:1352",0.022935,0.050272,0.23429,0.37334,0.49355,0.66931,0.63106,0.70033,0.73775,"No"
"YC20:1353",0.052426,0.097132,0.46356,0.45799,0.75916,0.79782,0.70892,0.55639,0.67261,"No"
"YC20:1354",0.010665,0.021462,0.12129,0.14021,0.33959,0.51569,0.57775,0.58234,0.65245,"No"
"YC20:1355",0.012886,0.021885,0.079042,0.078431,0.29129,0.54851,0.46519,0.35496,0.43707,"No"
"YC20:1356",0.00062736,0.0048212,0.022423,0.034691,0.19505,0.45072,0.33605,0.28216,0.32284,"No"
"YC20:1357",0.026553,0.068835,0.18862,0.23334,0.45531,0.66785,0.67605,0.64181,0.68702,"No"
"YC20:1358",0.011089,0.023507,0.076886,0.10674,0.3025,0.58531,0.36014,0.48199,0.53833,"No"
"YC20:1359",0.0043592,0.010986,0.033671,0.044133,0.21804,0.43676,0.33717,0.4263,0.51406,"No"
"YC20:1360",0.010329,0.027064,0.086954,0.11729,0.29257,0.47472,0.47931,0.52109,0.60318,"No"
"YC20:1361",0.0088827,0.022849,0.086735,0.079802,0.22392,0.54031,0.45007,0.53691,0.63254,"No"
"YC20:1362",0.0086292,0.029019,0.13253,0.14907,0.3528,0.52242,0.54067,0.51831,0.59643,"No"
"YC20:1363",0.014259,0.03023,0.099536,0.12507,0.41425,0.55559,0.48368,0.54792,0.58816,"No"
"YC20:1364",0.00027758,0.00011672,0.0048227,0.0075618,0.11281,0.26347,0.51257,0.091666,0.12893,"No"
"YC20:1367",0.0065013,0.014386,0.089227,0.11185,0.31478,0.49528,0.72636,0.58235,0.6605,"No"
"YC20:1368",0.025158,0.055412,0.17372,0.213,0.38464,0.49104,0.73871,0.73701,0.75303,"No"
"YC20:1369",0.036367,0.074233,0.20308,0.26342,0.40239,0.47627,0.71638,0.64977,0.68349,"No"
"YC20:1384",0.00040907,0.0049819,0.019597,0.030545,0.057831,0.13588,0.67221,0.20233,0.18713,"No"
"YC20:1405",0.0026991,0.0072172,0.04355,0.056371,0.23878,0.27811,0.63394,0.44778,0.57897,"No"
"YC20:1406",0.01385,0.03201,0.1076,0.1243,0.35064,0.41082,0.64471,0.55435,0.64836,"No"
"YC20:1409",0.02632,0.053018,0.15618,0.19441,0.42654,0.51076,0.69594,0.57687,0.61183,"No"
"YC20:1410",0.014765,0.022324,0.07983,0.11509,0.35137,0.50428,0.54856,0.58131,0.62686,"No"
"YC20:1411",0.0028781,0.0048146,0.028897,0.03478,0.17645,0.38692,0.4262,0.33608,0.39815,"No"
"YC20:1414",0.0031849,0.0070857,0.053953,0.051421,0.25592,0.53441,0.53037,0.5299,0.59017,"No"
"YC20:1415",0.001707,0.0024861,0.019604,0.037393,0.13807,0.33967,0.5054,0.17715,0.27522,"No"
"YC20:1430",0.0097606,0.01637,0.099017,0.098123,0.39834,0.44513,0.64057,0.47205,0.62358,"No"
"YC20:1431",0.021522,0.048073,0.25588,0.3006,0.58384,0.45823,0.45132,0.58258,0.64959,"No"
"YC20:1432",0.0077285,0.020614,0.093132,0.10012,0.27498,0.37163,0.2809,0.428,0.47408,"No"
"YC20:1433",2.918e-05,0.0001459,0.0086779,0.0023863,0.12368,0.24276,0.27469,0.098843,0.059346,"No"
"YC20:1501",0.015028,0.028693,0.12255,0.12551,0.40452,0.4924,0.63202,0.58545,0.62195,"No"
"YC20:1502",0.0052815,0.008039,0.048678,0.048547,0.30333,0.47541,0.55077,0.41708,0.48718,"No"
"YC20:1503",0.0095701,0.021943,0.13116,0.18507,0.37587,0.45006,0.69886,0.636,0.69883,"No"
"YC20:1504",0.017035,0.041397,0.15478,0.19884,0.47495,0.48953,0.65482,0.66734,0.71696,"No"
"YC20:1505",0.0059753,0.022367,0.083218,0.12808,0.30005,0.3844,0.55018,0.56743,0.65241,"No"
"YC20:1506",0.0235,0.036831,0.15054,0.19024,0.36039,0.54064,0.70207,0.70207,0.75255,"No"
"YC20:2008",0.029807,0.058272,0.1824,0.22428,0.55379,0.50234,0.57435,0.68555,0.72286,"No"
"YC20:2009",0.028275,0.045991,0.1669,0.16959,0.47166,0.53906,0.68248,0.59671,0.64856,"No"
"YC20:2017",0.025911,0.046736,0.18406,0.18975,0.41963,0.52009,0.55746,0.6402,0.65069,"No"
"YC20:2018",0.019259,0.039782,0.13091,0.19874,0.46952,0.58943,0.59107,0.69167,0.70902,"No"
"YC20:2022",0.030084,0.052259,0.19869,0.24063,0.55642,0.62831,0.78501,0.65228,0.71335,"No"
"YC20:2023",0.0069286,0.013616,0.063729,0.093873,0.32725,0.42016,0.65466,0.54094,0.62298,"No"
"YC20:2024",0.032798,0.059534,0.18111,0.23485,0.46339,0.51968,0.73665,0.75346,0.75545,"No"
"YC20:2025",0.01851,0.049022,0.1532,0.20885,0.46276,0.41719,0.66148,0.59524,0.6439,"No"
"YC20:2026",0.035192,0.069571,0.19515,0.28924,0.59653,0.60582,0.71762,0.60486,0.65119,"No"
"YC20:2031",0.01385,0.025401,0.073187,0.11878,0.32727,0.45626,0.64248,0.58841,0.64318,"No"
"YC20:2032",0.056608,0.099594,0.19142,0.27945,0.42004,0.39744,0.69206,0.68109,0.71705,"No"
"YC20:2033",0.026451,0.058716,0.163,0.24598,0.50532,0.45376,0.67623,0.65516,0.6902,"No"
"YC20:2034",0.028474,0.048321,0.15927,0.19763,0.41911,0.43589,0.60098,0.6711,0.69786,"No"
"YC20:2035",0.0249,0.045626,0.13611,0.21232,0.49554,0.48661,0.70179,0.65695,0.71989,"No"
"YC20:2041",0.059293,0.10629,0.21333,0.23124,0.27714,0.34761,0.55537,0.71344,0.67411,"No"
"YC20:2042",0.02829,0.048007,0.12667,0.1792,0.39023,0.46293,0.61236,0.70167,0.72066,"No"
"YC20:2043",0.0049965,0.0081995,0.052889,0.086065,0.25321,0.32027,0.54501,0.53327,0.56598,"No"
"YC20:2044",0.041068,0.075868,0.19263,0.25428,0.41475,0.54139,0.66923,0.62442,0.61482,"No"
"YC20:2045",0.0009058,0.0049605,0.090299,0.10872,0.11232,0.22704,0.65698,0.080101,0.079452,"No"
"YC20:2056",0.014712,0.028479,0.093369,0.14451,0.22148,0.26137,0.52959,0.57519,0.60874,"No"
"YC20:2057",0.025396,0.061857,0.17308,0.25605,0.38665,0.3972,0.49016,0.62231,0.63994,"No"
"YC20:2058",0.024715,0.047957,0.12616,0.21663,0.36382,0.38752,0.57015,0.61079,0.6605,"No"
"YC20:2059",0.004865,0.011907,0.052132,0.099608,0.21005,0.20928,0.66579,0.37761,0.46797,"No"
"YC20:2068",0.021899,0.048558,0.178,0.19575,0.26661,0.31499,0.60821,0.55682,0.60543,"No"
"YC20:2069",0.039272,0.085218,0.18728,0.23029,0.42676,0.47288,0.67657,0.62279,0.64182,"No"
"YC20:2070",0.026714,0.054508,0.13776,0.25582,0.37076,0.43411,0.66197,0.78614,0.8091,"No"
"YC20:2071",0.041304,0.085057,0.19414,0.27416,0.44362,0.4624,0.66884,0.7724,0.78372,"No"
"YC20:2072",0.018617,0.03613,0.11023,0.16456,0.33373,0.41961,0.66083,0.5663,0.59996,"No"
"YC20:2073",0.028333,0.04838,0.13805,0.18947,0.30005,0.38225,0.65761,0.58075,0.63238,"No"
"YC20:2099",0.043697,0.073603,0.24187,0.36,0.56708,0.58404,0.68376,0.69547,0.70831,"No"
"YC20:2100",0.033517,0.079944,0.31932,0.35749,0.75831,0.63303,0.78098,0.67078,0.70934,"No"
"YC20:2101",0.0022322,0.0039247,0.12806,0.18199,0.63345,0.62983,0.73902,0.38588,0.46856,"No"
"YC20:2102",0.017741,0.031107,0.23946,0.2995,0.7566,0.63997,0.61058,0.62357,0.69675,"No"
"YC20:2103",0.030079,0.064385,0.31013,0.3389,0.657,0.45046,0.57312,0.60838,0.64497,"No"
"YC20:2104",0.025961,0.044983,0.22522,0.24105,0.6404,0.46892,0.57042,0.59953,0.62071,"No"
"YC20:2105",0.027364,0.045188,0.23551,0.24269,0.66693,0.64695,0.72165,0.698,0.7432,"No"
"YC20:2107",0.040717,0.071038,0.32001,0.38718,0.69571,0.69027,0.73453,0.71657,0.80278,"No"
"YC20:2108",0.0015048,0.0064633,0.19588,0.24701,0.63946,0.62908,0.62356,0.62817,0.73072,"No"
"YC20:2109",0.037802,0.088491,0.38283,0.39628,0.81442,0.76793,0.79455,0.69125,0.76979,"No"
"YC20:2110",0.027181,0.047519,0.25783,0.38504,0.58963,0.66111,0.61472,0.6752,0.76003,"No"
"YC20:2111",0.019562,0.040821,0.159,0.16119,0.49173,0.55077,0.49112,0.68859,0.75993,"No"
"YC20:2112",0.0419,0.067993,0.23923,0.27275,0.57544,0.54244,0.64039,0.6841,0.7404,"No"
"YC20:2113",0.032448,0.055224,0.27894,0.25032,0.52807,0.64288,0.60196,0.61417,0.65837,"No"
"YC20:2114",0.035366,0.05812,0.24043,0.26181,0.52364,0.71264,0.69383,0.6746,0.68812,"No"
"YC20:2124",0.011234,0.026429,0.13929,0.16211,0.4026,0.42517,0.54716,0.6116,0.71887,"No"
"YC20:2125",0.033878,0.070258,0.23379,0.27945,0.60884,0.63446,0.77941,0.66974,0.69457,"No"
"YC20:2126",0.020046,0.038795,0.1374,0.164,0.51318,0.45827,0.64717,0.56491,0.57552,"No"
"YC20:2127",0.020234,0.045564,0.14821,0.20595,0.43655,0.35848,0.59418,0.70288,0.73246,"No"
"YC20:2128",0.031514,0.063669,0.19962,0.21532,0.38395,0.38779,0.65004,0.64135,0.68533,"No"
"YC20:2131",0.012854,0.033265,0.13748,0.12766,0.3862,0.39971,0.7242,0.509,0.60146,"No"
"YC20:2132",0.022426,0.044236,0.14464,0.20478,0.4021,0.39452,0.64346,0.61739,0.70095,"No"
"YC20:2151",0.022089,0.055984,0.17587,0.22174,0.34455,0.42161,0.5297,0.61545,0.64451,"No"
"YC20:2152",0.0039592,0.0070272,0.021127,0.02106,0.04874,0.17844,0.35095,0.29023,0.29343,"No"
"YC20:2153",0.037833,0.081726,0.17252,0.28529,0.092144,0.34596,0.45649,0.7401,0.75822,"No"
"YC20:2154",0.020105,0.04157,0.13294,0.20343,0.16504,0.32945,0.59183,0.68643,0.69959,"No"
"YC20:2177",0.041803,0.082238,0.19139,0.21625,0.42201,0.49507,0.60471,0.65876,0.72483,"No"
"YC20:2178",0.0077139,0.019011,0.099047,0.13925,0.35417,0.52814,0.54479,0.66637,0.6995,"No"
"YC20:2179",0.014035,0.039241,0.15041,0.20014,0.44734,0.52729,0.66437,0.6579,0.69623,"No"
"YC20:2180",0.025392,0.048679,0.19754,0.22087,0.52162,0.60751,0.62806,0.67812,0.69629,"No"
"YC20:2181",0.038444,0.079535,0.2058,0.25223,0.48542,0.55121,0.6221,0.74035,0.76694,"No"
"YC20:2182",0.010957,0.02578,0.12465,0.13875,0.42198,0.46188,0.63853,0.60377,0.6708,"No"
"YC20:2207",0.0028158,0.0042222,0.04978,0.074205,0.37685,0.54848,0.6792,0.64275,0.68894,"No"
"YC20:2208",0.034698,0.059001,0.18836,0.19801,0.54868,0.60332,0.69535,0.70961,0.7365,"No"
"YC20:2209",0.022937,0.040458,0.18217,0.23716,0.6262,0.65225,0.65932,0.66284,0.69562,"No"
"YC20:2210",0.018354,0.030782,0.17093,0.17436,0.55398,0.6432,0.67059,0.66105,0.68148,"No"
"YC20:2220",0.021797,0.036699,0.13892,0.16521,0.43178,0.52154,0.61711,0.58322,0.64254,"No"
"YC20:2223",0.023125,0.036027,0.13478,0.17395,0.41547,0.44849,0.63603,0.55536,0.60466,"No"
"YC20:2224",0.020208,0.049766,0.15766,0.18374,0.42129,0.40759,0.72493,0.61482,0.67333,"No"
"YC20:2225",0.020572,0.046795,0.1946,0.22403,0.46352,0.41136,0.71245,0.69937,0.7334,"No"
"YC20:2242",0.01332,0.027028,0.1551,0.19225,0.24574,0.30774,0.47166,0.68962,0.71996,"No"
"YC20:2243",0.016224,0.038511,0.16349,0.23073,0.4165,0.47697,0.5879,0.69923,0.72496,"No"
"YC20:2244",0.029428,0.059384,0.18827,0.22184,0.34678,0.46646,0.53989,0.71926,0.78559,"No"
"YC20:2245",0.022848,0.041871,0.14623,0.20016,0.33322,0.47994,0.51134,0.73737,0.7984,"No"
"YC20:2246",0.032725,0.069673,0.16198,0.22057,0.17322,0.45301,0.453,0.76992,0.8002,"No"
"YC20:2247",0.017902,0.038313,0.13661,0.1788,0.099343,0.30266,0.35837,0.62376,0.68676,"No"
"YC20:2248",0.02119,0.058841,0.15508,0.23163,0.36847,0.46269,0.47945,0.64931,0.67068,"No"
"YC20:2249",0.045958,0.095795,0.17494,0.26707,0.1576,0.47142,0.54318,0.67304,0.69166,"No"
"YC20:2250",0.053369,0.10169,0.21777,0.28467,0.17213,0.46452,0.51911,0.69897,0.69533,"No"
"YC20:2251",0.0078639,0.014736,0.068838,0.095946,0.081864,0.3369,0.37073,0.62845,0.65145,"No"
"YC20:2252",0.0073633,0.029,0.11835,0.12664,0.060587,0.39427,0.5,0.74268,0.7335,"No"
"YC20:2253",0.016363,0.049361,0.1466,0.19643,0.21538,0.44754,0.58566,0.73578,0.77572,"No"
"YC20:2257",0.031922,0.052831,0.13251,0.23799,0.38941,0.39103,0.5633,0.70149,0.76581,"No"
"YC20:2258",0.022818,0.04892,0.14663,0.23758,0.46854,0.48465,0.65602,0.72551,0.78245,"No"
"YC20:2269",0.028436,0.065685,0.19828,0.24259,0.39372,0.45567,0.68211,0.68724,0.75893,"No"
"YC20:2270",0.015888,0.037116,0.13838,0.15898,0.30965,0.41869,0.64713,0.60339,0.66918,"No"
"YC20:2271",0.0027575,0.017093,0.10517,0.14082,0.17872,0.35765,0.54766,0.28057,0.33634,"No"
"YC20:2274",0.0014298,0.0041289,0.027843,0.039441,0.10543,0.36682,0.44741,0.3999,0.43738,"No"
"YC20:2299",0.047993,0.088026,0.31721,0.38866,0.67206,0.59969,0.69695,0.70236,0.78022,"No"
"YC20:2300",0.0045374,0.015772,0.25503,0.35702,0.73958,0.68115,0.71332,0.29757,0.4391,"No"
"YC20:2301",0.04056,0.07737,0.31143,0.31443,0.70329,0.64986,0.70222,0.60559,0.71611,"No"
"YC20:2302",0.024529,0.052522,0.25203,0.42571,0.68989,0.59473,0.59698,0.70017,0.77667,"No"
"YC20:2303",0.016545,0.028133,0.10869,0.15439,0.44389,0.53438,0.47315,0.62899,0.73189,"No"
"YC20:2304",0.047154,0.082018,0.24864,0.26728,0.55475,0.64939,0.53964,0.71483,0.7392,"No"
"YC20:2305",0.034358,0.05559,0.22696,0.2195,0.5448,0.68287,0.56296,0.71147,0.7334,"No"
"YC20:2306",0.020411,0.030376,0.26308,0.16993,0.46489,0.63585,0.47372,0.62687,0.67502,"No"
"YC20:2307",0.013525,0.018877,0.31049,0.19652,0.65942,0.77385,0.59778,0.61791,0.64995,"No"
"YC20:2309",0.027554,0.074626,0.47056,0.48722,0.74329,0.7219,0.72689,0.57158,0.61685,"No"
"YC20:2310",0.0090457,0.027086,0.21768,0.36257,0.4683,0.59979,0.71783,0.62449,0.64312,"No"
"YC20:2311",0.015553,0.033907,0.20612,0.24043,0.4876,0.71845,0.81481,0.73496,0.78253,"No"
"YC20:2312",0.012068,0.033953,0.16195,0.19133,0.51771,0.69309,0.69402,0.71899,0.79558,"No"
"YC20:2316",0.024263,0.045494,0.21819,0.23675,0.38274,0.77312,0.58595,0.65134,0.67705,"No"
"YC20:2317",0.0011396,0.0076847,0.11954,0.10559,0.38528,0.81913,0.74537,0.33694,0.42336,"No"
"YC20:2318",0.015575,0.033746,0.15366,0.18424,0.43204,0.64669,0.69339,0.61846,0.67998,"No"
"YC20:2319",0.01869,0.037108,0.11369,0.13001,0.27962,0.54792,0.61015,0.70521,0.7597,"No"
"YC20:2320",0.00013149,0.0043391,0.024449,0.010316,0.068523,0.21145,0.20107,0.15388,0.17825,"No"
"YC20:2321",0.010161,0.028793,0.11946,0.1462,0.39256,0.4244,0.59107,0.47549,0.54642,"No"
"YC20:2322",0.033529,0.071543,0.17494,0.22806,0.40675,0.43535,0.61373,0.58064,0.65086,"No"
"YC20:2323",0.0018383,0.0040268,0.027581,0.025119,0.11675,0.29845,0.517,0.32388,0.38815,"No"
"YC20:2324",0.014313,0.026043,0.084215,0.10377,0.2762,0.39851,0.63272,0.59574,0.65436,"No"
"YC20:2329",0.023986,0.043852,0.11061,0.18689,0.39835,0.46,0.66986,0.61088,0.64832,"No"
"YC20:2330",0.019434,0.028094,0.070636,0.077032,0.27892,0.33886,0.62803,0.55936,0.6101,"No"
"YC20:2331",0.020659,0.039538,0.11993,0.16031,0.4207,0.47167,0.73075,0.66837,0.73729,"No"
"YC20:2332",0.010943,0.018906,0.067998,0.11765,0.34479,0.45526,0.53129,0.58943,0.65108,"No"
"YC20:2333",0.00021885,0.00016049,0.0097157,0.0012524,0.05013,0.1653,0.18428,0.036334,0.038826,"No"
"YC20:2334",0.0060046,0.022733,0.075196,0.075094,0.27808,0.28302,0.55442,0.41745,0.45913,"No"
"YC20:2335",0.014415,0.030201,0.084652,0.12196,0.26082,0.34064,0.65688,0.6026,0.67825,"No"
"YC20:2336",0.0014723,0.0044645,0.027389,0.026754,0.095864,0.23658,0.54501,0.46709,0.61577,"No"
"YC20:2337",0.03007,0.052363,0.19511,0.22017,0.27998,0.50037,0.69186,0.65403,0.7116,"No"
"YC20:2341",0.0053471,0.026575,0.10138,0.11394,0.21128,0.3186,0.61621,0.43012,0.45083,"No"
"YC20:2342",0.0011103,0.0028489,0.0149,0.023709,0.045639,0.11464,0.40351,0.2829,0.33464,"No"
"YC20:2343",0.0004231,0.0018967,0.022438,0.027581,0.06299,0.1592,0.41644,0.31054,0.32959,"No"
"YC20:2344",0.023898,0.053603,0.148,0.22249,0.26292,0.38958,0.68135,0.64398,0.7021,"No"
"YC20:2345",0.011686,0.019098,0.065857,0.092558,0.027315,0.26367,0.62479,0.5303,0.64011,"No"
"YC20:2346",0.0021184,0.004602,0.02407,0.026139,0.038681,0.23505,0.42707,0.33503,0.39197,"No"
"YC20:2347",0.017479,0.044779,0.138,0.20783,0.088054,0.43824,0.67081,0.69163,0.72754,"No"
"YC20:2348",0.00068572,0.0046313,0.02571,0.02358,0.043776,0.2072,0.40745,0.169,0.16348,"No"
"YC20:2349",0.02365,0.055649,0.14268,0.16293,0.042331,0.27029,0.55449,0.54184,0.56996,"No"
"YC20:2350",0.0026127,0.0059672,0.033351,0.046406,0.069392,0.26205,0.47961,0.45361,0.46423,"No"
"YC20:2351",0.0094688,0.019124,0.072165,0.095159,0.15566,0.29485,0.56199,0.55857,0.58928,"No"
"YC20:2352",0.013029,0.02705,0.12151,0.15656,0.30094,0.32736,0.53977,0.5989,0.66083,"No"
"YC20:2353",0.0060625,0.0096277,0.041659,0.062765,0.19216,0.29059,0.42519,0.45456,0.58077,"No"
"YC20:2354",0.016348,0.02919,0.09201,0.15893,0.37627,0.47693,0.63954,0.67568,0.73224,"No"
"YC20:2355",0.010943,0.024992,0.092622,0.12463,0.29796,0.42285,0.57543,0.55105,0.56876,"No"
"YC20:2356",0.0091478,0.018412,0.065415,0.094909,0.24986,0.40585,0.54754,0.57098,0.57849,"No"
"YC20:2357",0.0014006,0.0017177,0.0060466,0.0052306,0.079299,0.11867,0.17794,0.25683,0.28107,"No"
"YC20:2358",0.029544,0.052288,0.14959,0.25625,0.44766,0.57171,0.70195,0.76767,0.78808,"No"
"YC20:2359",0.014697,0.02616,0.087916,0.13453,0.31395,0.42707,0.63286,0.71929,0.73934,"No"
"YC20:2360",0.020761,0.038415,0.09625,0.11505,0.21163,0.37116,0.46331,0.54642,0.59749,"No"
"YC20:2361",0.031235,0.060601,0.1288,0.17139,0.32674,0.44492,0.61303,0.62363,0.71048,"No"
"YC20:2362",0.022804,0.045797,0.13606,0.12145,0.34719,0.54331,0.64524,0.59542,0.67828,"No"
"YC20:2363",0.0077034,0.016049,0.051563,0.073877,0.18218,0.36717,0.49428,0.46411,0.55565,"No"
"YC20:2364",0.015772,0.030572,0.1136,0.12429,0.24846,0.45814,0.774,0.69525,0.73204,"No"
"YC20:2365",0.0059607,0.0080061,0.031559,0.042297,0.12019,0.32477,0.49667,0.44772,0.52292,"No"
"YC20:2366",0.020353,0.040516,0.098391,0.11531,0.26603,0.47447,0.58867,0.65752,0.71188,"No"
"YC20:2367",0.0071149,0.010884,0.043317,0.046152,0.092033,0.39803,0.44511,0.39008,0.43796,"No"
"YC20:2368",0.014332,0.027458,0.092418,0.11544,0.24847,0.52244,0.55062,0.59029,0.64625,"No"
"YC20:2369",0.00017532,0.00062736,0.0079552,0.0091063,0.031815,0.1832,0.21792,0.23173,0.26583,"No"
"YC20:2370",0.0087831,0.016874,0.071626,0.099466,0.27323,0.47822,0.51829,0.54491,0.55019,"No"
"YC20:2371",0.0048,0.0064779,0.049596,0.083823,0.21392,0.4283,0.53048,0.5779,0.58027,"No"
"YC20:2372",0.028581,0.051397,0.1703,0.2037,0.41623,0.56687,0.62883,0.69657,0.73062,"No"
"YC20:2373",0.016173,0.030551,0.10005,0.11675,0.28988,0.48829,0.436,0.50201,0.56085,"No"
"YC20:2378",0.024005,0.046629,0.16904,0.20573,0.49912,0.61032,0.65022,0.67476,0.70088,"No"
"YC20:2379",0.02616,0.033806,0.15882,0.22385,0.47813,0.63501,0.6873,0.74983,0.76794,"No"
"YC20:2380",0.023577,0.042019,0.14727,0.19927,0.55539,0.58603,0.51775,0.68936,0.70497,"No"
"YC20:2381",0.026612,0.041564,0.16216,0.27055,0.59093,0.68193,0.60016,0.76677,0.8062,"No"
"YC20:2382",0.0046104,0.0091602,0.12535,0.091594,0.51645,0.58973,0.39893,0.50124,0.56911,"No"
"YC20:2383",0.024817,0.035837,0.13011,0.15637,0.50162,0.57052,0.46818,0.63532,0.67336,"No"
"YC20:2384",0.0058316,0.0079806,0.045206,0.071524,0.391,0.43211,0.39334,0.42884,0.52556,"No"
"YC20:2385",0.010475,0.0099199,0.045182,0.054244,0.3552,0.3833,0.40977,0.44377,0.51699,"No"
"YC20:2386",0.001459,0.0020497,0.011889,0.028369,0.25937,0.37923,0.32612,0.44098,0.57801,"No"
"YC20:2387",0.031091,0.052013,0.16416,0.23751,0.47944,0.67932,0.61461,0.6989,0.72296,"No"
"YC20:2388",0.027203,0.046283,0.16259,0.19443,0.46854,0.59002,0.52405,0.66579,0.67103,"No"
"YC20:2389",0.081522,0.14731,0.33737,0.40605,0.69444,0.69288,0.71468,0.75183,0.74542,"No"
"YC20:2390",0.024613,0.040282,0.23219,0.22483,0.55358,0.51753,0.53411,0.63151,0.68841,"No"
"YC20:2391",0.01993,0.031177,0.16731,0.20083,0.4419,0.41694,0.5913,0.68814,0.71351,"No"
"YC20:2392",0.042092,0.063057,0.2418,0.1897,0.47275,0.49758,0.60137,0.76159,0.79195,"No"
"YC20:2393",0.014916,0.020513,0.087251,0.1201,0.31902,0.45416,0.65346,0.66457,0.72659,"No"
"YC20:2394",0.0137,0.022031,0.062433,0.072093,0.30034,0.41803,0.57304,0.45825,0.59624,"No"
"YC20:2395",0.0060419,0.0091332,0.052139,0.059417,0.29963,0.36484,0.47583,0.31254,0.36569,"No"
"YC20:2396",0.0004529,0.0012547,0.017877,0.02155,0.23286,0.25568,0.35158,0.17934,0.19801,"No"
"YC20:2397",0.0062968,0.0090895,0.035082,0.023997,0.2714,0.349,0.30787,0.12268,0.16948,"No"
"YC20:2398",0.0052902,0.0094688,0.037736,0.048941,0.17717,0.41557,0.31862,0.38525,0.4347,"No"
"YC20:2399",0.007097,0.013116,0.049472,0.084142,0.22053,0.52131,0.52486,0.65813,0.70657,"No"
"YC20:2400",0.022541,0.034698,0.081053,0.12416,0.35441,0.50852,0.47154,0.65253,0.71269,"No"
"YC20:2401",0.007966,0.01831,0.098654,0.12621,0.34948,0.62235,0.40655,0.59928,0.62566,"No"
"YC20:2402",0.00061277,0.00011688,0.0050558,0.00644,0.13089,0.21425,0.19312,0.29635,0.36982,"No"
"YC20:2403",0.0031411,0.0058749,0.043011,0.054993,0.33309,0.55063,0.33568,0.56687,0.62526,"No"
"YC20:2404",0.022879,0.034403,0.14786,0.21597,0.54689,0.64299,0.51209,0.74137,0.76503,"No"
"YC20:2405",0.0068572,0.0070857,0.030099,0.040053,0.14135,0.33544,0.19855,0.39112,0.39788,"No"
"YC20:2406",0.022134,0.038006,0.12237,0.15684,0.35763,0.62303,0.46649,0.66693,0.6904,"No"
"YC20:2407",0.021637,0.039285,0.10952,0.13915,0.31685,0.65204,0.39927,0.62304,0.64798,"No"
"YC20:2408",0.0066675,0.018043,0.055366,0.10115,0.21034,0.49031,0.39399,0.49934,0.54803,"No"
"YC20:2412",0.0011672,0.0033748,0.012945,0.018379,0.053391,0.18315,0.18962,0.24248,0.24117,"No"
"YC20:2413",0.012693,0.025931,0.081825,0.12242,0.2396,0.56633,0.47071,0.57782,0.59148,"No"
"YC20:2414",0.0065071,0.015881,0.050943,0.062878,0.087367,0.54519,0.36147,0.4059,0.43355,"No"
"YC20:2415",0.01014,0.022426,0.073302,0.099076,0.27067,0.55128,0.501,0.62395,0.70601,"No"
"YC20:2416",0.0059461,0.01494,0.057275,0.086342,0.20566,0.41599,0.44827,0.46345,0.53132,"No"
"YC20:2417",0.0027429,0.0061945,0.033365,0.065507,0.16942,0.38547,0.46994,0.52553,0.54822,"No"
"YC20:2418",0.015355,0.031806,0.11808,0.1528,0.31194,0.49297,0.66347,0.65718,0.67919,"No"
"YC20:2419",0.0067989,0.012637,0.048037,0.058076,0.12,0.29478,0.38748,0.41555,0.48098,"No"
"YC20:2420",0.023344,0.037371,0.095375,0.14013,0.25081,0.39956,0.54378,0.56121,0.63467,"No"
"YC20:2421",0.0093521,0.01927,0.054973,0.1082,0.23067,0.49933,0.62332,0.53066,0.6051,"No"
"YC20:2422",0.00070126,0.00010213,0.0030743,0.0041233,0.0135,0.12304,0.18074,0.13156,0.17882,"No"
"YC20:2423",0.0041199,0.0063612,0.021768,0.034377,0.092257,0.33376,0.43845,0.5003,0.56409,"No"
"YC20:2426",0.0048789,0.0087804,0.032261,0.04029,0.10571,0.4433,0.48446,0.40957,0.44825,"No"
"YC20:2427",0.03042,0.07017,0.15529,0.18682,0.27561,0.48878,0.68482,0.68763,0.69387,"No"
"YC20:2428",0.017654,0.031178,0.092636,0.12289,0.20548,0.40778,0.60912,0.65493,0.6915,"No"
"YC20:2429",0.026904,0.044426,0.13761,0.15883,0.20642,0.42382,0.63174,0.65786,0.67788,"No"
"YC20:2430",0.017012,0.024033,0.093511,0.13516,0.16938,0.3347,0.57367,0.56248,0.59983,"No"
"YC20:2431",0.018613,0.033352,0.13731,0.16384,0.23295,0.39149,0.58449,0.6446,0.68806,"No"
"YC20:2432",0.0015734,0.0022061,0.012974,0.023234,0.021334,0.15624,0.38483,0.33694,0.37558,"No"
"YC20:2433",0.018398,0.036173,0.121,0.17358,0.289,0.49223,0.68767,0.68105,0.69503,"No"
"YC20:2434",0.000569,0.00073048,0.0063817,0.0082742,0.012443,0.11934,0.23523,0.25757,0.35026,"No"
"YC20:2435",0.0043304,0.0073241,0.027872,0.033582,0.017163,0.22378,0.24286,0.30184,0.32252,"No"
"YC20:2436",0.0049965,0.014074,0.065682,0.060946,0.057268,0.34043,0.38754,0.41338,0.44761,"No"
"YC20:2437",0.018773,0.032929,0.102,0.13742,0.033746,0.35334,0.62996,0.66326,0.7222,"No"
"YC20:2438",0.0046541,0.0093502,0.036017,0.038546,0.011207,0.21065,0.39007,0.43179,0.51766,"No"
"YC20:2439",0.023592,0.047901,0.12401,0.1796,0.034506,0.35598,0.59908,0.64938,0.65695,"No"
"YC20:2440",0.0059235,0.013192,0.049873,0.086561,0.017422,0.3049,0.55024,0.52506,0.55449,"No"
"YC20:2441",0.0015319,0.0039008,0.015808,0.016805,0.010496,0.1325,0.22974,0.24601,0.23053,"No"
"YC20:2442",1.459e-05,0,0.0017047,0,0,0.0034151,0.090468,0.071395,0.066661,"No"
"YC20:2443",0.012082,0.022543,0.076227,0.084463,0.081347,0.12642,0.38658,0.47847,0.54972,"No"
"YC20:2444",0.034505,0.063524,0.16253,0.2544,0.27191,0.53136,0.63584,0.69869,0.72807,"No"
"YC20:2445",0.012066,0.027262,0.071326,0.11092,0.028711,0.22089,0.54714,0.59567,0.61822,"No"
"YC20:2446",0.021724,0.046137,0.11193,0.19448,0.13373,0.36446,0.60241,0.69747,0.75526,"No"
"YC20:2450",0.0012401,0.0017093,0.02057,0.032972,0.10326,0.25839,0.56564,0.47354,0.50389,"No"
"YC20:2451",0.018587,0.034199,0.10533,0.14556,0.20831,0.35808,0.59337,0.5598,0.58573,"No"
"YC20:2452",0.0070615,0.012038,0.048262,0.076789,0.14966,0.30844,0.51345,0.54053,0.59677,"No"
"YC20:2453",0.022862,0.047963,0.12769,0.14419,0.098693,0.23052,0.58395,0.57705,0.62112,"No"
"YC20:2454",0.0062529,0.011044,0.0476,0.057559,0.12195,0.27697,0.50975,0.47893,0.50398,"No"
"YC20:2455",0.0032872,0.0060985,0.0227,0.022553,0.046093,0.18237,0.41153,0.26086,0.27712,"No"
"YC20:2456",0.021272,0.037006,0.11173,0.14739,0.2484,0.34845,0.62313,0.66576,0.70031,"No"
"YC20:2457",0.012445,0.029649,0.1019,0.17123,0.18648,0.48434,0.6493,0.75632,0.76336,"No"
"YC20:2458",0.0077658,0.019869,0.079669,0.09115,0.091543,0.31117,0.48148,0.63164,0.6662,"No"
"YC20:2459",0.037131,0.056831,0.15512,0.17676,0.31921,0.36652,0.53429,0.54665,0.56397,"No"
"YC20:2460",0.00070031,0.00072949,0.0057406,0.010607,0.036182,0.084969,0.15688,0.098843,0.090897,"No"
"YC20:2461",0.0015012,0.0016947,0.012542,0.01812,0.074596,0.20142,0.35916,0.35542,0.44215,"No"
"YC20:2462",0.01442,0.024106,0.087182,0.11865,0.29582,0.52967,0.66427,0.73807,0.80364,"No"
"YC20:2463",0.025888,0.041333,0.13234,0.20331,0.33819,0.47186,0.59811,0.67063,0.6966,"No"
"YC20:2464",0.027608,0.063122,0.16149,0.19154,0.33846,0.49034,0.58341,0.67376,0.7097,"No"
"YC20:2465",0.020819,0.040837,0.097299,0.12512,0.23947,0.34177,0.45795,0.56476,0.61549,"No"
"YC20:2466",0.0030639,0.0060046,0.03049,0.059722,0.12017,0.31625,0.44892,0.5343,0.57736,"No"
"YC20:2467",0.03271,0.060387,0.18132,0.23815,0.42301,0.62124,0.58115,0.72581,0.72616,"No"
"YC20:2468",0.04002,0.062011,0.1758,0.23026,0.39849,0.52383,0.59454,0.69515,0.68082,"No"
"YC20:2469",0.023212,0.04472,0.1382,0.14975,0.32227,0.55239,0.49334,0.60916,0.66659,"No"
"YC20:2470",0.0020572,0.012608,0.075181,0.090975,0.2506,0.46745,0.42228,0.5627,0.65206,"No"
"YC20:2471",0.00087539,0.0019224,0.015685,0.02576,0.12322,0.25246,0.32839,0.33339,0.44353,"No"
"YC20:2472",0.0074116,0.0096147,0.044511,0.062957,0.18843,0.46965,0.41581,0.55283,0.62161,"No"
"YC20:2473",0.027232,0.063291,0.17082,0.20509,0.42993,0.65639,0.57153,0.67417,0.69442,"No"
"YC20:2474",0.0014756,0.0036475,0.024288,0.031734,0.13127,0.44693,0.24936,0.37969,0.4369,"No"
"YC20:2475",0.019857,0.03594,0.11618,0.15753,0.34109,0.54395,0.25412,0.7229,0.77093,"No"
"YC20:2476",0.038984,0.060489,0.19,0.18801,0.48701,0.62679,0.46626,0.66426,0.69487,"No"
"YC20:2477",0.013408,0.028591,0.10958,0.1478,0.3751,0.52873,0.24628,0.63106,0.6954,"No"
"YC20:2478",0.0072365,0.010986,0.038858,0.042942,0.18571,0.32943,0.20351,0.35882,0.39283,"No"
"YC20:2479",0.014517,0.021666,0.10302,0.1517,0.41623,0.52797,0.40514,0.54491,0.5911,"No"
"YC20:2480",0.0016888,0.0026553,0.016348,0.018754,0.072895,0.21372,0.10081,0.12971,0.18034,"No"
"YC20:2481",0.0061423,0.017415,0.066585,0.089806,0.27143,0.45696,0.37824,0.59852,0.67975,"No"
"YC20:2482",0.016991,0.033763,0.11359,0.11846,0.29291,0.60946,0.43375,0.59941,0.6942,"No"
"YC20:2483",0.00091916,0.0019139,0.0065733,0.0091208,0.057734,0.13487,0.13673,0.15853,0.14899,"No"
"YC20:2484",0.014327,0.026005,0.086269,0.12909,0.34559,0.54883,0.48756,0.65826,0.68331,"No"
"YC20:2485",0.026516,0.055077,0.17922,0.27211,0.55028,0.68432,0.68915,0.6528,0.66613,"No"
"YC20:2486",0.0063512,0.010154,0.049276,0.050631,0.32856,0.48716,0.5037,0.36962,0.43606,"No"
"YC20:2487",0.00017508,0.00052595,0.012064,0.016901,0.18371,0.1979,0.39141,0.18384,0.23875,"No"
"YC20:2488",0.018296,0.034859,0.14973,0.16993,0.441,0.48619,0.64493,0.58023,0.72992,"No"
"YC20:2489",0.020863,0.031878,0.142,0.1819,0.36649,0.38368,0.60321,0.71052,0.73721,"No"
"YC20:2490",0.01351,0.022206,0.11819,0.13708,0.48262,0.65045,0.56597,0.68164,0.7072,"No"
"YC20:2491",0.0021248,0.0044353,0.087035,0.10235,0.46919,0.68704,0.58049,0.51173,0.58969,"No"
"YC20:2492",0.019361,0.031718,0.13133,0.20172,0.4839,0.58893,0.61251,0.74401,0.79283,"No"
"YC20:2493",0.011686,0.030709,0.11967,0.197,0.38584,0.5591,0.43148,0.64524,0.71497,"No"
"YC20:2494",0.0099065,0.023592,0.11418,0.14486,0.26217,0.45608,0.41198,0.57359,0.69974,"No"
"YC20:2495",0.00083162,0.004518,0.026838,0.038128,0.14851,0.39321,0.35444,0.44876,0.5277,"No"
"YC20:2496",0.0031806,0.0090457,0.059448,0.060806,0.22306,0.45315,0.3207,0.49293,0.59158,"No"
"YC20:2497",0.0073387,0.0097022,0.046537,0.070956,0.20422,0.45156,0.1776,0.46404,0.51442,"No"
"YC20:2498",0.014566,0.036699,0.12566,0.16592,0.36993,0.58637,0.3193,0.62428,0.6422,"No"
"YC20:2499",0.0084037,0.013977,0.041117,0.066367,0.1987,0.44239,0.27822,0.56449,0.61968,"No"
"YC20:2500",0.010417,0.017312,0.080966,0.14556,0.34713,0.59427,0.32835,0.78197,0.81118,"No"
"YC20:2501",0.015188,0.027817,0.1276,0.18443,0.31816,0.62228,0.24537,0.64432,0.67241,"No"
"YC20:2502",0.0079806,0.016521,0.067491,0.11801,0.22622,0.54619,0.15933,0.55294,0.63612,"No"
"YC20:2503",0.030682,0.059716,0.15969,0.20583,0.43953,0.62521,0.35569,0.75264,0.81044,"No"
"YC20:2504",0.0015048,0.0037496,0.02083,0.03301,0.13394,0.33029,0.18784,0.36221,0.39292,"No"
"YC20:2505",0.03449,0.065641,0.17905,0.23313,0.4302,0.606,0.34781,0.65293,0.6913,"No"
"YC20:2506",0.018908,0.028138,0.091981,0.15497,0.30498,0.50678,0.35852,0.63154,0.67619,"No"
"YC20:2507",0.011506,0.013543,0.072868,0.037176,0.17435,0.42665,0.25411,0.5644,0.60727,"No"
"YC20:2508",0.0061277,0.013631,0.056459,0.072501,0.21903,0.40045,0.29559,0.54432,0.58497,"No"
"YC20:2509",0.0097314,0.01629,0.081534,0.15883,0.36419,0.5489,0.41978,0.62879,0.66711,"No"
"YC20:2510",0.033558,0.06917,0.18544,0.21217,0.44454,0.50072,0.34896,0.59573,0.66644,"No"
"YC20:2511",0.031396,0.057416,0.16795,0.25,0.40849,0.46032,0.35426,0.71981,0.76845,"No"
"YC20:2512",0.021257,0.045418,0.13147,0.15771,0.27071,0.29197,0.22023,0.59822,0.67056,"No"
"YC20:2513",0.027414,0.04903,0.16633,0.26482,0.47735,0.53715,0.44955,0.62726,0.66577,"No"
"YC20:2514",0.013017,0.025917,0.093044,0.12565,0.2876,0.35618,0.25538,0.51881,0.55021,"No"
"YC20:2515",0.018646,0.029515,0.10813,0.14288,0.29881,0.47572,0.37624,0.67753,0.75522,"No"
"YC20:2516",0.001879,0.0036766,0.024401,0.038935,0.14855,0.40173,0.27943,0.40628,0.47811,"No"
"YC20:2517",0.012608,0.026271,0.096004,0.12405,0.31015,0.43758,0.38666,0.51138,0.51397,"No"
"YC20:2518",0.0086372,0.020703,0.074526,0.12484,0.25262,0.47108,0.5194,0.63693,0.68101,"No"
"YC20:2519",0.033454,0.056831,0.14153,0.17155,0.36364,0.49812,0.41074,0.71915,0.72123,"No"
"YC20:2520",0.019884,0.034023,0.096832,0.14778,0.25679,0.37279,0.42774,0.66729,0.70116,"No"
