"Plot","300","428.5","491","583","722","769.5","811","1115","1230.5","1418","1650.5","Stand"
"YC19:1001",0.024108,0.079832,0.11199,0.11201,0.23388,0.34051,0.33096,0.63926,0.55532,0.73175,0.72315,24
"YC19:1002",0.027358,0.070281,0.094866,0.097593,0.18858,0.29851,0.24482,0.59176,0.56978,0.67017,0.69685,24
"YC19:1003",0.028311,0.057837,0.068337,0.0803,0.1621,0.29644,0.18769,0.59208,0.54294,0.6904,0.64321,23
"YC19:1004",0.010208,0.025881,0.037771,0.053042,0.1263,0.21626,0.14543,0.5046,0.47502,0.66765,0.64727,20
"YC19:1005",0.026306,0.058077,0.076951,0.10673,0.20031,0.30581,0.26569,0.61161,0.59947,0.70216,0.6461,22
"YC19:1006",0.031572,0.071058,0.089537,0.11062,0.19516,0.31054,0.26916,0.63091,0.65773,0.67895,0.67183,23
"YC19:1007",0.031196,0.069735,0.10309,0.14238,0.23355,0.35801,0.29802,0.65905,0.61372,0.71409,0.69536,24
"YC19:1008",0.015112,0.059531,0.079284,0.093034,0.16086,0.26621,0.20306,0.48,0.46413,0.5567,0.66391,18
"YC19:1009",0.034683,0.085278,0.12985,0.14127,0.20944,0.33865,0.28104,0.63698,0.6172,0.7526,0.61172,24
"YC19:1010",0.014698,0.044158,0.065418,0.05455,0.098042,0.16204,0.12069,0.48416,0.52101,0.68144,0.65971,16
"YC19:1011",0.013779,0.036063,0.05358,0.060994,0.11338,0.20035,0.17045,0.50894,0.54842,0.67545,0.62942,22
"YC19:1012",0.0098151,0.038129,0.05264,0.054259,0.11814,0.19627,0.15554,0.44678,0.42709,0.5985,0.54976,18
"YC19:1013",0.022282,0.052086,0.075417,0.074943,0.14282,0.24064,0.19361,0.56321,0.56598,0.67666,0.66746,25
"YC19:1014",0.049691,0.075035,0.10015,0.11626,0.23832,0.35039,0.34964,0.58604,0.53485,0.67209,0.63954,24
"YC19:1015",0.023245,0.061867,0.097797,0.11126,0.21695,0.32218,0.28519,0.5658,0.44967,0.5949,0.55724,24
"YC19:1016",0.017926,0.083914,0.11278,0.1112,0.24045,0.34946,0.29948,0.61772,0.56721,0.65612,0.69231,23
"YC19:1017",0.036394,0.11594,0.15852,0.16099,0.28531,0.42257,0.35722,0.67138,0.59652,0.66183,0.69611,25
"YC19:1018",0.024947,0.088763,0.13098,0.14574,0.26861,0.38504,0.35918,0.61429,0.57743,0.67221,0.6972,26
"YC19:1019",0.025119,0.074321,0.10233,0.14,0.19986,0.29566,0.26124,0.58822,0.54586,0.69263,0.63781,24
"YC19:1020",0.027691,0.06709,0.079823,0.078148,0.12793,0.22579,0.18039,0.46807,0.46983,0.59681,0.71881,22
"YC19:1021",0.0090068,0.024124,0.035909,0.043995,0.064441,0.12898,0.10101,0.39748,0.40275,0.5789,0.57409,17
"YC19:1022",0.038082,0.10939,0.13563,0.1487,0.21991,0.36199,0.30332,0.67454,0.6148,0.77838,0.75406,25
"YC19:1023",0.013997,0.04918,0.076571,0.068902,0.15078,0.26904,0.22438,0.58342,0.52589,0.69164,0.71031,20
"YC19:1024",0.031876,0.072195,0.098089,0.1122,0.23937,0.34319,0.32299,0.5539,0.52064,0.60486,0.64439,21
"YC19:1025",0.043166,0.086263,0.10267,0.10985,0.17242,0.28661,0.20575,0.57134,0.57337,0.6211,0.56352,25
"YC19:1026",0.02686,0.057031,0.07272,0.085832,0.14434,0.24198,0.19933,0.6055,0.59804,0.69519,0.68965,24
"YC19:1027",0.052576,0.10257,0.13732,0.18186,0.25305,0.38041,0.33854,0.67286,0.68743,0.74104,0.76475,24
"YC19:1028",0.023078,0.064866,0.09588,0.11361,0.18206,0.28381,0.2316,0.63056,0.4741,0.59922,0.59913,21
"YC19:1029",0.031196,0.0708,0.10092,0.10977,0.17689,0.27773,0.25758,0.58972,0.52066,0.62247,0.63825,22
"YC19:1030",0.021481,0.040485,0.053023,0.061111,0.11918,0.20003,0.17038,0.36486,0.4069,0.47863,0.56248,21
"YC19:1031",0.040191,0.084511,0.10676,0.12919,0.23603,0.37746,0.37665,0.72028,0.63525,0.74979,0.57182,25
"YC19:1032",0.033435,0.074147,0.10379,0.093307,0.19082,0.35058,0.25643,0.58696,0.53978,0.66969,0.71647,22
"YC19:1033",0.043857,0.09698,0.12206,0.14073,0.23621,0.37186,0.32875,0.63342,0.5374,0.6696,0.62038,20
"YC19:1034",0.04793,0.097,0.12996,0.13321,0.2404,0.35588,0.31662,0.69473,0.57876,0.7092,0.67879,24
"YC19:1035",0.054908,0.11066,0.14813,0.14598,0.28823,0.39312,0.35333,0.54308,0.50779,0.62866,0.64216,21
"YC19:1038",0.046565,0.090047,0.10827,0.11265,0.21989,0.33388,0.3061,0.58585,0.55168,0.68828,0.67812,27
"YC19:1039",0.019762,0.043717,0.050194,0.042555,0.11461,0.19424,0.16939,0.52021,0.55106,0.66369,0.71455,21
"YC19:1040",0.050515,0.10339,0.10987,0.090847,0.20265,0.3227,0.27951,0.52506,0.53582,0.62968,0.62528,25
"YC19:1041",0.030661,0.074223,0.09473,0.0739,0.16081,0.26028,0.22172,0.58942,0.51632,0.69575,0.64731,24
"YC19:1042",0.013997,0.053397,0.052073,0.043466,0.12108,0.19584,0.15138,0.49709,0.43514,0.60525,0.69,16
"YC19:1043",0.04889,0.12831,0.15523,0.13749,0.27589,0.39758,0.36771,0.6377,0.64706,0.72306,0.73452,24
"YC19:1044",0.017894,0.057304,0.06678,0.031278,0.12377,0.20005,0.17294,0.50954,0.47467,0.62486,0.68013,18
"YC19:1045",0.076214,0.2255,0.2367,0.18644,0.31067,0.45846,0.3995,0.65319,0.61857,0.7123,0.69187,27
"YC19:1046",0.046902,0.12289,0.13331,0.13098,0.1944,0.28926,0.24259,0.63882,0.48307,0.62395,0.62599,21
"YC19:1047",0.049314,0.13241,0.14686,0.12495,0.25137,0.38647,0.3004,0.61415,0.61182,0.70843,0.7255,26
"YC19:1048",0.048999,0.097738,0.1069,0.11812,0.20386,0.29806,0.24364,0.59035,0.61872,0.74105,0.74187,26
"YC19:1049",0.027586,0.046819,0.05792,0.057333,0.12372,0.1968,0.17562,0.49658,0.53677,0.71509,0.70725,17
"YC19:1050",0.055976,0.11607,0.14875,0.15872,0.29532,0.40251,0.41895,0.59996,0.64232,0.78718,0.74161,23
"YC19:1051",0.02529,0.074051,0.089018,0.08022,0.1747,0.32185,0.28331,0.6958,0.61062,0.78834,0.755,21
"YC19:1052",0.059538,0.14407,0.17057,0.15503,0.32263,0.45802,0.398,0.74061,0.60062,0.78464,0.69409,28
"YC19:1053",0.021347,0.065787,0.096534,0.0801,0.18443,0.25328,0.22564,0.54862,0.49334,0.70603,0.64827,21
"YC19:1054",0.026293,0.040485,0.061063,0.054881,0.13776,0.1879,0.17227,0.58519,0.39096,0.6074,0.54531,17
"YC19:1055",0.033052,0.075575,0.087024,0.079966,0.18437,0.2928,0.24937,0.46731,0.51717,0.67856,0.76242,25
"YC19:1056",0.033606,0.1107,0.12144,0.080287,0.25304,0.42674,0.30812,0.68733,0.55239,0.67166,0.61525,20
"YC19:1058",0.047728,0.10046,0.1142,0.098373,0.2284,0.37739,0.32988,0.54683,0.64818,0.70844,0.77786,25
"YC19:1059",0.051108,0.087434,0.089585,0.088077,0.18103,0.3324,0.29504,0.7612,0.56082,0.72629,0.66673,22
"YC19:1060",0.038402,0.080321,0.097794,0.097763,0.21496,0.3798,0.32716,0.57338,0.55522,0.72412,0.72836,25
"YC19:1061",0.029723,0.07677,0.088825,0.096093,0.1897,0.30549,0.25466,0.57429,0.48125,0.67799,0.64758,19
"YC19:1062",0.043061,0.09241,0.11263,0.11293,0.23124,0.34736,0.32456,0.60231,0.64137,0.79072,0.80797,26
"YC19:1063",0.025666,0.049561,0.06976,0.072765,0.15097,0.23412,0.21669,0.68571,0.60205,0.70563,0.67207,25
"YC19:1064",0.013725,0.042155,0.061673,0.068254,0.13446,0.2163,0.18198,0.58959,0.44404,0.58881,0.59264,22
"YC19:1065",0.046156,0.082688,0.12017,0.11136,0.20921,0.35618,0.29365,0.52339,0.573,0.65191,0.74105,26
"YC19:1066",0.063989,0.1301,0.16038,0.16485,0.26394,0.40649,0.35781,0.67892,0.64966,0.71866,0.68854,27
"YC19:1067",0.027401,0.054832,0.072206,0.069224,0.12228,0.23287,0.20329,0.49134,0.53921,0.63928,0.67549,20
"YC19:1068",0.039724,0.086605,0.11454,0.1304,0.20222,0.32281,0.30616,0.58659,0.58908,0.68564,0.66438,24
"YC19:1069",0.035433,0.086455,0.10863,0.12002,0.19549,0.29339,0.25711,0.60555,0.59566,0.74744,0.75951,22
"YC19:1070",0.027533,0.0683,0.090023,0.087956,0.15034,0.27179,0.22996,0.64676,0.63426,0.76665,0.69269,20
"YC19:1071",0.045429,0.10679,0.14862,0.16246,0.23638,0.36607,0.25929,0.63256,0.56163,0.69245,0.61538,21
"YC19:1072",0.024879,0.061688,0.093699,0.12474,0.19488,0.34856,0.25122,0.55837,0.5352,0.65376,0.5889,21
"YC19:1073",0.020106,0.041199,0.054827,0.066191,0.10038,0.19262,0.15376,0.45724,0.44408,0.67542,0.70067,15
"YC19:1074",0.03091,0.05836,0.075543,0.094471,0.16774,0.29865,0.24792,0.63827,0.6035,0.75985,0.65289,25
"YC19:1075",0.03785,0.092219,0.12935,0.14155,0.23991,0.36299,0.29729,0.58628,0.57175,0.66204,0.68138,25
"YC19:1076",0.013379,0.045577,0.058957,0.067674,0.14631,0.24652,0.22001,0.62597,0.47775,0.69075,0.62921,19
"YC19:1077",0.032744,0.061088,0.072757,0.085965,0.15795,0.25361,0.24819,0.53107,0.5659,0.7228,0.68,17
"YC19:1078",0.018883,0.048183,0.069048,0.093274,0.16373,0.2595,0.226,0.605,0.58956,0.69576,0.72264,23
"YC19:1079",0.0369,0.075882,0.11491,0.15463,0.2652,0.3834,0.35855,0.66974,0.68194,0.7427,0.75072,27
"YC19:1080",0.025673,0.096631,0.11579,0.14592,0.24246,0.3866,0.32174,0.66799,0.58915,0.72954,0.69371,23
"YC19:1081",0.020322,0.072059,0.099028,0.11868,0.2052,0.39503,0.33847,0.65302,0.61878,0.74545,0.72612,22
"YC19:1082",0.037916,0.08625,0.12487,0.14155,0.22509,0.35085,0.32668,0.63183,0.55293,0.71029,0.57691,26
"YC19:1083",0.020722,0.045789,0.067072,0.087622,0.14894,0.23147,0.21154,0.42024,0.4968,0.61418,0.67073,22
"YC19:1084",0.027517,0.057017,0.072336,0.067019,0.16893,0.29285,0.24552,0.58177,0.58764,0.69817,0.69713,24
"YC19:1085",0.020442,0.04761,0.078365,0.087462,0.17527,0.29181,0.20906,0.58236,0.53419,0.71256,0.67156,23
"YC19:1087",0.023351,0.043326,0.084484,0.10741,0.1905,0.3482,0.25027,0.60422,0.54904,0.7263,0.65076,26
"YC19:1089",0.016201,0.057766,0.080843,0.10483,0.19322,0.31257,0.23261,0.55758,0.5335,0.6187,0.55152,17
"YC19:1090",0.013717,0.043595,0.061743,0.087983,0.17721,0.29592,0.22793,0.58503,0.51698,0.63517,0.59239,26
"YC19:1092",0.027543,0.064514,0.083787,0.088148,0.18798,0.27363,0.24098,0.4947,0.50922,0.60032,0.58339,20
"YC19:1093",0.010181,0.040215,0.061775,0.085538,0.17424,0.24214,0.21847,0.50161,0.48386,0.65241,0.67771,20
"YC19:1094",0.022228,0.049249,0.060609,0.077222,0.13915,0.22023,0.19762,0.45717,0.47654,0.59675,0.55272,18
"YC19:1096",0.021281,0.044258,0.058405,0.070894,0.11963,0.21267,0.18811,0.45954,0.45118,0.58816,0.59912,18
"YC19:1097",0.035818,0.069516,0.086718,0.091019,0.17233,0.28592,0.27174,0.51798,0.52758,0.6243,0.64871,18
"YC19:1098",0.028402,0.040803,0.067898,0.079392,0.15441,0.24468,0.17701,0.45354,0.47284,0.59794,0.63644,24
"YC19:1100",0.020687,0.042997,0.058746,0.071763,0.16507,0.24506,0.21337,0.44433,0.43514,0.56404,0.5418,23
"YC19:1101",0.035297,0.056563,0.061703,0.082011,0.17685,0.26937,0.28048,0.58302,0.50591,0.61931,0.53842,23
"YC19:1102",0.04281,0.084825,0.10721,0.13616,0.24617,0.3426,0.30636,0.43627,0.49644,0.62352,0.62371,24
"YC19:1104",0.028151,0.071234,0.093764,0.10003,0.17639,0.28032,0.21585,0.55011,0.54494,0.64008,0.59132,20
"YC19:1105",0.017876,0.046868,0.064253,0.068995,0.155,0.23821,0.17465,0.46687,0.45779,0.59688,0.54701,18
"YC19:1106",0.025765,0.06927,0.10784,0.1259,0.20811,0.31309,0.26455,0.54759,0.5551,0.64395,0.6025,23
"YC19:1107",0.018283,0.045204,0.055474,0.075931,0.14443,0.23697,0.20179,0.5223,0.5575,0.65441,0.59947,20
"YC19:1108",0.020251,0.050093,0.072798,0.084365,0.20653,0.3421,0.28472,0.53989,0.49586,0.65386,0.63248,24
"YC19:1109",0.022684,0.056366,0.079835,0.085912,0.20182,0.32505,0.29838,0.56712,0.52326,0.71535,0.68203,15
"YC19:1110",0.037797,0.094391,0.11451,0.14605,0.2535,0.36223,0.333,0.66313,0.6569,0.73938,0.70881,21
"YC19:1111",0.021201,0.05896,0.07787,0.076561,0.16236,0.2611,0.2141,0.63194,0.57706,0.71781,0.72361,23
"YC19:1112",0.030528,0.079515,0.11182,0.14525,0.24134,0.37967,0.32301,0.56826,0.61382,0.71129,0.73039,26
"YC19:1113",0.026724,0.061074,0.09161,0.13074,0.22728,0.35317,0.28781,0.58527,0.5959,0.7397,0.70357,25
"YC19:1114",0.019063,0.049491,0.081752,0.10284,0.19094,0.29206,0.24219,0.52181,0.56768,0.61957,0.60585,21
"YC19:1115",0.033641,0.071961,0.0982,0.11915,0.21457,0.29448,0.29287,0.58592,0.51405,0.67737,0.58619,24
"YC19:1116",0.036975,0.084597,0.10401,0.13157,0.20599,0.28393,0.27925,0.58261,0.5296,0.73322,0.60563,24
"YC19:1117",0.028982,0.071396,0.088273,0.10721,0.17629,0.2618,0.25306,0.51161,0.50566,0.65457,0.62661,18
"YC19:1118",0.025588,0.086394,0.10394,0.12856,0.19977,0.3173,0.28298,0.57562,0.52832,0.61585,0.5923,25
"YC19:1119",0.032774,0.073141,0.088792,0.11107,0.17402,0.29994,0.23444,0.58579,0.54896,0.65575,0.70495,23
"YC19:1120",0.035033,0.073368,0.088549,0.10403,0.17103,0.29939,0.26238,0.55601,0.59357,0.67862,0.70515,22
"YC19:1121",0.033034,0.084856,0.094752,0.11722,0.19909,0.30626,0.25848,0.56027,0.56013,0.68648,0.70539,21
"YC19:1122",0.032768,0.073423,0.089359,0.10939,0.1905,0.25815,0.2106,0.492,0.51995,0.65809,0.64824,19
"YC19:1123",0.058551,0.099387,0.10277,0.12634,0.22794,0.36312,0.36244,0.67256,0.65282,0.73618,0.65667,22
"YC19:1124",0.048813,0.10647,0.13466,0.15905,0.25414,0.38364,0.33435,0.62395,0.5749,0.67971,0.68898,22
"YC19:1125",0.039191,0.083408,0.11353,0.12331,0.22967,0.37109,0.30298,0.63298,0.56943,0.72671,0.71764,23
"YC19:1126",0.029749,0.076203,0.098308,0.097183,0.20112,0.31416,0.25225,0.55346,0.54203,0.64207,0.6852,21
"YC19:1128",0.044663,0.085825,0.11205,0.12235,0.19334,0.31956,0.27994,0.53825,0.51962,0.66468,0.58173,20
"YC19:1129",0.053527,0.095962,0.10239,0.12648,0.24247,0.31498,0.30668,0.54948,0.55663,0.69292,0.62693,21
"YC19:1130",0.030023,0.062522,0.099206,0.1076,0.26168,0.36567,0.32652,0.70846,0.59058,0.71209,0.66231,25
"YC19:1131",0.039221,0.087055,0.10607,0.097354,0.22179,0.33088,0.29187,0.64159,0.59695,0.72552,0.70873,22
"YC19:1132",0.056062,0.096675,0.11088,0.097183,0.21668,0.34076,0.32196,0.60042,0.59521,0.74241,0.62786,20
"YC19:1133",0.018588,0.062337,0.078928,0.055344,0.15703,0.25809,0.24904,0.59863,0.5898,0.69428,0.68358,26
"YC19:1134",0.051121,0.1035,0.13154,0.1065,0.26524,0.41894,0.36653,0.71438,0.61255,0.75044,0.70798,23
"YC19:1135",0.0082034,0.029916,0.037253,0.035675,0.10322,0.20231,0.18095,0.56114,0.53913,0.66035,0.70831,16
"YC19:1136",0.054428,0.10849,0.13804,0.096759,0.27106,0.42348,0.34203,0.63845,0.5911,0.68853,0.6266,23
"YC19:1137",0.02347,0.055241,0.0684,0.061969,0.1499,0.25326,0.21091,0.58824,0.53078,0.64231,0.62644,18
"YC19:1138",0.046422,0.10745,0.13753,0.11217,0.25102,0.36411,0.34574,0.57885,0.57221,0.63772,0.69275,23
"YC19:1139",0.024992,0.077166,0.092971,0.058936,0.19143,0.30349,0.25887,0.60423,0.48821,0.63643,0.62628,18
"YC19:1140",0.029743,0.085662,0.10672,0.0867,0.20714,0.29835,0.28869,0.64728,0.50497,0.64407,0.66649,20
"YC19:1141",0.039011,0.12089,0.13863,0.10407,0.26297,0.36348,0.336,0.63447,0.5092,0.68087,0.69449,23
"YC19:1142",0.040938,0.10932,0.13727,0.12192,0.2726,0.39296,0.35911,0.6153,0.59438,0.7332,0.72704,25
"YC19:1143",0.046385,0.10498,0.12351,0.091497,0.22994,0.37728,0.34902,0.66669,0.57884,0.73303,0.6927,23
"YC19:1144",0.02847,0.082656,0.10502,0.10606,0.2354,0.36164,0.32173,0.59297,0.62431,0.68145,0.72661,22
"YC19:1145",0.023578,0.057703,0.085153,0.070907,0.20729,0.3681,0.3101,0.63389,0.6208,0.75834,0.74945,22
"YC19:1146",0.045535,0.10365,0.12918,0.10737,0.21688,0.35097,0.32265,0.61739,0.58539,0.75041,0.70644,26
"YC19:1147",0.022731,0.050269,0.065209,0.053979,0.13137,0.19129,0.16307,0.5251,0.57244,0.75294,0.73579,24
"YC19:1148",0.049651,0.12282,0.15437,0.12907,0.28794,0.40987,0.34556,0.68133,0.59048,0.73806,0.67908,26
"YC19:1149",0.037081,0.069696,0.10899,0.092315,0.2301,0.33412,0.28352,0.67628,0.61203,0.75118,0.75897,26
"YC19:1150",0.025112,0.057905,0.079948,0.050305,0.11377,0.20042,0.16937,0.71177,0.54968,0.69465,0.57882,22
"YC19:1151",0.032998,0.10726,0.13484,0.096574,0.18627,0.30471,0.22499,0.52651,0.50024,0.59529,0.64577,21
"YC19:1152",0.065556,0.13602,0.15413,0.13101,0.21439,0.38714,0.30117,0.6635,0.67047,0.72918,0.80148,25
"YC19:1153",0.044446,0.093134,0.114,0.10716,0.21235,0.34853,0.29353,0.68575,0.64586,0.77553,0.6646,26
"YC19:1154",0.033391,0.069803,0.081163,0.075159,0.19039,0.28765,0.26455,0.53935,0.57337,0.68952,0.66437,23
"YC19:1155",0.033303,0.068768,0.083082,0.07828,0.2106,0.33166,0.31084,0.61094,0.55528,0.6995,0.71985,19
"YC19:1156",0.036793,0.086304,0.10243,0.092844,0.24972,0.39032,0.32761,0.68457,0.62952,0.71708,0.74116,26
"YC19:1157",0.048917,0.11484,0.13435,0.11705,0.25636,0.38828,0.32423,0.74499,0.68055,0.80107,0.78843,25
"YC19:1158",0.042779,0.10286,0.11573,0.092833,0.20846,0.32061,0.29965,0.61188,0.58592,0.74478,0.62606,24
"YC19:1160",0.039155,0.099053,0.11778,0.13133,0.24012,0.3997,0.31691,0.52589,0.63526,0.78411,0.68975,26
"YC19:1161",0.02909,0.071142,0.090475,0.093519,0.12794,0.28761,0.21987,0.59872,0.55921,0.72928,0.66757,21
"YC19:1163",0.040542,0.081401,0.11817,0.15114,0.22497,0.31117,0.28527,0.41937,0.5586,0.61933,0.60665,20
"YC19:1164",0.038256,0.096099,0.1285,0.14842,0.23851,0.3853,0.36928,0.5844,0.58895,0.70424,0.71206,25
"YC19:1165",0.037358,0.071538,0.095789,0.12738,0.2246,0.35114,0.35363,0.6835,0.64873,0.79111,0.79084,27
"YC19:1166",0.035443,0.074894,0.095783,0.12319,0.14829,0.26812,0.24307,0.5516,0.51523,0.69695,0.63583,19
"YC19:1167",0.01776,0.052386,0.072454,0.085324,0.14507,0.24556,0.20463,0.47105,0.44125,0.58503,0.58862,23
"YC19:1168",0.021963,0.058351,0.077114,0.10016,0.13998,0.22231,0.15379,0.43098,0.39625,0.58423,0.63511,24
"YC19:1169",0.023698,0.092643,0.11564,0.1369,0.18595,0.38198,0.27603,0.59561,0.58955,0.72434,0.76371,25
"YC19:1170",0.015665,0.047319,0.054339,0.069812,0.11021,0.21773,0.17897,0.57666,0.54785,0.67037,0.64012,21
"YC19:1172",0.041797,0.081755,0.10861,0.14161,0.21743,0.2975,0.28334,0.60474,0.59515,0.70148,0.6488,27
"YC19:1173",0.031904,0.053725,0.059398,0.083801,0.16125,0.27704,0.22543,0.55477,0.52289,0.6553,0.68114,23
"YC19:1174",0.0043725,0.025728,0.033704,0.039469,0.074319,0.15014,0.13877,0.47215,0.42195,0.58034,0.49508,18
"YC19:1176",0.034947,0.077171,0.092409,0.11785,0.1765,0.26658,0.19275,0.51533,0.57101,0.67674,0.75102,22
"YC19:1177",0.034461,0.072911,0.10097,0.11426,0.20286,0.33767,0.28923,0.66967,0.65241,0.75805,0.74899,26
"YC19:1178",0.022404,0.053411,0.079919,0.09959,0.19403,0.29653,0.28677,0.65223,0.55592,0.65384,0.63454,19
"YC19:1179",0.036526,0.051212,0.065241,0.080608,0.12391,0.20405,0.168,0.49867,0.53234,0.61948,0.69514,24
"YC19:1180",0.023111,0.042849,0.054351,0.066323,0.12899,0.20562,0.194,0.40026,0.45963,0.57154,0.57586,18
"YC19:1181",0.030263,0.060133,0.067736,0.086179,0.1591,0.24524,0.23386,0.4934,0.51407,0.583,0.64464,24
"YC19:1182",0.035818,0.075276,0.11087,0.12024,0.22784,0.35798,0.2852,0.60124,0.56122,0.67594,0.61904,25
"YC19:1183",0.020069,0.063544,0.078426,0.089132,0.19708,0.30791,0.24706,0.65959,0.6124,0.72605,0.77608,23
"YC19:1184",0.024333,0.080676,0.10447,0.12315,0.18543,0.33635,0.27306,0.6626,0.5899,0.68244,0.65388,24
"YC19:1185",0.036856,0.082792,0.11309,0.14487,0.2417,0.36238,0.33525,0.58928,0.63909,0.7411,0.73629,26
"YC19:1186",0.027715,0.066101,0.087399,0.1039,0.16241,0.27078,0.24687,0.55535,0.5418,0.64923,0.63689,25
"YC19:1187",0.035277,0.041745,0.059702,0.078095,0.11185,0.21028,0.17697,0.50545,0.5213,0.62934,0.72555,27
"YC19:1188",0.021123,0.046335,0.049197,0.063849,0.14895,0.24966,0.21434,0.59943,0.5743,0.69156,0.6629,25
"YC19:1189",0.042087,0.059777,0.082076,0.096521,0.13969,0.21239,0.20488,0.43887,0.49388,0.66691,0.62814,20
"YC19:1190",0.038122,0.053708,0.082076,0.098108,0.17033,0.27094,0.26492,0.5795,0.59566,0.70116,0.60907,22
"YC19:1191",0.022285,0.038459,0.049255,0.050665,0.10502,0.17708,0.15691,0.42417,0.46758,0.61329,0.65581,19
"YC19:1192",0.024478,0.041048,0.05043,0.050595,0.092253,0.18119,0.14518,0.44945,0.45714,0.63851,0.6765,17
"YC19:1193",0.057608,0.098153,0.10065,0.09596,0.11996,0.25089,0.21873,0.56376,0.53094,0.64631,0.64681,15
"YC19:1194",0.043945,0.074299,0.088629,0.086442,0.136,0.25097,0.20657,0.50856,0.49867,0.66793,0.71658,22
"YC19:1195",0.04843,0.090252,0.10266,0.12205,0.18557,0.32865,0.30214,0.66596,0.62928,0.73397,0.66875,23
"YC19:1196",0.049586,0.073155,0.10687,0.11984,0.19762,0.30914,0.28398,0.60077,0.57367,0.70584,0.69705,22
"YC19:1197",0.04829,0.079666,0.10999,0.12483,0.19013,0.31024,0.29287,0.63926,0.62,0.70429,0.70719,24
"YC19:1198",0.042338,0.055631,0.070387,0.08619,0.14628,0.21998,0.20753,0.55986,0.61792,0.68729,0.72867,22
"YC19:1200",0.025799,0.06162,0.089084,0.10969,0.17005,0.28732,0.23908,0.55133,0.54246,0.6693,0.73599,21
"YC19:1201",0.049445,0.081237,0.11192,0.14369,0.19791,0.35644,0.3325,0.72454,0.50701,0.65904,0.56075,23
"YC19:1202",0.027768,0.060022,0.085666,0.11149,0.18225,0.31925,0.28114,0.52127,0.5612,0.74743,0.78587,19
"YC19:1203",0.039354,0.066015,0.091156,0.1154,0.17826,0.28116,0.25062,0.50504,0.55315,0.67689,0.70815,23
"YC19:1204",0.028045,0.064599,0.088776,0.10094,0.18315,0.3018,0.2798,0.6605,0.61822,0.73495,0.69039,22
"YC19:1205",0.012021,0.044882,0.064237,0.071005,0.16789,0.27644,0.2455,0.5865,0.61273,0.71361,0.75013,27
"YC19:1206",0.034169,0.061796,0.081859,0.10199,0.14758,0.23719,0.20838,0.46723,0.47663,0.57981,0.67805,20
"YC19:1207",0.032206,0.07248,0.094299,0.10011,0.16954,0.27843,0.23129,0.68196,0.58021,0.70278,0.65106,25
"YC19:1208",0.032074,0.085379,0.10593,0.12923,0.19783,0.34568,0.27643,0.68183,0.65238,0.78062,0.77063,21
"YC19:1209",0.040436,0.10143,0.12193,0.13205,0.23646,0.39109,0.32567,0.65996,0.64171,0.73753,0.75877,23
"YC19:1210",0.032582,0.075376,0.095562,0.10643,0.20414,0.32109,0.25212,0.5715,0.57407,0.72073,0.74146,20
"YC19:1211",0.016843,0.035982,0.045547,0.058575,0.093253,0.16073,0.15093,0.36048,0.4164,0.53186,0.52418,15
"YC19:1213",0.041003,0.1063,0.14397,0.15869,0.26971,0.40001,0.36701,0.62227,0.61492,0.77839,0.6867,18
"YC19:1215",0.022457,0.061102,0.084244,0.11651,0.21162,0.34599,0.34387,0.62339,0.59421,0.77295,0.69324,16
"YC19:1216",0.027345,0.085294,0.10377,0.12751,0.19022,0.29618,0.29532,0.59759,0.63807,0.76405,0.76304,20
"YC19:1217",0.038296,0.080362,0.10827,0.1257,0.17676,0.31738,0.23905,0.69901,0.48751,0.65676,0.57187,17
"YC19:1218",0.030991,0.084959,0.1189,0.17315,0.26127,0.38828,0.31943,0.68356,0.73096,0.83013,0.75658,23
"YC19:1219",0.043219,0.076264,0.092647,0.13852,0.24114,0.34229,0.32796,0.5962,0.63963,0.72721,0.73224,17
"YC19:1220",0.0321,0.06565,0.09527,0.12893,0.27424,0.36196,0.35867,0.71453,0.62079,0.72882,0.66442,17
"YC19:1221",0.043909,0.09435,0.11427,0.14509,0.23953,0.37622,0.32979,0.67116,0.70563,0.74912,0.76182,19
"YC19:1222",0.031689,0.089515,0.12848,0.15246,0.28412,0.41549,0.36344,0.68315,0.65611,0.69094,0.71311,24
"YC19:1223",0.028328,0.073997,0.10528,0.10184,0.20049,0.29572,0.25791,0.59331,0.55686,0.64629,0.65635,22
"YC19:1224",0.0261,0.082288,0.10224,0.11405,0.22691,0.37372,0.31464,0.62935,0.60332,0.65693,0.62037,22
"YC19:1225",0.05376,0.12062,0.1449,0.14411,0.24368,0.42935,0.30919,0.70512,0.61509,0.75972,0.71512,21
"YC19:1226",0.032734,0.083134,0.10293,0.094744,0.20913,0.35352,0.29368,0.5913,0.54397,0.70544,0.70692,25
"YC19:1227",0.035374,0.077903,0.10977,0.11832,0.24475,0.34657,0.30464,0.6983,0.54079,0.73268,0.64457,22
"YC19:1228",0.024795,0.065295,0.071877,0.04953,0.17284,0.2947,0.24351,0.5356,0.55487,0.65932,0.7207,23
"YC19:1229",0.025435,0.068055,0.093699,0.077619,0.15597,0.25694,0.2,0.42998,0.3924,0.55993,0.58724,25
"YC19:1230",0.043245,0.10653,0.15627,0.12932,0.29762,0.42449,0.3573,0.61399,0.54772,0.6832,0.5344,21
"YC19:1232",0.056425,0.095193,0.12928,0.13763,0.25756,0.38841,0.33996,0.61691,0.5994,0.68727,0.67315,23
"YC19:1233",0.036711,0.12323,0.12533,0.08992,0.20416,0.32763,0.24477,0.56025,0.51541,0.67169,0.61412,24
"YC19:1235",0.029749,0.10518,0.12668,0.082745,0.26148,0.3857,0.30515,0.64993,0.56956,0.72811,0.71476,23
"YC19:1236",0.0079392,0.032033,0.038549,0.039108,0.11009,0.17228,0.14007,0.46889,0.46288,0.63285,0.6342,17
"YC19:1237",0.03074,0.081428,0.099644,0.099987,0.2357,0.33796,0.32631,0.58704,0.56471,0.74372,0.67084,24
"YC19:1238",0.023377,0.057405,0.076531,0.066739,0.17201,0.28423,0.23191,0.62144,0.56034,0.71871,0.6623,15
"YC19:1239",0.031609,0.083711,0.096723,0.089359,0.21039,0.32392,0.27922,0.55694,0.56464,0.71504,0.68633,21
"YC19:1241",0.043046,0.06513,0.074889,0.055265,0.1837,0.32285,0.23075,0.62059,0.56712,0.75157,0.73595,23
"YC19:1242",0.026732,0.063246,0.07483,0.09037,0.17068,0.28777,0.24675,0.59381,0.53527,0.75134,0.66835,19
"YC19:1243",0.01657,0.047831,0.066431,0.059484,0.142,0.23161,0.17628,0.44411,0.38368,0.69172,0.62396,18
"YC19:1244",0.034994,0.098022,0.11703,0.092553,0.25169,0.39815,0.36853,0.67525,0.62261,0.74858,0.73247,24
"YC19:1245",0.035237,0.079775,0.1082,0.082447,0.22947,0.31865,0.31271,0.67351,0.64952,0.79055,0.74621,24
"YC19:1246",0.020488,0.076129,0.098427,0.087976,0.17048,0.26975,0.25142,0.68542,0.57026,0.70564,0.52911,17
"YC19:1248",0.050911,0.15615,0.18184,0.17088,0.29448,0.50996,0.39272,0.72433,0.64061,0.7939,0.80635,25
"YC19:1249",0.058101,0.13727,0.16761,0.14764,0.28116,0.45751,0.38276,0.68276,0.61777,0.71071,0.67653,24
"YC19:1250",0.042933,0.10785,0.13183,0.14026,0.241,0.40864,0.34601,0.68365,0.67331,0.74721,0.68782,22
"YC19:1251",0.04828,0.12616,0.14836,0.15575,0.31534,0.44998,0.41337,0.60704,0.60513,0.66078,0.67854,25
"YC19:1252",0.037371,0.092261,0.10829,0.11501,0.21426,0.34464,0.31328,0.72145,0.5647,0.70349,0.63177,24
"YC19:1253",0.038362,0.083736,0.092873,0.1004,0.21999,0.3482,0.27295,0.60926,0.60733,0.75926,0.73967,23
"YC19:1254",0.043752,0.11428,0.12962,0.13592,0.22546,0.37581,0.26495,0.62548,0.59946,0.7778,0.72141,21
"YC19:1255",0.023945,0.040284,0.061192,0.08041,0.14561,0.26339,0.22912,0.62669,0.58767,0.72072,0.7077,22
"YC19:1256",0.047227,0.085527,0.12624,0.15437,0.23634,0.37699,0.34035,0.62019,0.64111,0.76357,0.7115,22
"YC19:1257",0.037268,0.11244,0.13193,0.13552,0.22879,0.39785,0.3257,0.60828,0.61933,0.68534,0.68018,20
"YC19:1258",0.031371,0.064175,0.09148,0.1164,0.17506,0.29692,0.27045,0.67046,0.58951,0.71889,0.63757,19
"YC19:1260",0.0072259,0.034405,0.047277,0.05136,0.078225,0.1501,0.11096,0.41345,0.43626,0.60645,0.67248,15
"YC19:1261",0.040711,0.075458,0.094525,0.096681,0.12924,0.2476,0.18005,0.58802,0.63777,0.76693,0.82195,23
"YC19:1262",0.029247,0.059215,0.078652,0.089493,0.14296,0.2259,0.20668,0.60969,0.6031,0.73502,0.75716,22
"YC19:1263",0.016781,0.048031,0.072595,0.088823,0.16154,0.25221,0.24455,0.60016,0.6538,0.77899,0.80208,22
"YC19:1264",0.019683,0.045195,0.0678,0.088237,0.13804,0.24043,0.17865,0.65935,0.59624,0.7166,0.67318,20
"YC19:1266",0.027087,0.052045,0.053885,0.053056,0.096013,0.16118,0.15747,0.35607,0.35218,0.51017,0.48091,18
"YC19:1267",0.014742,0.0368,0.046825,0.069879,0.1108,0.17804,0.15766,0.52011,0.55972,0.64342,0.71604,20
"YC19:1268",0.059022,0.11413,0.14726,0.1872,0.28,0.39361,0.38048,0.72613,0.7416,0.78162,0.75579,23
"YC19:1269",0.01752,0.048152,0.074891,0.075036,0.15471,0.24874,0.22779,0.65289,0.6263,0.73866,0.68177,18
"YC19:1270",0.018904,0.057004,0.087383,0.097977,0.14536,0.23387,0.19736,0.54398,0.58366,0.70598,0.62435,19
"YC19:1271",0.018256,0.035967,0.043552,0.050159,0.077407,0.1439,0.11852,0.3746,0.43017,0.56931,0.62984,15
"YC19:1272",0.010501,0.029698,0.047429,0.061434,0.12315,0.20227,0.15604,0.52019,0.55236,0.6315,0.62332,16
"YC19:1273",0.032203,0.071824,0.099789,0.11444,0.17797,0.27316,0.20521,0.50116,0.53636,0.65546,0.68811,19
"YC19:1274",0.033435,0.058578,0.080385,0.088838,0.17591,0.25477,0.21378,0.58788,0.56951,0.69374,0.7112,20
"YC19:1275",0.037872,0.073379,0.10856,0.1102,0.19675,0.31675,0.28077,0.56235,0.56891,0.69161,0.6983,27
"YC19:1276",0.015871,0.041758,0.056383,0.062076,0.15746,0.25246,0.21869,0.62818,0.53387,0.66917,0.69651,21
"YC19:1277",0.027594,0.059917,0.074905,0.091697,0.13417,0.20902,0.16719,0.49192,0.56429,0.7119,0.76814,17
"YC19:1278",0.046796,0.088135,0.10891,0.14994,0.2185,0.31918,0.28663,0.63617,0.61091,0.70979,0.67004,22
"YC19:1279",0.034293,0.045625,0.065079,0.074274,0.14734,0.23934,0.18355,0.51256,0.49457,0.63472,0.62332,18
"YC19:1280",0.03049,0.042094,0.060454,0.062209,0.092452,0.18714,0.12583,0.50109,0.43256,0.59653,0.55854,16
"YC19:1281",0.029849,0.076975,0.10377,0.11266,0.17981,0.30704,0.23286,0.61015,0.60744,0.69562,0.67271,26
"YC19:1283",0.018997,0.035537,0.060139,0.076944,0.11955,0.21117,0.17407,0.44749,0.46566,0.60684,0.73151,22
"YC19:1284",0.0098283,0.019356,0.018513,0.019788,0.030378,0.069237,0.048082,0.32277,0.34839,0.52768,0.30316,18
"YC19:1285",0.033012,0.049018,0.080434,0.094974,0.18118,0.27983,0.24848,0.58596,0.63071,0.71485,0.75228,26
"YC19:1286",0.055509,0.064149,0.087723,0.10689,0.18451,0.25403,0.27531,0.6256,0.63802,0.74436,0.70423,21
"YC19:1287",0.033223,0.050228,0.065517,0.074048,0.16001,0.25336,0.18999,0.55226,0.62079,0.68576,0.74197,25
"YC19:1288",0.050594,0.07162,0.082685,0.10057,0.15807,0.24651,0.20725,0.49756,0.58539,0.66026,0.70013,23
"YC19:1289",0.094927,0.08502,0.10103,0.095131,0.14028,0.22556,0.22601,0.52508,0.63407,0.75864,0.74167,17
"YC19:1290",0.040871,0.069071,0.083155,0.084001,0.15416,0.23014,0.20553,0.48579,0.56542,0.69383,0.65619,22
"YC19:1291",0.057928,0.074593,0.094898,0.11297,0.22921,0.349,0.35471,0.76382,0.72132,0.81142,0.70944,22
"YC19:1292",0.033839,0.058615,0.082556,0.083717,0.18961,0.28785,0.24392,0.5833,0.56374,0.74689,0.77966,21
"YC19:1293",0.034749,0.051492,0.062469,0.079762,0.14331,0.22032,0.19716,0.5249,0.56445,0.64736,0.69384,18
"YC19:1294",0.014894,0.032156,0.044428,0.047232,0.073746,0.13717,0.12185,0.34548,0.42657,0.48176,0.65092,23
"YC19:1295",0.032018,0.063738,0.084613,0.097725,0.13126,0.23933,0.1784,0.67517,0.51654,0.6532,0.61663,20
"YC19:1296",0.021559,0.05464,0.080067,0.079312,0.14285,0.23885,0.17714,0.5232,0.52448,0.6054,0.69737,19
"YC19:1297",0.040343,0.06158,0.084823,0.090833,0.14459,0.26584,0.21804,0.68819,0.6213,0.7228,0.61103,23
"YC19:1298",0.033235,0.043433,0.062482,0.07877,0.15295,0.27423,0.23573,0.57225,0.60875,0.6938,0.78136,26
"YC19:1299",0.043765,0.066799,0.081809,0.085225,0.13139,0.19695,0.18046,0.46969,0.50445,0.63147,0.62234,20
"YC19:1301",0.037028,0.078477,0.10831,0.12372,0.20988,0.2957,0.25132,0.67984,0.65104,0.76076,0.74886,20
"YC19:1302",0.012761,0.03374,0.048413,0.059378,0.099896,0.20074,0.16959,0.55635,0.55256,0.68441,0.74704,19
"YC19:1303",0.031662,0.061129,0.089813,0.10819,0.16105,0.28112,0.24103,0.56935,0.58456,0.68088,0.72236,20
"YC19:1305",0.020135,0.054635,0.076513,0.094276,0.1322,0.24224,0.17834,0.51498,0.5611,0.64264,0.62964,18
"YC19:1306",0.019894,0.052455,0.079692,0.095706,0.16175,0.23925,0.20227,0.49857,0.48053,0.61914,0.67501,22
"YC19:1308",0.04139,0.12276,0.1574,0.17031,0.25259,0.36709,0.3313,0.60117,0.57301,0.71401,0.71559,25
"YC19:1309",0.0091281,0.034765,0.044363,0.066739,0.11002,0.19192,0.16614,0.42645,0.45072,0.52507,0.53792,15
"YC19:1310",0.021044,0.054012,0.075964,0.097763,0.18842,0.27752,0.25713,0.54397,0.54942,0.66184,0.62366,25
"YC19:1311",0.033989,0.10731,0.12775,0.15552,0.24283,0.35892,0.31996,0.71887,0.63018,0.77005,0.73666,20
"YC19:1312",0.040872,0.089419,0.10512,0.13779,0.22569,0.38245,0.32794,0.67639,0.70921,0.78403,0.77095,24
"YC19:1313",0.0094188,0.037647,0.045111,0.038721,0.071081,0.13442,0.12335,0.43868,0.49361,0.5532,0.70956,20
"YC19:1314",0.017,0.051648,0.059167,0.074742,0.11252,0.17389,0.13036,0.63564,0.43086,0.56067,0.40005,16
"YC19:1315",0.011161,0.041226,0.048931,0.077447,0.12051,0.21192,0.15781,0.6104,0.6253,0.78763,0.81758,20
"YC19:1316",0.030449,0.088006,0.1108,0.1432,0.21041,0.32312,0.29763,0.62585,0.57818,0.70559,0.74652,21
"YC19:1317",0.041578,0.09741,0.12358,0.15638,0.22765,0.35295,0.28887,0.62928,0.60874,0.74715,0.76414,19
"YC19:1319",0.018653,0.054203,0.073901,0.077762,0.13687,0.21361,0.18555,0.47421,0.44653,0.65322,0.61358,18
"YC19:1320",0.013223,0.045577,0.063994,0.058929,0.10994,0.20837,0.17835,0.45053,0.42233,0.52306,0.51683,15
"YC19:1321",0.012906,0.036787,0.056738,0.045661,0.098759,0.17007,0.12322,0.46004,0.49434,0.60193,0.59159,25
"YC19:1322",0.023588,0.072576,0.088241,0.080527,0.15274,0.23103,0.19621,0.59277,0.48939,0.67058,0.60049,16
"YC19:1323",0.0033818,0.022471,0.032167,0.039402,0.11629,0.2054,0.18525,0.52397,0.50721,0.66083,0.72473,17
"YC19:1324",0.021588,0.06005,0.0799,0.073651,0.14832,0.25865,0.21131,0.505,0.4884,0.61555,0.57855,17
"YC19:1325",0.010633,0.037415,0.047457,0.043758,0.08357,0.16933,0.12301,0.46305,0.45487,0.57518,0.65791,20
"YC19:1326",0.016897,0.038849,0.047522,0.051654,0.081525,0.14979,0.10211,0.26918,0.29111,0.4689,0.41325,17
"YC19:1327",0.033937,0.091714,0.10838,0.10847,0.25487,0.38224,0.33235,0.63375,0.61019,0.74393,0.58182,22
"YC19:1328",0.018098,0.038808,0.038526,0.031204,0.07605,0.13571,0.11336,0.46567,0.48418,0.60754,0.71696,18
"YC19:1331",0.030449,0.073813,0.097927,0.073887,0.1416,0.25166,0.18295,0.55267,0.48182,0.63623,0.63353,24
"YC19:1332",0.041215,0.11204,0.14461,0.12534,0.25883,0.38896,0.32008,0.61333,0.56068,0.68505,0.66536,25
"YC19:1333",0.051731,0.13782,0.16163,0.18885,0.36578,0.48647,0.44148,0.65597,0.58648,0.74362,0.66277,22
"YC19:1334",0.026479,0.073764,0.087543,0.085899,0.17785,0.29779,0.28007,0.68011,0.67417,0.72195,0.73388,23
"YC19:1335",0.036619,0.076749,0.087512,0.086865,0.21606,0.31085,0.26353,0.56679,0.51956,0.6795,0.63764,17
"YC19:1336",0.028522,0.068929,0.085608,0.075397,0.18159,0.28851,0.2368,0.55731,0.53134,0.7082,0.70275,20
"YC19:1337",0.020568,0.057664,0.064104,0.056651,0.13419,0.25224,0.18901,0.58423,0.53061,0.72771,0.72957,16
"YC19:1338",0.037379,0.090184,0.12067,0.094497,0.24649,0.3979,0.28343,0.58764,0.53729,0.71856,0.71564,24
"YC19:1339",0.014579,0.041431,0.052542,0.053095,0.13931,0.24746,0.17657,0.50196,0.44804,0.66364,0.52769,16
"YC19:1340",0.032708,0.09406,0.099029,0.08006,0.19608,0.27143,0.25005,0.552,0.53248,0.70685,0.67416,25
"YC19:1344",0.041777,0.09838,0.11024,0.1036,0.2216,0.39419,0.31087,0.71546,0.65238,0.77679,0.70067,19
"YC19:1345",0.020802,0.044928,0.061678,0.063733,0.12002,0.20379,0.16155,0.57611,0.56628,0.65166,0.70106,17
"YC19:1346",0.057371,0.12947,0.15465,0.12284,0.23633,0.38235,0.32578,0.70685,0.57066,0.69302,0.64771,20
"YC19:1347",0.017807,0.070897,0.083657,0.081825,0.1696,0.2925,0.22743,0.56151,0.50788,0.61695,0.65463,22
"YC19:1348",0.023884,0.070568,0.097198,0.10177,0.1916,0.33165,0.25658,0.63844,0.54991,0.63723,0.66328,20
"YC19:1349",0.028758,0.061061,0.078215,0.092232,0.17021,0.27175,0.23247,0.56103,0.49914,0.65667,0.66134,20
"YC19:1350",0.028488,0.056218,0.0684,0.082765,0.16781,0.25781,0.24411,0.62811,0.62277,0.72863,0.77669,19
"YC19:1351",0.016662,0.056484,0.083722,0.097698,0.19486,0.31098,0.2715,0.71787,0.62528,0.74034,0.65338,23
"YC19:1353",0.0349,0.079379,0.099773,0.095305,0.17809,0.2903,0.22442,0.58738,0.59959,0.70596,0.75034,26
"YC19:1354",0.023879,0.06453,0.073127,0.088063,0.11205,0.21235,0.15432,0.62242,0.59868,0.73751,0.71117,22
"YC19:1355",0.027147,0.084607,0.12123,0.11838,0.1847,0.28795,0.24324,0.62928,0.62705,0.71361,0.72472,23
"YC19:1356",0.041472,0.079789,0.098517,0.12183,0.22434,0.32605,0.28177,0.75905,0.72315,0.82827,0.82459,18
"YC19:1357",0.057266,0.12096,0.14846,0.16284,0.31393,0.46273,0.39562,0.80073,0.75723,0.83395,0.78657,22
"YC19:1358",0.019419,0.038634,0.054112,0.069299,0.12166,0.24836,0.19432,0.73037,0.61688,0.72323,0.7041,24
"YC19:1359",0.040404,0.086407,0.11435,0.1232,0.19731,0.298,0.25363,0.60402,0.598,0.72625,0.71463,20
"YC19:1360",0.011583,0.047192,0.064464,0.084563,0.13642,0.23852,0.18266,0.56825,0.57877,0.72401,0.71924,15
"YC19:1361",0.031596,0.084884,0.10768,0.12115,0.17649,0.31086,0.24943,0.65107,0.56761,0.71799,0.70524,22
"YC19:1362",0.015429,0.040634,0.047341,0.068598,0.12048,0.2122,0.20129,0.5215,0.51436,0.69667,0.68145,16
"YC19:1363",0.041757,0.074188,0.10021,0.12368,0.18626,0.27814,0.26774,0.56381,0.59153,0.68825,0.64555,22
"YC19:1364",0.017239,0.039491,0.056581,0.075036,0.15001,0.23777,0.22449,0.49694,0.52011,0.65481,0.6275,17
"YC19:1365",0.023567,0.079496,0.096496,0.13449,0.18871,0.31095,0.26144,0.55949,0.57455,0.68763,0.73881,20
"YC19:1366",0.01498,0.047605,0.066586,0.074622,0.12841,0.19775,0.1761,0.61433,0.61317,0.75739,0.71764,21
"YC19:1367",0.03856,0.073805,0.10479,0.10984,0.16787,0.26252,0.21374,0.50262,0.46425,0.60976,0.63404,20
"YC19:1368",0.043369,0.082212,0.11151,0.10824,0.14684,0.26897,0.2031,0.62647,0.55358,0.71546,0.62688,16
"YC19:1369",0.031083,0.081278,0.11856,0.12896,0.20531,0.32613,0.27474,0.5791,0.54609,0.6359,0.64618,19
"YC19:1370",0.0088654,0.045789,0.061993,0.061501,0.10659,0.18806,0.1516,0.52995,0.48467,0.63116,0.62188,18
"YC19:1371",0.0279,0.05684,0.086978,0.099603,0.14401,0.24321,0.20432,0.48902,0.47222,0.57746,0.61298,19
"YC19:1372",0.028641,0.053862,0.072912,0.080915,0.14508,0.23368,0.2068,0.51851,0.46353,0.62591,0.69171,18
"YC19:1373",0.021161,0.033249,0.041119,0.042368,0.0722,0.10794,0.10184,0.28132,0.32395,0.51336,0.51959,16
"YC19:1375",0.032906,0.037838,0.045398,0.039549,0.060358,0.13103,0.099394,0.37157,0.44628,0.58368,0.70358,22
"YC19:1376",0.046024,0.078972,0.096971,0.075717,0.12308,0.2128,0.15637,0.44793,0.52767,0.65775,0.67838,18
"YC19:1377",0.08305,0.10118,0.11542,0.069852,0.077915,0.13809,0.095325,0.42538,0.469,0.63966,0.65712,23
"YC19:1379",0.061044,0.081985,0.11144,0.1346,0.21624,0.32993,0.2703,0.43264,0.53232,0.69043,0.64632,25
"YC19:1381",0.037084,0.056764,0.056706,0.058281,0.091955,0.13922,0.12805,0.36422,0.41771,0.57087,0.67379,18
"YC19:1382",0.071876,0.11267,0.14486,0.15817,0.23655,0.34503,0.28822,0.60853,0.6152,0.74688,0.63669,21
"YC19:1384",0.052531,0.061404,0.067672,0.079603,0.15248,0.27148,0.23972,0.61856,0.67364,0.7536,0.76305,18
"YC19:1386",0.030766,0.035496,0.041849,0.040741,0.071305,0.12168,0.11552,0.37042,0.42147,0.62299,0.65823,19
"YC19:1387",0.057377,0.073993,0.11588,0.1173,0.22232,0.31767,0.28111,0.57029,0.56502,0.72858,0.61587,18
"YC19:1388",0.053383,0.085744,0.11937,0.11632,0.19295,0.28341,0.27591,0.65268,0.69787,0.77376,0.80823,24
"YC19:1389",0.029409,0.043436,0.063071,0.06295,0.098695,0.1788,0.15934,0.54429,0.57731,0.71412,0.71602,17
"YC19:1390",0.05433,0.072781,0.097263,0.11691,0.18628,0.29034,0.27071,0.65024,0.68907,0.78245,0.76282,22
"YC19:1391",0.025971,0.035844,0.061298,0.069893,0.11563,0.20493,0.1789,0.54611,0.61081,0.71469,0.70024,24
"YC19:1392",0.031476,0.056812,0.071137,0.040551,0.071603,0.14857,0.1122,0.44532,0.49489,0.61675,0.65653,17
"YC19:1393",0.021843,0.071565,0.10079,0.1158,0.15804,0.28577,0.21835,0.66807,0.66039,0.7963,0.77674,20
"YC19:1394",0.024926,0.040836,0.053855,0.047659,0.091647,0.15914,0.13508,0.37484,0.36057,0.50682,0.52001,15
"YC19:1395",0.035487,0.054982,0.072886,0.093568,0.16612,0.25038,0.21886,0.60605,0.58051,0.73669,0.72999,21
"YC19:1396",0.035654,0.079215,0.11501,0.11346,0.19556,0.27829,0.26903,0.61942,0.53068,0.71886,0.78163,18
"YC19:1397",0.049331,0.097454,0.14623,0.1492,0.24571,0.35533,0.32905,0.66476,0.56034,0.73965,0.70936,23
"YC19:1398",0.017071,0.043528,0.058881,0.058789,0.11084,0.18007,0.15384,0.4775,0.47591,0.59367,0.61232,19
"YC19:1399",0.013668,0.02799,0.038325,0.032302,0.068619,0.11582,0.092403,0.44912,0.46834,0.64971,0.55479,18
"YC19:1400",0.054822,0.088189,0.1334,0.13577,0.24243,0.36205,0.34954,0.76105,0.8236,0.90594,0.84659,27
"YC19:1401",0.043074,0.074804,0.095206,0.091627,0.16241,0.28364,0.2419,0.67699,0.76123,0.83381,0.83298,20
"YC19:1402",0.018153,0.041349,0.063355,0.06551,0.098848,0.17618,0.11734,0.41549,0.47577,0.56781,0.58893,17
"YC19:1403",0.038694,0.096366,0.13503,0.14673,0.23312,0.37073,0.31407,0.63265,0.56098,0.68872,0.67714,25
"YC19:1404",0.038615,0.071897,0.098105,0.084897,0.15055,0.25094,0.1934,0.50691,0.5201,0.69949,0.7326,21
"YC19:1405",0.023311,0.065568,0.097356,0.11731,0.17729,0.28317,0.23289,0.55417,0.59588,0.71253,0.64139,22
"YC19:1406",0.015826,0.031937,0.050016,0.044735,0.095492,0.14928,0.1174,0.4258,0.48581,0.61039,0.60723,19
"YC19:1407",0.027543,0.10557,0.13589,0.13046,0.17569,0.29542,0.22612,0.5952,0.54639,0.69978,0.59682,25
"YC19:1408",0.03049,0.083401,0.11212,0.13278,0.20444,0.30984,0.24098,0.6449,0.60607,0.72701,0.67829,19
"YC19:1409",0.018563,0.05296,0.070586,0.091508,0.15568,0.2841,0.22989,0.62789,0.62076,0.76448,0.68489,24
"YC19:1410",0.032444,0.066759,0.084185,0.10651,0.19898,0.32641,0.29183,0.69835,0.74248,0.81367,0.82752,24
"YC19:1412",0.031546,0.093776,0.11623,0.14594,0.23783,0.38423,0.33136,0.60826,0.61516,0.76955,0.6989,21
"YC19:1413",0.021854,0.05806,0.074765,0.092659,0.17391,0.28706,0.24831,0.6666,0.5767,0.73056,0.7199,24
"YC19:1414",0.054894,0.12976,0.16644,0.19012,0.27755,0.41259,0.34684,0.7247,0.58178,0.71379,0.6965,23
"YC19:1415",0.03017,0.073874,0.099822,0.11194,0.20262,0.31868,0.2659,0.63714,0.59602,0.70581,0.73359,21
"YC19:1416",0.027744,0.056387,0.066634,0.077606,0.14837,0.27905,0.22734,0.60485,0.61024,0.70863,0.63659,18
"YC19:1417",0.008496,0.025773,0.035815,0.040297,0.075359,0.14284,0.10399,0.46802,0.49344,0.66854,0.66646,19
"YC19:1418",0.0193,0.051599,0.06571,0.069571,0.15288,0.23138,0.20206,0.58342,0.57997,0.73205,0.71425,18
"YC19:1419",0.015505,0.036915,0.055779,0.070569,0.13719,0.2414,0.21377,0.62465,0.55927,0.74697,0.75861,23
"YC19:1420",0.018628,0.054463,0.073988,0.078617,0.16352,0.28859,0.23295,0.66474,0.60407,0.71136,0.73965,19
"YC19:1421",0.037482,0.084733,0.11291,0.091804,0.18586,0.30115,0.25488,0.55978,0.50649,0.60597,0.63757,20
"YC19:1423",0.022657,0.060446,0.065824,0.050425,0.13731,0.20318,0.18823,0.5069,0.49641,0.59598,0.53444,19
"YC19:1424",0.029502,0.064298,0.072566,0.059868,0.15606,0.23656,0.20853,0.57847,0.59242,0.67718,0.62893,20
"YC19:1425",0.029077,0.081988,0.11027,0.077037,0.17541,0.33288,0.24234,0.61923,0.62255,0.70734,0.71411,24
"YC19:1426",0.022761,0.051666,0.064885,0.062923,0.14823,0.20369,0.19371,0.61632,0.63732,0.73204,0.73504,20
"YC19:1427",0.042827,0.072976,0.088419,0.098849,0.1831,0.25796,0.26831,0.67913,0.68627,0.80622,0.75343,23
"YC19:1428",0.030066,0.082958,0.10439,0.10037,0.23923,0.31055,0.28217,0.6114,0.56659,0.76893,0.73636,20
"YC19:1429",0.032734,0.092533,0.10476,0.11358,0.24467,0.36755,0.31745,0.6502,0.5833,0.72659,0.62872,26
"YC19:1430",0.032071,0.077977,0.095465,0.086246,0.20569,0.3006,0.24184,0.66481,0.60747,0.79576,0.757,20
"YC19:1431",0.024354,0.054558,0.053596,0.05664,0.13942,0.22402,0.20677,0.55382,0.55488,0.68021,0.74842,22
"YC19:1433",0.035284,0.051143,0.0553,0.037738,0.087106,0.18006,0.12268,0.45891,0.38154,0.62199,0.59824,16
"YC19:1435",0.017886,0.052072,0.054924,0.046403,0.10294,0.17048,0.10865,0.41297,0.4415,0.55914,0.64397,19
"YC19:1436",0.026803,0.062768,0.085083,0.089471,0.1638,0.2562,0.21519,0.60143,0.57096,0.73793,0.66806,24
"YC19:1437",0.016486,0.057023,0.077616,0.064471,0.20243,0.31844,0.26371,0.64841,0.56779,0.80252,0.76976,21
"YC19:1438",0.01252,0.034396,0.049457,0.038266,0.13957,0.20563,0.18272,0.59314,0.58601,0.78396,0.79934,23
"YC19:1439",0.018375,0.061143,0.070246,0.068649,0.19664,0.3225,0.26562,0.65901,0.63653,0.72155,0.68326,24
"YC19:1440",0.036741,0.073006,0.09506,0.10114,0.1814,0.29835,0.21838,0.56254,0.61324,0.68548,0.68075,21
"YC19:1441",0.029128,0.057388,0.079041,0.084148,0.15698,0.27371,0.19921,0.63919,0.64601,0.69995,0.74331,20
"YC19:1442",0.0077177,0.022812,0.025661,0.022059,0.057185,0.10457,0.089841,0.44036,0.46376,0.66094,0.68189,16
"YC19:1443",0.020515,0.047728,0.053142,0.058642,0.14034,0.21312,0.18139,0.51106,0.54427,0.64136,0.69669,18
"YC19:1444",0.028296,0.060856,0.073301,0.076867,0.15438,0.23617,0.22363,0.50863,0.47642,0.5881,0.59053,20
"YC19:1446",0.032652,0.077699,0.090379,0.10005,0.21426,0.31722,0.31033,0.5703,0.64524,0.71184,0.77697,21
"YC19:1447",0.031624,0.082643,0.10441,0.10729,0.22458,0.32417,0.30686,0.71302,0.61355,0.71168,0.65741,24
"YC19:1448",0.014359,0.044532,0.059414,0.068492,0.14165,0.28017,0.21603,0.57843,0.51552,0.65877,0.6827,20
"YC19:1449",0.029716,0.076059,0.098469,0.09449,0.20759,0.37603,0.28027,0.63329,0.61309,0.71472,0.72168,18
"YC19:1450",0.022704,0.047947,0.068286,0.08817,0.16642,0.27587,0.23467,0.6459,0.60663,0.73184,0.71061,22
"YC19:1451",0.007116,0.033245,0.046807,0.065857,0.15905,0.25976,0.20629,0.56151,0.57019,0.64032,0.69015,20
"YC19:1452",0.03638,0.08931,0.1151,0.13153,0.1962,0.3428,0.25714,0.59433,0.68491,0.72568,0.71066,27
"YC19:1453",0.017827,0.063997,0.088127,0.12029,0.21026,0.3445,0.27039,0.61373,0.64257,0.73798,0.80788,22
"YC19:1454",0.03578,0.081469,0.10224,0.11675,0.19828,0.31494,0.26972,0.76845,0.68084,0.79661,0.67494,24
"YC19:1456",0.040251,0.10186,0.11799,0.12391,0.15532,0.27916,0.18584,0.53926,0.58512,0.68711,0.73272,22
"YC19:1457",0.026372,0.050542,0.067348,0.087863,0.15547,0.23124,0.19559,0.51048,0.50409,0.66425,0.62193,20
"YC19:1458",0.0031049,0.015422,0.017729,0.016247,0.049506,0.10511,0.065358,0.42597,0.48268,0.56677,0.60988,18
"YC19:1459",0.033888,0.072167,0.10774,0.12915,0.19156,0.28388,0.25444,0.52711,0.53378,0.68235,0.68995,21
"YC19:1460",0.054455,0.13049,0.17019,0.18222,0.27302,0.40833,0.36627,0.6452,0.61599,0.75888,0.73006,25
"YC19:1461",0.022467,0.063697,0.088873,0.1019,0.15016,0.23264,0.20238,0.56312,0.52346,0.62784,0.65248,19
"YC19:1462",0.054227,0.11429,0.14835,0.18501,0.26997,0.42147,0.34484,0.63023,0.70797,0.79799,0.80815,25
"YC19:1463",0.015612,0.064514,0.083309,0.083889,0.12756,0.24281,0.18407,0.66943,0.63007,0.7738,0.7073,23
"YC19:1464",0.028862,0.08028,0.10865,0.13102,0.21088,0.34182,0.27327,0.64145,0.688,0.73712,0.67254,22
"YC19:1465",0.04358,0.10107,0.12966,0.11906,0.15672,0.30353,0.22367,0.53244,0.55275,0.65931,0.69281,21
"YC19:1466",0.019551,0.039478,0.057972,0.057854,0.10047,0.15591,0.12949,0.4927,0.50532,0.64561,0.62465,19
"YC19:1467",0.036508,0.064103,0.089226,0.091574,0.17696,0.28225,0.24555,0.6116,0.65717,0.73523,0.77296,24
"YC19:1468",0.045961,0.098721,0.13528,0.13233,0.21007,0.31971,0.28008,0.70538,0.53528,0.68846,0.60124,21
"YC19:1469",0.01723,0.034103,0.04689,0.054326,0.10179,0.17372,0.15384,0.38438,0.43512,0.59813,0.63326,19
"YC19:1470",0.044327,0.060883,0.078102,0.079913,0.1414,0.19369,0.19103,0.4865,0.56115,0.67767,0.70764,24
"YC19:1471",0.067454,0.093285,0.12656,0.10804,0.17942,0.25998,0.23888,0.50963,0.52584,0.67459,0.65991,20
"YC19:1472",0.051717,0.089678,0.11241,0.086861,0.14825,0.23467,0.20634,0.5145,0.5271,0.65152,0.63242,25
"YC19:1473",0.046412,0.079889,0.097794,0.09477,0.16377,0.26129,0.23127,0.53718,0.61797,0.68694,0.74285,21
"YC19:1474",0.069359,0.11449,0.14759,0.15367,0.23807,0.35724,0.3168,0.70392,0.59875,0.70693,0.66798,25
"YC19:1475",0.050251,0.080159,0.10696,0.13036,0.20265,0.32268,0.29933,0.66771,0.69722,0.74872,0.76263,24
"YC19:1477",0.027688,0.056509,0.078409,0.090833,0.16912,0.21633,0.21829,0.36212,0.52238,0.69491,0.74882,16
"YC19:1478",0.040766,0.057942,0.071014,0.070476,0.1384,0.22641,0.22132,0.60929,0.59159,0.7485,0.72351,20
"YC19:1479",0.050438,0.05072,0.056998,0.056058,0.11301,0.20179,0.18872,0.51519,0.60425,0.73783,0.70367,20
"YC19:1480",0.038085,0.053206,0.052397,0.067701,0.12377,0.18806,0.18265,0.59313,0.64387,0.75635,0.69935,20
"YC19:1481",0.04147,0.051799,0.048882,0.066659,0.12671,0.20193,0.21567,0.51993,0.50825,0.71664,0.69846,17
"YC19:1482",0.074901,0.086946,0.092484,0.11057,0.16736,0.29021,0.2403,0.50344,0.5927,0.6728,0.70255,20
"YC19:1483",0.078927,0.11133,0.14721,0.14197,0.22052,0.39132,0.31636,0.6235,0.65623,0.77125,0.69295,21
"YC19:1484",0.065633,0.08248,0.1058,0.10986,0.20571,0.24746,0.25525,0.54757,0.66607,0.73047,0.74165,22
"YC19:1485",0.055918,0.059148,0.071445,0.06086,0.14227,0.22489,0.20738,0.5584,0.6386,0.68386,0.7121,22
"YC19:1486",0.044055,0.063703,0.080305,0.087923,0.14611,0.21955,0.19417,0.54613,0.59129,0.68639,0.6456,22
"YC19:1487",0.045641,0.062754,0.075591,0.08793,0.13446,0.21686,0.22066,0.60915,0.62308,0.6911,0.67983,21
"YC19:1488",0.044781,0.068574,0.10546,0.11611,0.16705,0.25418,0.2146,0.50537,0.5724,0.67347,0.76808,23
"YC19:1489",0.03715,0.066831,0.094331,0.095331,0.12293,0.23257,0.16549,0.4468,0.43957,0.55003,0.53896,25
"YC19:1490",0.042678,0.08151,0.11803,0.12446,0.17973,0.26979,0.21985,0.51866,0.53522,0.62349,0.68096,21
"YC19:1491",0.00878,0.013127,0.018497,0.020042,0.033917,0.071744,0.054263,0.28034,0.3068,0.49074,0.57116,16
"YC19:1492",0.025772,0.063339,0.085633,0.10167,0.21394,0.30101,0.27085,0.58127,0.54276,0.67462,0.59378,20
"YC19:1493",0.02657,0.063134,0.089974,0.096561,0.17711,0.28237,0.23978,0.70241,0.60331,0.76533,0.76355,24
"YC19:1494",0.034544,0.08625,0.10261,0.10603,0.16471,0.27148,0.22418,0.61477,0.5488,0.66209,0.6987,22
"YC19:1495",0.030917,0.077535,0.10389,0.12049,0.23535,0.36291,0.31095,0.58021,0.60372,0.75042,0.6893,18
"YC19:1496",0.036121,0.08024,0.1004,0.11197,0.19695,0.32863,0.24942,0.59908,0.5629,0.71737,0.69257,20
"YC19:1497",0.040225,0.082688,0.10544,0.13274,0.19204,0.3379,0.32705,0.67934,0.62012,0.73685,0.7384,20
"YC19:1498",0.034947,0.075486,0.1127,0.13478,0.23109,0.36692,0.32844,0.63879,0.57877,0.66976,0.67813,19
"YC19:1499",0.032035,0.10313,0.13626,0.15664,0.25354,0.40106,0.37472,0.57103,0.63244,0.71041,0.71684,21
"YC19:1500",0.048232,0.1025,0.12707,0.18046,0.26902,0.38865,0.40511,0.60737,0.59857,0.74205,0.66961,20
"YC19:1502",0.04177,0.083709,0.12459,0.15327,0.22952,0.35268,0.32348,0.56735,0.6366,0.71691,0.6983,24
"YC19:1503",0.0086332,0.038658,0.051582,0.047071,0.08305,0.17019,0.14577,0.57058,0.48421,0.66465,0.61169,16
"YC19:1504",0.031425,0.066552,0.09127,0.10352,0.18454,0.322,0.28698,0.57089,0.68228,0.75727,0.79487,24
"YC19:1506",0.016319,0.046273,0.064091,0.071763,0.13699,0.2537,0.22626,0.60138,0.65314,0.73638,0.79942,19
"YC19:1507",0.012876,0.048469,0.064088,0.072725,0.13694,0.22494,0.19183,0.54659,0.47073,0.66948,0.64173,18
"YC19:1508",0.029194,0.070315,0.098084,0.12052,0.22836,0.32225,0.29074,0.6084,0.61646,0.63268,0.66903,21
"YC19:1509",0.021572,0.05322,0.065069,0.092018,0.15384,0.27987,0.21326,0.66434,0.5887,0.69222,0.70079,17
"YC19:1510",0.01852,0.038057,0.058005,0.084162,0.18099,0.30176,0.23453,0.6765,0.67815,0.72942,0.73244,20
"YC19:1511",0.015773,0.044785,0.0582,0.065026,0.16871,0.2771,0.24669,0.733,0.71187,0.72959,0.75064,21
"YC19:1512",0.040097,0.076701,0.094347,0.11263,0.17924,0.31833,0.26973,0.4791,0.63143,0.7055,0.76324,22
"YC19:1513",0.010528,0.029166,0.033593,0.037772,0.070996,0.14027,0.12642,0.36744,0.46736,0.57777,0.63476,21
"YC19:1514",0.025396,0.066575,0.087818,0.094637,0.20839,0.3336,0.30474,0.63826,0.54654,0.63479,0.60496,20
"YC19:1515",0.012209,0.047865,0.065112,0.084669,0.15062,0.2703,0.22279,0.69263,0.59165,0.71173,0.72873,23
"YC19:1516",0.032998,0.062634,0.095465,0.11255,0.21568,0.32575,0.28973,0.57884,0.63903,0.69681,0.81065,24
"YC19:1517",0.015522,0.027134,0.032019,0.032187,0.068513,0.12036,0.093639,0.32126,0.38409,0.49603,0.54892,23
"YC19:1518",0.025233,0.057741,0.075899,0.085003,0.17286,0.26734,0.23883,0.52136,0.49556,0.61023,0.55076,16
"YC19:1519",0.020828,0.052878,0.064027,0.067233,0.16768,0.27354,0.23902,0.73938,0.69816,0.78839,0.72357,20
"YC19:1520",0.03097,0.056604,0.075931,0.072057,0.18033,0.29939,0.26547,0.61819,0.69576,0.79483,0.79337,24
"YC19:2003",0.026143,0.07554,0.10332,0.11775,0.2227,0.34787,0.31074,0.69174,0.60615,0.75521,0.65215,18
"YC19:2004",0.039775,0.094787,0.12914,0.11675,0.23261,0.36789,0.31399,0.58024,0.57516,0.75968,0.72926,20
"YC19:2006",0.030317,0.066074,0.093375,0.10603,0.21959,0.3067,0.3037,0.59222,0.59711,0.74733,0.70886,18
"YC19:2009",0.052048,0.12912,0.1482,0.10988,0.23649,0.40177,0.32973,0.64161,0.63522,0.77219,0.76705,20
"YC19:2010",0.03492,0.097151,0.10177,0.10251,0.18107,0.275,0.25375,0.62208,0.58477,0.76364,0.70767,17
"YC19:2011",0.017609,0.049641,0.054432,0.050879,0.11441,0.17105,0.11633,0.40753,0.40763,0.62539,0.64263,17
"YC19:2012",0.037543,0.10096,0.12359,0.10685,0.25354,0.37147,0.32101,0.65489,0.58986,0.71643,0.63872,16
"YC19:2013",0.04467,0.081087,0.099659,0.089546,0.1824,0.28008,0.24457,0.54474,0.58257,0.70905,0.74434,19
"YC19:2015",0.024379,0.09287,0.13118,0.11934,0.26091,0.41588,0.36751,0.53137,0.68772,0.77819,0.78435,22
"YC19:2016",0.034024,0.094114,0.12919,0.12895,0.2512,0.41968,0.37709,0.73608,0.65425,0.71433,0.71113,17
"YC19:2017",0.025793,0.062044,0.064869,0.071402,0.16181,0.29675,0.28361,0.53964,0.58392,0.68675,0.66355,17
"YC19:2018",0.01934,0.058957,0.077583,0.063505,0.15493,0.30581,0.23262,0.58514,0.56438,0.69038,0.70388,22
"YC19:2020",0.035205,0.077944,0.11309,0.1383,0.24444,0.39653,0.31973,0.64116,0.65213,0.73823,0.79891,18
"YC19:2021",0.039631,0.083675,0.10094,0.11019,0.22787,0.37933,0.32787,0.78099,0.65645,0.75475,0.78605,17
"YC19:2022",0.037193,0.082615,0.11006,0.16045,0.24561,0.35134,0.32952,0.62034,0.53195,0.64329,0.61999,17
"YC19:2024",0.033778,0.11655,0.15732,0.17798,0.26709,0.40205,0.32709,0.52669,0.62308,0.75512,0.77442,21
"YC19:2025",0.027448,0.061539,0.083204,0.11174,0.18388,0.27397,0.21979,0.60652,0.61602,0.71538,0.76895,18
"YC19:2026",0.050825,0.098292,0.12765,0.18915,0.28951,0.41394,0.41639,0.69422,0.66054,0.75205,0.75452,18
"YC19:2027",0.034254,0.088668,0.1326,0.16488,0.27554,0.43514,0.38049,0.77507,0.63044,0.75273,0.68721,20
"YC19:2028",0.032345,0.079461,0.094687,0.1289,0.21703,0.32431,0.31839,0.6046,0.63361,0.76832,0.79319,17
"YC19:2029",0.044274,0.11812,0.14184,0.17581,0.25077,0.42838,0.33977,0.74124,0.70463,0.82817,0.82807,19
"YC19:2030",0.024733,0.066995,0.091416,0.1109,0.20668,0.35685,0.33068,0.6711,0.64299,0.78081,0.73193,18
"YC19:2031",0.033245,0.11507,0.13477,0.18043,0.26202,0.44123,0.35166,0.64555,0.67553,0.73822,0.79206,27
"YC19:2032",0.041217,0.10465,0.1286,0.17097,0.26666,0.43972,0.39158,0.74704,0.6529,0.7605,0.69419,25
"YC19:2033",0.028408,0.079952,0.098688,0.099484,0.15473,0.29508,0.22882,0.51666,0.53581,0.58808,0.66278,19
"YC19:2034",0.032995,0.098276,0.12468,0.13992,0.20286,0.33013,0.2638,0.63503,0.47178,0.6663,0.65755,24
"YC19:2035",0.038956,0.10195,0.11224,0.13054,0.19495,0.3258,0.27723,0.62031,0.57747,0.75628,0.75047,23
"YC19:2036",0.045469,0.13264,0.15494,0.18079,0.28535,0.47763,0.38595,0.7001,0.56277,0.72856,0.74355,24
"YC19:2037",0.043799,0.10475,0.13635,0.15933,0.2452,0.36565,0.3262,0.62817,0.57388,0.76206,0.73437,23
"YC19:2038",0.023605,0.069828,0.098753,0.11151,0.16954,0.26661,0.2059,0.60747,0.36133,0.54442,0.41145,18
"YC19:2039",0.021283,0.042249,0.058313,0.091786,0.15668,0.23161,0.22867,0.4605,0.48717,0.63205,0.69127,21
"YC19:2040",0.038029,0.085284,0.11513,0.13635,0.18836,0.33351,0.26561,0.59151,0.61372,0.73517,0.66862,25
"YC19:2041",0.043144,0.083094,0.13087,0.11476,0.17227,0.28076,0.24524,0.58212,0.52875,0.68299,0.65049,19
"YC19:2042",0.038536,0.08074,0.12107,0.1505,0.26939,0.41513,0.37603,0.58037,0.60345,0.70179,0.69092,23
"YC19:2043",0.050621,0.088181,0.12417,0.13502,0.23818,0.36026,0.34982,0.66102,0.64559,0.7318,0.71616,22
"YC19:2044",0.048349,0.10947,0.16808,0.18313,0.27826,0.47514,0.48084,0.68759,0.65803,0.7412,0.69636,19
"YC19:2045",0.056557,0.098363,0.15598,0.17851,0.26045,0.3902,0.35509,0.63333,0.60461,0.68944,0.77202,22
"YC19:2046",0.048562,0.092643,0.12928,0.13544,0.22464,0.3731,0.30835,0.82201,0.57273,0.76413,0.58895,21
"YC19:2047",0.024999,0.033259,0.046453,0.042513,0.085956,0.15078,0.13406,0.327,0.3872,0.43559,0.51057,17
"YC19:2048",0.037807,0.076428,0.11372,0.11239,0.17719,0.32918,0.24818,0.49423,0.60169,0.76075,0.76199,22
"YC19:2049",0.061346,0.09176,0.14563,0.16039,0.21935,0.33283,0.30088,0.71867,0.67744,0.81827,0.68797,23
"YC19:2050",0.053307,0.078423,0.11838,0.13854,0.20939,0.32637,0.28487,0.61297,0.48917,0.65197,0.5335,21
"YC19:2051",0.049678,0.073778,0.09834,0.10557,0.13816,0.24041,0.20869,0.35235,0.44905,0.62046,0.64866,19
"YC19:2052",0.050476,0.058956,0.09012,0.10103,0.14468,0.24573,0.20541,0.49855,0.54143,0.70324,0.73407,21
"YC19:2053",0.063012,0.075061,0.099448,0.089573,0.14819,0.23387,0.20801,0.49167,0.57501,0.73794,0.76616,19
"YC19:2054",0.050985,0.074443,0.10737,0.10935,0.18061,0.26788,0.23657,0.65625,0.51163,0.60327,0.61803,21
"YC19:2055",0.049971,0.094801,0.11796,0.11869,0.18058,0.32519,0.28791,0.54455,0.64365,0.73745,0.7715,24
"YC19:2056",0.056301,0.065339,0.087478,0.10563,0.18337,0.27707,0.25705,0.62426,0.58245,0.75554,0.73689,22
"YC19:2057",0.064571,0.063478,0.059919,0.06074,0.13506,0.22397,0.22581,0.59703,0.59557,0.71785,0.73051,22
"YC19:2058",0.0681,0.11178,0.13908,0.15062,0.21271,0.3842,0.33196,0.46625,0.52134,0.63007,0.69983,19
"YC19:2059",0.049749,0.059281,0.09116,0.10014,0.19113,0.27551,0.25207,0.70904,0.60275,0.79085,0.6816,24
"YC19:2060",0.06843,0.099079,0.14903,0.15707,0.23865,0.3528,0.31596,0.6283,0.66313,0.76449,0.79159,22
"YC19:2061",0.060152,0.082566,0.11022,0.10168,0.19769,0.29619,0.254,0.66176,0.63928,0.72373,0.75141,19
"YC19:2062",0.039203,0.048193,0.071413,0.080354,0.17224,0.25199,0.21274,0.44646,0.51871,0.59559,0.71503,20
"YC19:2063",0.038719,0.058192,0.09017,0.096376,0.15374,0.26297,0.2293,0.49547,0.51375,0.63685,0.58061,16
"YC19:2064",0.045101,0.080349,0.12342,0.11931,0.17454,0.28065,0.25472,0.6085,0.6051,0.69678,0.68762,19
"YC19:2065",0.041832,0.086271,0.12251,0.15056,0.17649,0.32774,0.26455,0.63282,0.6273,0.69375,0.66828,22
"YC19:2066",0.031971,0.045407,0.066286,0.063933,0.10796,0.18823,0.13514,0.4767,0.51536,0.55712,0.7044,17
"YC19:2067",0.047503,0.091277,0.13453,0.16301,0.22858,0.35178,0.30731,0.64439,0.41973,0.58818,0.4958,19
"YC19:2068",0.044354,0.098462,0.14143,0.16959,0.22788,0.39301,0.31764,0.72109,0.62261,0.71076,0.66169,22
"YC19:2069",0.051609,0.11256,0.15881,0.1906,0.28826,0.42955,0.41021,0.53155,0.55335,0.60318,0.71821,16
"YC19:2070",0.059633,0.099842,0.13293,0.1401,0.2771,0.41043,0.353,0.68417,0.55663,0.67362,0.59846,23
"YC19:2071",0.034267,0.061904,0.082685,0.10231,0.14995,0.24709,0.22526,0.55829,0.60075,0.67824,0.75887,19
"YC19:2072",0.040356,0.10641,0.13539,0.16534,0.25962,0.41616,0.33217,0.60493,0.58814,0.70227,0.63938,21
"YC19:2073",0.053395,0.11044,0.14738,0.15665,0.23115,0.36201,0.31708,0.67993,0.6205,0.72375,0.68831,22
"YC19:2074",0.024042,0.061429,0.070138,0.087155,0.15182,0.21477,0.19388,0.58268,0.62682,0.76657,0.78971,20
"YC19:2075",0.011148,0.046362,0.063298,0.065683,0.14935,0.22231,0.20243,0.49031,0.52284,0.67167,0.68731,16
"YC19:2076",0.027173,0.075144,0.11186,0.1554,0.27882,0.43282,0.42161,0.74166,0.71257,0.81908,0.67569,22
"YC19:2077",0.035449,0.11352,0.15199,0.17611,0.26314,0.41564,0.37501,0.62141,0.59581,0.75864,0.80415,25
"YC19:2078",0.023471,0.078327,0.097048,0.12485,0.22311,0.33957,0.3295,0.62425,0.55695,0.65326,0.65784,16
"YC19:2079",0.019509,0.054777,0.060624,0.069625,0.13798,0.26394,0.21024,0.61696,0.6129,0.70904,0.73228,19
"YC19:2080",0.017243,0.048058,0.06485,0.076442,0.14773,0.24694,0.19945,0.52338,0.5393,0.69717,0.69801,18
"YC19:2081",0.028243,0.08543,0.10021,0.13413,0.21168,0.39099,0.26783,0.64788,0.60506,0.74137,0.66652,25
"YC19:2082",0.028221,0.051061,0.064075,0.059008,0.1095,0.19023,0.16195,0.45717,0.47985,0.58732,0.68339,17
"YC19:2083",0.05942,0.11321,0.1364,0.17217,0.26174,0.40666,0.34189,0.68233,0.62176,0.7094,0.64195,21
"YC19:2084",0.031387,0.077357,0.103,0.12952,0.20783,0.30649,0.25659,0.48203,0.53504,0.60558,0.72988,22
"YC19:2085",0.016702,0.025063,0.042452,0.043585,0.050938,0.12594,0.07706,0.38366,0.38194,0.44404,0.44676,16
"YC19:2086",0.025509,0.055911,0.079576,0.09759,0.17967,0.32063,0.24115,0.57061,0.54682,0.69662,0.60564,21
"YC19:2087",0.034597,0.055995,0.076951,0.091706,0.16584,0.26398,0.21259,0.51659,0.57598,0.65373,0.69321,20
"YC19:2088",0.024379,0.070582,0.089261,0.093108,0.15647,0.28921,0.22852,0.50197,0.50287,0.62059,0.64862,16
"YC19:2089",0.054531,0.11185,0.15603,0.18364,0.25603,0.41108,0.34044,0.64097,0.63562,0.72636,0.61273,18
"YC19:2090",0.028615,0.058042,0.070884,0.10475,0.17087,0.28211,0.25689,0.67383,0.64332,0.74473,0.71622,18
"YC19:2091",0.047622,0.098407,0.13651,0.19505,0.31047,0.44921,0.43595,0.66715,0.66813,0.71234,0.73233,21
"YC19:2092",0.034914,0.084351,0.092782,0.099246,0.19222,0.31269,0.24541,0.70107,0.59229,0.67463,0.70196,22
"YC19:2093",0.044167,0.11234,0.15497,0.16979,0.31042,0.46066,0.39285,0.68383,0.63545,0.75067,0.7331,20
"YC19:2094",0.033052,0.078318,0.1128,0.10327,0.23115,0.35522,0.33115,0.56636,0.53388,0.60927,0.69,20
"YC19:2095",0.0089036,0.034637,0.042913,0.049034,0.09943,0.1864,0.15865,0.51705,0.47158,0.56815,0.54426,16
"YC19:2096",0.033562,0.076278,0.093019,0.097897,0.21286,0.35097,0.29439,0.58329,0.58778,0.72244,0.67955,22
"YC19:2097",0.010476,0.031723,0.043246,0.041232,0.10073,0.16812,0.13508,0.62618,0.5724,0.74981,0.75375,15
"YC19:2098",0.05376,0.10171,0.10986,0.13467,0.22138,0.30999,0.3046,0.60605,0.62567,0.76721,0.72477,23
"YC19:2099",0.023435,0.050505,0.059929,0.06172,0.13218,0.24225,0.21474,0.67955,0.53696,0.75399,0.70702,18
"YC19:2100",0.035865,0.081767,0.10034,0.097109,0.19395,0.33178,0.28328,0.58286,0.60365,0.77002,0.73164,20
"YC19:2101",0.033074,0.071415,0.086686,0.078096,0.17729,0.31369,0.25257,0.61547,0.60841,0.79093,0.72684,22
"YC19:2102",0.03488,0.08793,0.091987,0.086296,0.16897,0.30138,0.24192,0.54852,0.50814,0.72512,0.68828,20
"YC19:2103",0.031308,0.061115,0.068707,0.094683,0.2083,0.2984,0.29219,0.43017,0.53881,0.65517,0.62722,15
"YC19:2106",0.017217,0.042059,0.049223,0.045331,0.14823,0.23904,0.21038,0.56242,0.58159,0.74211,0.76995,18
"YC19:2107",0.038338,0.067949,0.086894,0.085444,0.19824,0.32964,0.24715,0.58532,0.5465,0.74874,0.69081,21
"YC19:2108",0.014406,0.033262,0.036427,0.024651,0.089254,0.15011,0.11415,0.46141,0.50423,0.70488,0.61036,21
"YC19:2109",0.018851,0.051634,0.077065,0.060013,0.13734,0.2249,0.18758,0.52213,0.52398,0.74205,0.66672,17
"YC19:2110",0.02646,0.063257,0.080303,0.094142,0.19472,0.31281,0.30288,0.60733,0.54482,0.78108,0.76308,16
"YC19:2112",0.052232,0.12413,0.16045,0.17755,0.29908,0.49532,0.40203,0.71192,0.64673,0.81766,0.68934,22
"YC19:2113",0.028391,0.063738,0.08459,0.10696,0.18106,0.31446,0.23358,0.53189,0.54923,0.72429,0.70297,20
"YC19:2114",0.038789,0.095777,0.12807,0.14754,0.26051,0.39989,0.34961,0.6141,0.56172,0.72165,0.66001,22
"YC19:2115",0.039815,0.079993,0.097684,0.1229,0.17734,0.29667,0.26218,0.54233,0.53558,0.59981,0.68143,25
"YC19:2116",0.027599,0.063656,0.085304,0.11155,0.21144,0.32953,0.29699,0.59489,0.56855,0.63314,0.62283,21
"YC19:2117",0.033272,0.10241,0.11437,0.14411,0.22113,0.35212,0.28982,0.59468,0.55401,0.67727,0.58887,22
"YC19:2119",0.039749,0.11677,0.13996,0.17915,0.26329,0.40642,0.3283,0.59638,0.6545,0.75821,0.78199,22
"YC19:2120",0.02062,0.068546,0.10228,0.14856,0.20518,0.34754,0.28476,0.73109,0.46857,0.63093,0.55648,24
"YC19:2121",0.0090092,0.045188,0.05988,0.079659,0.14886,0.29106,0.21336,0.44288,0.49863,0.6511,0.73809,23
"YC19:2122",0.032536,0.097416,0.12132,0.14061,0.24941,0.38243,0.31761,0.5942,0.56928,0.68459,0.67883,21
"YC19:2123",0.026209,0.064325,0.088403,0.10833,0.21575,0.34517,0.26368,0.57137,0.57894,0.66392,0.65943,18
"YC19:2124",0.016314,0.057646,0.077551,0.087996,0.19629,0.31413,0.24275,0.62311,0.58686,0.69885,0.68176,21
"YC19:2125",0.038838,0.11909,0.14172,0.16878,0.29742,0.42983,0.36362,0.68228,0.62128,0.69119,0.75408,27
"YC19:2126",0.015654,0.039234,0.047526,0.065,0.12721,0.2178,0.19626,0.65769,0.58495,0.71064,0.72103,23
"YC19:2127",0.048111,0.090962,0.12611,0.15436,0.25971,0.40922,0.35972,0.68162,0.67982,0.73232,0.79183,22
"YC19:2128",0.037832,0.09338,0.10978,0.14213,0.19153,0.39315,0.3161,0.7123,0.68692,0.78903,0.7252,23
"YC19:2129",0.031334,0.080632,0.10329,0.12327,0.18872,0.3003,0.27159,0.59262,0.54136,0.70664,0.6708,19
"YC19:2131",0.039844,0.097521,0.12208,0.13282,0.21169,0.3345,0.29189,0.52947,0.53225,0.67838,0.63413,19
"YC19:2133",0.0068602,0.024146,0.037593,0.044506,0.077005,0.1194,0.087566,0.31708,0.32449,0.50142,0.46214,15
"YC19:2136",0.021563,0.052591,0.071331,0.086072,0.13525,0.25027,0.18419,0.46475,0.54273,0.70519,0.68685,24
"YC19:2137",0.039978,0.089841,0.11717,0.1371,0.19974,0.31618,0.27026,0.61487,0.54442,0.67779,0.62496,20
"YC19:2138",0.035165,0.088791,0.12313,0.13677,0.21482,0.32578,0.30084,0.56483,0.62989,0.69713,0.66928,20
"YC19:2139",0.043897,0.079191,0.1242,0.15712,0.23894,0.35476,0.38217,0.6734,0.58194,0.70678,0.61892,20
"YC19:2140",0.06521,0.11523,0.12399,0.12442,0.23789,0.37959,0.38226,0.54471,0.5582,0.69956,0.6618,22
"YC19:2142",0.04376,0.08742,0.12229,0.12653,0.21162,0.30933,0.3011,0.565,0.5335,0.68398,0.60245,24
"YC19:2145",0.044894,0.06244,0.083228,0.08324,0.1837,0.23867,0.23082,0.2949,0.53084,0.65542,0.63601,19
"YC19:2146",0.07424,0.10114,0.11226,0.11237,0.19164,0.30402,0.25713,0.65036,0.60657,0.73499,0.62459,22
"YC19:2147",0.064927,0.095375,0.12974,0.1445,0.22154,0.33553,0.28467,0.57847,0.65497,0.72786,0.73869,20
"YC19:2149",0.065997,0.10951,0.1484,0.14318,0.21654,0.30994,0.27937,0.58693,0.66727,0.73263,0.7314,21
"YC19:2150",0.038592,0.046103,0.057775,0.042435,0.066854,0.13523,0.097077,0.52465,0.46342,0.59368,0.51443,16
"YC19:2151",0.037226,0.061621,0.08586,0.096053,0.17066,0.27825,0.25004,0.52375,0.57449,0.67907,0.77251,20
"YC19:2152",0.093377,0.10244,0.11526,0.13852,0.18218,0.30428,0.30393,0.63005,0.66881,0.76188,0.82685,23
"YC19:2153",0.073615,0.05348,0.04127,0.062183,0.1099,0.19437,0.19903,0.53134,0.55945,0.67555,0.76294,20
"YC19:2154",0.068098,0.078901,0.072222,0.087074,0.15252,0.22164,0.22325,0.47094,0.59659,0.70511,0.69287,21
"YC19:2155",0.074135,0.076182,0.1101,0.10745,0.17268,0.25402,0.25033,0.59251,0.53635,0.64326,0.59596,17
"YC19:2156",0.05397,0.040598,0.056902,0.064365,0.13418,0.20275,0.20091,0.40165,0.54288,0.64648,0.69192,18
"YC19:2157",0.046288,0.071633,0.10552,0.10187,0.16978,0.27459,0.22943,0.54134,0.47878,0.58425,0.60933,19
"YC19:2158",0.083738,0.10581,0.12428,0.13118,0.19913,0.30389,0.27053,0.47373,0.56071,0.65646,0.65589,25
"YC19:2159",0.048946,0.060159,0.079855,0.090949,0.1599,0.24394,0.23986,0.66726,0.58246,0.71585,0.6491,20
"YC19:2160",0.04893,0.07091,0.10638,0.11647,0.20211,0.36102,0.30033,0.57539,0.62607,0.7205,0.74967,21
"YC19:2161",0.051398,0.095223,0.12702,0.12624,0.18176,0.29319,0.26582,0.55402,0.53089,0.65632,0.60229,21
"YC19:2162",0.035059,0.079939,0.11992,0.11682,0.18549,0.31128,0.24857,0.53868,0.63163,0.69954,0.74772,20
"YC19:2164",0.037695,0.077936,0.11337,0.12457,0.22033,0.33048,0.29966,0.55282,0.53383,0.69121,0.68103,24
"YC19:2165",0.044518,0.088203,0.12266,0.14429,0.21211,0.31275,0.28835,0.58887,0.56891,0.68574,0.6465,19
"YC19:2166",0.046605,0.095169,0.1425,0.13688,0.22396,0.33406,0.26783,0.55282,0.59964,0.69625,0.73784,27
"YC19:2167",0.036993,0.057741,0.075527,0.097447,0.17245,0.24897,0.23382,0.44212,0.52368,0.66784,0.64847,22
"YC19:2168",0.041704,0.083504,0.11461,0.14282,0.2139,0.35438,0.29812,0.7087,0.5664,0.73343,0.61288,18
"YC19:2169",0.028021,0.067167,0.090619,0.091697,0.14646,0.30012,0.20624,0.57396,0.56745,0.69222,0.7848,20
"YC19:2170",0.011114,0.029806,0.036828,0.042061,0.059102,0.1203,0.10264,0.5887,0.49486,0.62094,0.54844,17
"YC19:2171",0.080128,0.14222,0.17969,0.20417,0.26536,0.37913,0.33211,0.69688,0.7181,0.80716,0.79545,22
"YC19:2172",0.028813,0.067413,0.093181,0.11492,0.2229,0.36835,0.29923,0.6695,0.65888,0.74185,0.78566,22
"YC19:2173",0.040515,0.08285,0.11191,0.13866,0.22793,0.39992,0.34158,0.53155,0.65017,0.7144,0.73892,23
"YC19:2174",0.037441,0.065399,0.094785,0.11018,0.19887,0.31335,0.28716,0.59632,0.58804,0.68725,0.66214,25
"YC19:2175",0.05284,0.10931,0.13073,0.13866,0.2192,0.38957,0.28525,0.7665,0.60007,0.7138,0.64041,21
"YC19:2176",0.030317,0.07256,0.094947,0.1097,0.19694,0.39599,0.28752,0.64141,0.67562,0.75581,0.81474,21
"YC19:2177",0.03004,0.078413,0.096923,0.13746,0.18048,0.35341,0.2758,0.64116,0.55473,0.68329,0.69753,20
"YC19:2178",0.031797,0.062945,0.099271,0.12295,0.19993,0.32786,0.2519,0.52417,0.51544,0.62897,0.69488,23
"YC19:2179",0.041757,0.077111,0.11174,0.15504,0.24025,0.42553,0.36931,0.64115,0.58987,0.7273,0.66703,24
"YC19:2180",0.033061,0.099172,0.12849,0.12899,0.24479,0.39078,0.31884,0.69428,0.61321,0.74455,0.7348,18
"YC19:2181",0.036517,0.088654,0.11902,0.14546,0.26705,0.39479,0.35937,0.64932,0.62374,0.71646,0.74343,22
"YC19:2182",0.03281,0.068779,0.09059,0.12078,0.22415,0.33342,0.33071,0.657,0.55622,0.63261,0.68981,22
"YC19:2183",0.033496,0.093052,0.11122,0.14843,0.22964,0.40232,0.32937,0.67486,0.62954,0.75362,0.6816,24
"YC19:2184",0.017814,0.040789,0.044396,0.051693,0.10477,0.20462,0.14533,0.48123,0.49985,0.66574,0.72817,18
"YC19:2185",0.027078,0.059053,0.08599,0.11903,0.18629,0.27469,0.23609,0.60053,0.53016,0.73927,0.66989,22
"YC19:2186",0.02856,0.062509,0.078253,0.11328,0.22045,0.32585,0.28794,0.67884,0.62377,0.74459,0.75419,23
"YC19:2187",0.023805,0.062534,0.084788,0.10097,0.17521,0.31122,0.25057,0.64557,0.63288,0.71922,0.75366,27
"YC19:2188",0.045701,0.098153,0.12042,0.13976,0.2526,0.35729,0.36959,0.5711,0.56656,0.65873,0.63291,20
"YC19:2189",0.026585,0.048382,0.068788,0.081323,0.13651,0.24028,0.22469,0.50669,0.47865,0.60955,0.61472,22
"YC19:2190",0.029842,0.067481,0.091756,0.089854,0.19141,0.32283,0.28911,0.44186,0.45601,0.51422,0.62572,18
"YC19:2191",0.035507,0.078104,0.092906,0.099433,0.2464,0.3631,0.3021,0.69061,0.4652,0.57767,0.55741,23
"YC19:2192",0.039684,0.088972,0.098121,0.07377,0.22543,0.36843,0.3172,0.71711,0.5707,0.72598,0.73289,22
"YC19:2193",0.02642,0.095347,0.12185,0.12209,0.23134,0.42858,0.32512,0.65108,0.58326,0.75773,0.76255,23
"YC19:2194",0.019987,0.064512,0.081989,0.076011,0.12696,0.21696,0.16221,0.47061,0.39565,0.60007,0.53342,21
"YC19:2195",0.019762,0.051361,0.074664,0.072618,0.13209,0.25491,0.19735,0.54824,0.50244,0.66048,0.57076,21
"YC19:2196",0.03456,0.06382,0.070829,0.074395,0.16847,0.33724,0.23861,0.61982,0.57292,0.74281,0.71733,22
"YC19:2197",0.025475,0.060487,0.066343,0.061786,0.11645,0.20148,0.17256,0.18615,0.43809,0.5823,0.64299,18
"YC19:2199",0.031224,0.091496,0.098866,0.094458,0.17757,0.33156,0.27136,0.76411,0.68012,0.77918,0.76503,24
"YC19:2200",0.043184,0.080705,0.08985,0.086754,0.18666,0.29034,0.18159,0.59886,0.61038,0.74264,0.75848,27
"YC19:2201",0.013143,0.029028,0.040654,0.033029,0.13785,0.17632,0.13088,0.4674,0.48759,0.61361,0.676,17
"YC19:2202",0.015773,0.038576,0.046372,0.042729,0.11593,0.17196,0.14558,0.47333,0.46034,0.60447,0.57346,17
"YC19:2203",0.031236,0.070531,0.086374,0.078638,0.18525,0.30574,0.28166,0.51272,0.55744,0.71199,0.70449,22
"YC19:2204",0.021348,0.058998,0.069485,0.068997,0.15132,0.28423,0.25493,0.55562,0.48264,0.68279,0.67187,20
"YC19:2205",0.03465,0.082377,0.10669,0.10547,0.2123,0.40587,0.33815,0.6699,0.62558,0.80373,0.74242,24
"YC19:2206",0.020015,0.057514,0.068013,0.063095,0.13531,0.28758,0.24907,0.702,0.58066,0.77269,0.76301,22
"YC19:2207",0.036253,0.1032,0.1201,0.082585,0.18048,0.34506,0.28081,0.72379,0.61155,0.74091,0.71758,22
"YC19:2208",0.021955,0.05567,0.080224,0.065763,0.12684,0.28636,0.1789,0.63545,0.48826,0.69163,0.67423,17
"YC19:2209",0.023184,0.072195,0.074992,0.075223,0.16474,0.30084,0.21177,0.51465,0.49953,0.66463,0.69402,20
"YC19:2210",0.048877,0.11327,0.14647,0.15936,0.22861,0.40118,0.29618,0.65921,0.56395,0.70078,0.69738,23
"YC19:2211",0.037635,0.079502,0.099984,0.11836,0.2,0.3338,0.28661,0.62895,0.64501,0.76429,0.7484,26
"YC19:2212",0.038137,0.10856,0.11736,0.14756,0.24261,0.39531,0.34822,0.7006,0.65386,0.74562,0.71438,24
"YC19:2213",0.031757,0.080021,0.10387,0.12044,0.20911,0.30559,0.28426,0.55402,0.4918,0.6899,0.59515,20
"YC19:2214",0.015858,0.045657,0.058635,0.076319,0.13905,0.27323,0.21708,0.59105,0.63277,0.72087,0.75271,25
"YC19:2215",0.020335,0.070063,0.098251,0.14983,0.21269,0.33944,0.28169,0.65262,0.64612,0.74754,0.74648,23
"YC19:2216",0.025601,0.047278,0.065922,0.092285,0.13522,0.24187,0.20006,0.6357,0.46231,0.68226,0.64336,18
"YC19:2217",0.03037,0.077252,0.09488,0.13011,0.21996,0.35684,0.28143,0.62105,0.63909,0.73469,0.73954,25
"YC19:2218",0.03362,0.066664,0.08863,0.10595,0.16145,0.23783,0.21907,0.5412,0.52448,0.64224,0.60098,18
"YC19:2219",0.038538,0.094606,0.10671,0.13048,0.20132,0.27736,0.22729,0.60185,0.52848,0.64556,0.63706,24
"YC19:2220",0.041966,0.07673,0.09842,0.13203,0.22557,0.35307,0.30562,0.57825,0.59666,0.69446,0.6446,26
"YC19:2221",0.024032,0.056525,0.068594,0.090656,0.15297,0.24908,0.24568,0.55306,0.50851,0.58219,0.60427,19
"YC19:2222",0.0486,0.10636,0.13801,0.16687,0.23843,0.39641,0.35843,0.63411,0.55613,0.63623,0.64727,23
"YC19:2223",0.023633,0.043258,0.055264,0.067313,0.15968,0.21683,0.2153,0.45838,0.49813,0.57478,0.63561,17
"YC19:2224",0.027375,0.090075,0.12499,0.16882,0.23351,0.3855,0.34295,0.66694,0.61384,0.69717,0.68261,22
"YC19:2225",0.031037,0.063028,0.086326,0.11569,0.21302,0.3297,0.30382,0.5429,0.65903,0.72416,0.69927,18
"YC19:2226",0.025937,0.067696,0.099351,0.13715,0.21748,0.34081,0.32455,0.68388,0.65502,0.76512,0.70899,19
"YC19:2227",0.040793,0.081277,0.10836,0.13055,0.22165,0.31402,0.30522,0.53184,0.60936,0.70204,0.70147,20
"YC19:2228",0.041004,0.069694,0.092776,0.13271,0.21056,0.30356,0.2682,0.6328,0.49738,0.65851,0.61478,19
"YC19:2229",0.026169,0.062202,0.089731,0.099514,0.18309,0.29184,0.21854,0.49285,0.50008,0.65804,0.6239,19
"YC19:2230",0.072602,0.12429,0.16461,0.19375,0.27049,0.38354,0.35449,0.63052,0.56329,0.73285,0.67032,23
"YC19:2231",0.056473,0.10958,0.13663,0.15487,0.23877,0.39535,0.31841,0.61286,0.63099,0.73295,0.71578,25
"YC19:2232",0.031253,0.085061,0.11425,0.14708,0.25414,0.38903,0.37704,0.74111,0.77811,0.84556,0.82946,27
"YC19:2233",0.058507,0.11811,0.15188,0.17109,0.26512,0.4135,0.35911,0.70751,0.64468,0.74846,0.7431,23
"YC19:2234",0.03362,0.074215,0.1132,0.13318,0.26108,0.40803,0.33886,0.72307,0.60453,0.73244,0.65007,18
"YC19:2235",0.035847,0.053971,0.074895,0.096111,0.19037,0.2926,0.24964,0.50854,0.54061,0.69406,0.71156,24
"YC19:2236",0.023084,0.052628,0.070133,0.07403,0.15134,0.23017,0.16205,0.49536,0.40802,0.62209,0.66051,16
"YC19:2237",0.054535,0.092766,0.13079,0.10907,0.1712,0.26745,0.23083,0.45679,0.47873,0.59784,0.70181,18
"YC19:2238",0.031009,0.050559,0.072627,0.085635,0.13372,0.24506,0.21678,0.48956,0.50118,0.65903,0.62367,18
"YC19:2239",0.029749,0.051676,0.077681,0.086914,0.15208,0.23379,0.2248,0.49514,0.44113,0.60639,0.60482,18
"YC19:2240",0.021995,0.04001,0.053661,0.068543,0.084559,0.15325,0.11726,0.3658,0.3375,0.54731,0.58595,16
"YC19:2241",0.032335,0.042713,0.059313,0.061782,0.13627,0.18181,0.16099,0.43348,0.55874,0.6749,0.75061,21
"YC19:2242",0.082236,0.1044,0.13273,0.14601,0.23831,0.35907,0.36761,0.67201,0.6567,0.76695,0.71147,23
"YC19:2243",0.061544,0.076585,0.1252,0.14795,0.24466,0.31627,0.29396,0.63143,0.6963,0.77505,0.76153,24
"YC19:2244",0.056515,0.09743,0.13691,0.15689,0.22,0.34562,0.31584,0.63279,0.65876,0.7919,0.73494,25
"YC19:2246",0.050292,0.073642,0.09129,0.098428,0.16602,0.25487,0.22342,0.52141,0.56357,0.7204,0.67558,24
"YC19:2247",0.096539,0.11027,0.11212,0.15123,0.18439,0.33475,0.27108,0.5619,0.60094,0.74525,0.68272,17
"YC19:2248",0.090806,0.092602,0.099385,0.11879,0.16274,0.24676,0.24687,0.56213,0.57632,0.69879,0.71305,18
"YC19:2249",0.084224,0.053206,0.063492,0.093408,0.14829,0.27802,0.2546,0.56058,0.61688,0.71689,0.77784,24
"YC19:2250",0.025839,0.040612,0.035296,0.044947,0.092134,0.15554,0.12035,0.39757,0.51216,0.64576,0.71958,16
"YC19:2251",0.051768,0.048493,0.069955,0.074609,0.11708,0.19188,0.18177,0.55114,0.56291,0.71632,0.69092,24
"YC19:2252",0.048641,0.075913,0.10612,0.12618,0.20107,0.27735,0.29928,0.54363,0.57447,0.72726,0.74437,25
"YC19:2253",0.030422,0.052468,0.079997,0.079974,0.13712,0.21867,0.21347,0.55518,0.59982,0.73705,0.71172,22
"YC19:2254",0.065057,0.078782,0.11322,0.11921,0.20265,0.30369,0.29129,0.48483,0.61545,0.73751,0.7424,24
"YC19:2255",0.034565,0.058711,0.094485,0.096788,0.185,0.26584,0.26748,0.66306,0.51337,0.70792,0.64568,24
"YC19:2256",0.047649,0.076961,0.11681,0.13187,0.20692,0.30926,0.25238,0.57019,0.58728,0.76277,0.74999,25
"YC19:2257",0.069472,0.087785,0.13624,0.12833,0.19637,0.3145,0.24247,0.67209,0.6081,0.73116,0.70068,26
"YC19:2258",0.058111,0.086285,0.12766,0.14458,0.23133,0.33823,0.28433,0.57736,0.59008,0.68269,0.73376,25
"YC19:2259",0.023113,0.04363,0.074733,0.080661,0.15053,0.22286,0.21091,0.57477,0.58281,0.67965,0.64809,22
"YC19:2260",0.032787,0.064284,0.10207,0.10193,0.18204,0.27798,0.23986,0.48756,0.5623,0.67422,0.6482,23
"YC19:2261",0.022348,0.046,0.067776,0.10164,0.1658,0.26487,0.23063,0.58433,0.57182,0.75244,0.73207,22
"YC19:2262",0.027203,0.046608,0.064334,0.083106,0.12004,0.22262,0.18425,0.46351,0.51831,0.63679,0.6295,17
"YC19:2263",0.028322,0.055731,0.06346,0.049463,0.098908,0.17125,0.13692,0.44487,0.54884,0.66481,0.67568,24
"YC19:2264",0.037691,0.060952,0.071817,0.070847,0.12935,0.20538,0.17467,0.47971,0.60119,0.7188,0.71147,24
"YC19:2265",0.037889,0.062793,0.073243,0.077829,0.14316,0.22967,0.20397,0.51677,0.52918,0.65645,0.58848,21
"YC19:2266",0.062487,0.10309,0.12956,0.13948,0.20716,0.31572,0.25641,0.56036,0.65419,0.71818,0.67129,25
"YC19:2267",0.014875,0.039355,0.051371,0.075811,0.14104,0.21264,0.20327,0.44869,0.6243,0.73438,0.75263,22
"YC19:2268",0.021695,0.048862,0.058406,0.070397,0.13339,0.21992,0.18605,0.53725,0.42553,0.55738,0.53794,17
"YC19:2269",0.042112,0.073723,0.11145,0.14049,0.22247,0.35156,0.30394,0.62789,0.61096,0.76409,0.71568,27
"YC19:2270",0.025452,0.061989,0.084222,0.095064,0.14679,0.20713,0.16977,0.50066,0.52204,0.60555,0.60742,20
"YC19:2271",0.0181,0.05031,0.054961,0.078439,0.1245,0.20817,0.19025,0.53647,0.57452,0.66987,0.64578,22
"YC19:2272",0.016132,0.05475,0.071387,0.078254,0.16333,0.27561,0.19909,0.58953,0.57715,0.69047,0.67035,22
"YC19:2273",0.020762,0.044907,0.046939,0.068307,0.11883,0.21307,0.1702,0.62491,0.63917,0.78825,0.76458,21
"YC19:2274",0.017827,0.038672,0.047348,0.05254,0.097789,0.15715,0.13726,0.44401,0.51888,0.67238,0.68868,17
"YC19:2275",0.031506,0.072562,0.092853,0.10237,0.15155,0.26311,0.21416,0.51578,0.53008,0.67115,0.70341,23
"YC19:2277",0.012431,0.044271,0.057337,0.093461,0.14501,0.26104,0.22027,0.68804,0.48735,0.61886,0.55251,20
"YC19:2278",0.037709,0.091495,0.12468,0.13771,0.20214,0.33413,0.27542,0.54069,0.62662,0.69527,0.73685,25
"YC19:2279",0.01875,0.039337,0.045999,0.066971,0.093954,0.16513,0.12157,0.45095,0.43842,0.58482,0.56489,21
"YC19:2280",0.027808,0.090635,0.11903,0.15585,0.24604,0.345,0.32493,0.60448,0.592,0.68407,0.68617,24
"YC19:2281",0.021148,0.082588,0.11021,0.13424,0.16126,0.28735,0.23532,0.67482,0.51533,0.66034,0.62663,25
"YC19:2282",0.032867,0.063994,0.090608,0.11821,0.18444,0.3263,0.25638,0.61977,0.60519,0.73698,0.73907,25
"YC19:2283",0.017256,0.054199,0.071419,0.092474,0.1595,0.25688,0.22744,0.50212,0.45979,0.60625,0.69693,22
"YC19:2284",0.002124,0.012887,0.015907,0.020603,0.053944,0.11841,0.088838,0.40663,0.44441,0.55515,0.65913,20
"YC19:2286",0.023641,0.057359,0.079198,0.10542,0.18246,0.29651,0.26743,0.56982,0.58478,0.66931,0.61031,27
"YC19:2287",0.021704,0.043753,0.046971,0.052407,0.084883,0.14597,0.13426,0.38171,0.4423,0.58893,0.64579,21
"YC19:2288",0.019683,0.053271,0.056884,0.056111,0.11587,0.19721,0.15423,0.4693,0.41552,0.64317,0.67838,16
"YC19:2289",0.021651,0.052493,0.063071,0.054754,0.12466,0.25429,0.19735,0.5024,0.55528,0.70506,0.72009,23
"YC19:2290",0.024213,0.053543,0.074998,0.082474,0.11543,0.22801,0.20315,0.50686,0.53047,0.68085,0.62449,24
"YC19:2291",0.024693,0.052452,0.062234,0.046182,0.11914,0.19364,0.17806,0.5354,0.54109,0.72944,0.69113,20
"YC19:2292",0.006288,0.029082,0.048818,0.037879,0.0967,0.17408,0.15616,0.43999,0.45743,0.64933,0.67429,20
"YC19:2293",0.023303,0.051895,0.064461,0.049947,0.077757,0.15077,0.12266,0.40882,0.39219,0.63077,0.43891,16
"YC19:2294",0.021281,0.047192,0.063191,0.064013,0.13003,0.20237,0.19001,0.54732,0.58695,0.7443,0.68489,23
"YC19:2295",0.010021,0.029779,0.039367,0.040966,0.10258,0.1934,0.14472,0.57906,0.66068,0.79796,0.73388,19
"YC19:2296",0.022325,0.066388,0.083592,0.068029,0.15189,0.26699,0.17286,0.50745,0.48481,0.62588,0.71381,25
"YC19:2297",0.0042084,0.011886,0.023599,0.021445,0.10843,0.14689,0.11637,0.4023,0.41858,0.5714,0.57934,17
"YC19:2298",0.014412,0.043204,0.043359,0.040304,0.12708,0.20857,0.14649,0.48865,0.60115,0.75974,0.74645,22
"YC19:2299",0.01278,0.04396,0.053191,0.040807,0.13434,0.25176,0.19353,0.58745,0.63686,0.8159,0.77393,25
"YC19:2300",0.020277,0.036901,0.053806,0.053578,0.1095,0.16096,0.18039,0.47744,0.53491,0.73187,0.67248,19
"YC19:2301",0.0088484,0.032552,0.051322,0.050639,0.10659,0.1989,0.19638,0.57032,0.59098,0.7182,0.73427,25
"YC19:2302",0.03053,0.060998,0.086621,0.091831,0.18891,0.32615,0.30224,0.6669,0.62991,0.74644,0.73409,27
"YC19:2303",0.023587,0.073136,0.088505,0.079339,0.15199,0.26214,0.1979,0.56997,0.52846,0.72069,0.67464,18
"YC19:2304",0.014789,0.038631,0.036492,0.012092,0.040628,0.098708,0.086575,0.39181,0.43365,0.60954,0.60741,24
"YC19:2306",0.0094188,0.030073,0.037723,0.051349,0.093357,0.1566,0.11932,0.27696,0.39277,0.50425,0.58063,15
"YC19:2307",0.010754,0.028959,0.036788,0.043585,0.063815,0.13471,0.11091,0.39855,0.40575,0.52788,0.60664,22
"YC19:2308",0.012404,0.038426,0.044606,0.048554,0.066918,0.16016,0.12334,0.47748,0.5391,0.64693,0.61447,20
"YC19:2309",0.011449,0.030899,0.026351,0.038988,0.092865,0.14598,0.12471,0.40277,0.44985,0.52429,0.64135,15
"YC19:2310",0.032153,0.071544,0.10251,0.14748,0.22691,0.33875,0.32553,0.64702,0.64907,0.74369,0.78933,24
"YC19:2311",0.017305,0.033795,0.054762,0.078386,0.12423,0.19733,0.14525,0.56394,0.46366,0.65101,0.65124,19
"YC19:2313",0.028734,0.065772,0.10015,0.12592,0.21678,0.36111,0.2574,0.6427,0.61709,0.7579,0.75449,24
"YC19:2314",0.012867,0.034,0.039634,0.058611,0.13151,0.21653,0.18628,0.58716,0.56754,0.71265,0.72859,23
"YC19:2315",0.010159,0.036717,0.049239,0.057063,0.1165,0.1767,0.1473,0.49382,0.49628,0.64498,0.62961,15
"YC19:2316",0.029525,0.082753,0.10418,0.11835,0.19406,0.32248,0.28208,0.6154,0.60385,0.68739,0.65225,26
"YC19:2317",0.0075989,0.020783,0.025272,0.030437,0.060562,0.1054,0.089302,0.39481,0.39,0.53818,0.61694,18
"YC19:2318",0.014664,0.033549,0.04804,0.078783,0.12184,0.20282,0.18689,0.50504,0.59081,0.73907,0.73641,25
"YC19:2319",0.024024,0.059476,0.084612,0.1108,0.20095,0.31911,0.29222,0.58068,0.65486,0.75066,0.77412,24
"YC19:2320",0.014037,0.036664,0.043027,0.04973,0.12585,0.21446,0.1923,0.68301,0.70525,0.78252,0.75801,27
"YC19:2321",0.028835,0.057372,0.072967,0.093492,0.14961,0.25664,0.2264,0.63774,0.6808,0.7548,0.76391,24
"YC19:2322",0.02163,0.04081,0.049741,0.07172,0.11453,0.21646,0.18027,0.59283,0.60953,0.75971,0.75864,21
"YC19:2323",0.017186,0.035147,0.04944,0.061587,0.11237,0.19776,0.15407,0.45695,0.52423,0.66762,0.67638,20
"YC19:2324",0.014571,0.034806,0.043602,0.040645,0.071011,0.13497,0.10999,0.46,0.4837,0.62062,0.6439,18
"YC19:2325",0.03074,0.065167,0.090152,0.093688,0.15765,0.24656,0.22988,0.52167,0.56472,0.67208,0.64828,25
"YC19:2326",0.013797,0.041565,0.05596,0.058796,0.097237,0.18647,0.15832,0.42674,0.42716,0.51322,0.55016,18
"YC19:2327",0.047423,0.062481,0.075594,0.084389,0.1327,0.22312,0.1887,0.47174,0.60137,0.66104,0.76944,26
"YC19:2328",0.029157,0.072587,0.10279,0.11764,0.17712,0.30851,0.22673,0.64289,0.67732,0.73636,0.74411,26
"YC19:2329",0.045396,0.082836,0.10577,0.1123,0.17363,0.25544,0.20565,0.50694,0.51213,0.65677,0.63635,25
"YC19:2330",0.045495,0.073095,0.10662,0.12657,0.18745,0.30441,0.25499,0.65051,0.62986,0.71669,0.77706,26
"YC19:2331",0.046267,0.056512,0.09043,0.094049,0.14917,0.23925,0.20448,0.66696,0.64974,0.78624,0.80253,25
"YC19:2332",0.037802,0.053698,0.078765,0.092672,0.14843,0.26785,0.24305,0.62048,0.65031,0.73503,0.73534,26
"YC19:2333",0.040537,0.060364,0.094428,0.10668,0.17588,0.23895,0.23675,0.56699,0.58728,0.61376,0.64985,19
"YC19:2335",0.029222,0.04374,0.048542,0.04172,0.071693,0.11075,0.098617,0.26556,0.29142,0.47676,0.61597,20
"YC19:2336",0.049479,0.073748,0.10489,0.091495,0.15531,0.22497,0.17791,0.46925,0.58979,0.72875,0.72504,20
"YC19:2337",0.075422,0.087493,0.13171,0.13696,0.18264,0.28766,0.26738,0.60411,0.61269,0.65731,0.70733,25
"YC19:2338",0.028666,0.029478,0.023951,0.015728,0.0085644,0.02968,0.012159,0.085966,0.14333,0.2296,0.33879,20
"YC19:2339",0.04909,0.059094,0.075332,0.064907,0.10358,0.19257,0.17642,0.44729,0.68221,0.80644,0.83692,25
"YC19:2340",0.047018,0.068314,0.091561,0.090172,0.16991,0.24817,0.23624,0.60329,0.64218,0.73962,0.65654,24
"YC19:2342",0.018734,0.029903,0.042177,0.045754,0.081093,0.13287,0.13196,0.37233,0.38551,0.58379,0.533,15
"YC19:2343",0.042282,0.027184,0.03714,0.039577,0.063561,0.11461,0.091852,0.33735,0.3739,0.57396,0.63189,19
"YC19:2344",0.070515,0.049518,0.052206,0.056288,0.077736,0.14301,0.14255,0.38011,0.45437,0.63305,0.72137,22
"YC19:2345",0.063104,0.043384,0.063067,0.077698,0.1236,0.22317,0.18378,0.448,0.50027,0.69319,0.73744,26
"YC19:2346",0.050038,0.041458,0.047786,0.051414,0.11061,0.18092,0.14055,0.46615,0.54935,0.67381,0.62598,20
"YC19:2347",0.053157,0.053012,0.071137,0.070881,0.12739,0.20585,0.16794,0.44742,0.61101,0.73,0.70715,25
"YC19:2348",0.044122,0.047327,0.050492,0.057667,0.10335,0.14916,0.14312,0.50038,0.49269,0.58878,0.63771,26
"YC19:2349",0.07391,0.089127,0.13152,0.13018,0.18052,0.28369,0.27415,0.47541,0.60863,0.71209,0.71232,23
"YC19:2350",0.051717,0.051934,0.082264,0.067421,0.16548,0.22667,0.23031,0.42619,0.50947,0.69099,0.68738,17
"YC19:2351",0.021836,0.024848,0.038273,0.028849,0.066456,0.13974,0.12294,0.57476,0.5683,0.72744,0.72176,20
"YC19:2352",0.048758,0.073942,0.10815,0.098485,0.15948,0.252,0.2099,0.50842,0.5828,0.698,0.69156,25
"YC19:2353",0.029525,0.055413,0.091318,0.093889,0.13076,0.22523,0.19883,0.55228,0.60509,0.67766,0.69269,25
"YC19:2354",0.022296,0.044491,0.069906,0.079084,0.11516,0.19282,0.17354,0.52792,0.59038,0.68884,0.69723,21
"YC19:2355",0.029224,0.049816,0.069712,0.078684,0.12422,0.24391,0.20532,0.56165,0.61663,0.72058,0.76426,22
"YC19:2356",0.036193,0.066443,0.10297,0.10689,0.17251,0.29926,0.2577,0.57381,0.54392,0.6978,0.70085,24
"YC19:2357",0.0056935,0.018564,0.025429,0.020202,0.038064,0.07745,0.044813,0.32328,0.3791,0.54,0.57646,19
"YC19:2358",0.027078,0.048031,0.073543,0.082963,0.17611,0.27133,0.23438,0.58465,0.59022,0.67728,0.69982,25
"YC19:2359",0.043786,0.080186,0.10988,0.13081,0.21258,0.3182,0.28274,0.67456,0.71735,0.79977,0.79805,23
"YC19:2360",0.041625,0.077999,0.099692,0.11704,0.21981,0.33589,0.30196,0.73188,0.74145,0.84314,0.83198,22
"YC19:2361",0.051345,0.09721,0.1379,0.14989,0.22412,0.3495,0.30048,0.62573,0.67816,0.76326,0.7763,25
"YC19:2362",0.022114,0.033249,0.046599,0.056706,0.1126,0.16833,0.16867,0.41031,0.53704,0.60083,0.63588,19
"YC19:2363",0.022951,0.045748,0.058293,0.075595,0.14479,0.22424,0.23831,0.47428,0.51762,0.64637,0.68086,22
"YC19:2364",0.004531,0.022116,0.029667,0.034539,0.063666,0.13922,0.12504,0.48452,0.5611,0.70756,0.72752,21
"YC19:2365",0.024227,0.035981,0.052786,0.062249,0.11789,0.22626,0.21605,0.64539,0.64219,0.75152,0.71427,25
"YC19:2366",0.036843,0.074406,0.090622,0.10507,0.19077,0.3177,0.27887,0.59703,0.65622,0.74745,0.76354,22
"YC19:2369",0.016082,0.057896,0.082157,0.093664,0.1511,0.25927,0.20095,0.60067,0.62458,0.74028,0.76435,21
"YC19:2370",0.021295,0.046008,0.054288,0.077441,0.12016,0.22644,0.18821,0.59766,0.64473,0.73671,0.69655,21
"YC19:2371",0.019148,0.060883,0.06022,0.072658,0.099818,0.21382,0.15204,0.63588,0.60653,0.75293,0.76703,24
"YC19:2372",0.017847,0.054449,0.068999,0.093003,0.15791,0.26063,0.22809,0.57567,0.65188,0.74525,0.76288,22
"YC19:2375",0.040224,0.08095,0.095669,0.1302,0.20526,0.32431,0.29603,0.6357,0.60633,0.71306,0.68423,25
"YC19:2376",0.0058047,0.030735,0.038205,0.051868,0.10404,0.18003,0.1458,0.41148,0.44421,0.60002,0.6049,19
"YC19:2377",0.019168,0.050829,0.068886,0.093194,0.13068,0.27526,0.21046,0.5818,0.56706,0.70583,0.69241,22
"YC19:2378",0.038626,0.10046,0.13365,0.18254,0.21836,0.38785,0.3097,0.55082,0.57191,0.70812,0.71318,26
"YC19:2379",0.011609,0.037774,0.055554,0.09787,0.14829,0.2319,0.22231,0.6681,0.52797,0.7182,0.67741,16
"YC19:2380",0.042019,0.094797,0.12221,0.1407,0.21584,0.383,0.30271,0.70045,0.62789,0.75257,0.74517,26
"YC19:2381",0.04785,0.1116,0.15368,0.1767,0.2529,0.36379,0.32952,0.68815,0.61481,0.74749,0.75798,20
"YC19:2382",0.014678,0.044464,0.054308,0.066311,0.15192,0.25238,0.22553,0.64516,0.6601,0.73557,0.74309,27
"YC19:2383",0.01646,0.029816,0.040211,0.036997,0.089791,0.15742,0.14136,0.48445,0.58093,0.70742,0.73281,21
"YC19:2386",0.022671,0.043302,0.050576,0.041878,0.10107,0.19263,0.17269,0.48963,0.55028,0.71634,0.71325,22
"YC19:2388",0.02131,0.054745,0.083439,0.067687,0.15152,0.28551,0.25397,0.5836,0.59082,0.73746,0.75142,26
"YC19:2389",0.014248,0.037226,0.047133,0.038505,0.11184,0.18162,0.17277,0.52268,0.52766,0.66874,0.60685,20
"YC19:2390",0.01471,0.039901,0.049968,0.044493,0.13775,0.21191,0.18377,0.49781,0.58752,0.72387,0.69743,26
"YC19:2391",0.0082431,0.024678,0.026936,0.018439,0.11174,0.16662,0.10646,0.43068,0.49601,0.71702,0.7422,21
"YC19:2392",0.0087203,0.023249,0.0303,0.016274,0.10165,0.14325,0.095251,0.40603,0.43272,0.66408,0.68312,22
"YC19:2393",0.0016258,0.021881,0.023852,0.02086,0.12523,0.18927,0.10962,0.54482,0.52274,0.70493,0.72336,19
"YC19:2394",0.019261,0.039519,0.048785,0.04174,0.1615,0.22583,0.15904,0.6057,0.63515,0.78185,0.75891,25
"YC19:2395",0.035073,0.062577,0.076218,0.058161,0.16792,0.26426,0.20216,0.67268,0.57929,0.71876,0.6751,24
"YC19:2397",0.031396,0.055522,0.070122,0.051733,0.13106,0.24693,0.19787,0.62553,0.63753,0.81384,0.79497,25
"YC19:2398",0.028984,0.059628,0.074809,0.062368,0.14589,0.27014,0.23028,0.68054,0.64231,0.77685,0.75057,23
"YC19:2399",0.013837,0.034601,0.043311,0.038836,0.095894,0.17045,0.15342,0.59923,0.50467,0.66106,0.64847,18
"YC19:2401",0.01934,0.031267,0.03688,0.045441,0.088578,0.15871,0.12706,0.45528,0.48265,0.59936,0.62667,22
"YC19:2402",0.01646,0.037172,0.040384,0.046296,0.078253,0.15527,0.13213,0.5114,0.55101,0.6513,0.70612,22
"YC19:2403",0.020869,0.057222,0.077421,0.098201,0.15449,0.25816,0.22723,0.58467,0.61006,0.73747,0.75616,19
"YC19:2404",0.032329,0.057495,0.07577,0.11394,0.16916,0.3021,0.2551,0.61312,0.61149,0.7544,0.7264,26
"YC19:2405",0.0074637,0.024705,0.027136,0.044078,0.096058,0.16787,0.14846,0.54134,0.61568,0.77784,0.7521,22
"YC19:2406",0.037266,0.068888,0.086216,0.13596,0.2076,0.35836,0.33229,0.69677,0.7682,0.85541,0.83977,26
"YC19:2407",0.023276,0.040215,0.053642,0.069986,0.089642,0.17447,0.13015,0.53817,0.49886,0.70183,0.64181,20
"YC19:2408",0.035165,0.070721,0.089051,0.12696,0.17957,0.27679,0.24251,0.58311,0.60762,0.71824,0.71377,25
"YC19:2409",0.029749,0.043658,0.056738,0.072222,0.14439,0.22778,0.19125,0.58673,0.65912,0.75479,0.76993,27
"YC19:2410",0.035753,0.096475,0.099368,0.13958,0.23522,0.38457,0.34622,0.71053,0.61776,0.75359,0.66817,27
"YC19:2411",0.040297,0.07707,0.086022,0.10976,0.17111,0.26197,0.21772,0.49663,0.53759,0.70989,0.72296,22
"YC19:2412",0.047303,0.10275,0.12921,0.17139,0.2473,0.38736,0.34537,0.69387,0.66326,0.75218,0.7381,27
"YC19:2413",0.031771,0.076353,0.097265,0.12645,0.23161,0.33864,0.34997,0.6439,0.52588,0.66256,0.62044,24
"YC19:2414",0.02372,0.047814,0.074857,0.089667,0.17309,0.30097,0.23573,0.5285,0.56317,0.67736,0.71101,19
"YC19:2415",0.01395,0.041486,0.054487,0.064458,0.11486,0.19557,0.17752,0.46319,0.5353,0.66242,0.66621,19
"YC19:2416",0.021968,0.054681,0.075896,0.074154,0.14837,0.21758,0.16284,0.5145,0.54746,0.66195,0.64711,20
"YC19:2417",0.036715,0.084173,0.11709,0.13599,0.19644,0.32218,0.241,0.62361,0.63471,0.74959,0.74272,24
"YC19:2418",0.037615,0.088343,0.12443,0.14379,0.21735,0.34498,0.32364,0.67774,0.67713,0.79675,0.78051,24
"YC19:2419",0.035334,0.075977,0.095173,0.095826,0.17358,0.29833,0.23736,0.63476,0.63114,0.73491,0.79081,22
"YC19:2420",0.026425,0.068847,0.096437,0.086807,0.1129,0.23243,0.17814,0.55549,0.48049,0.6803,0.71181,27
"YC19:2421",0.0020608,0.015286,0.013379,0.012626,0.033107,0.087604,0.055739,0.26119,0.37854,0.53263,0.48277,16
"YC19:2422",0.034248,0.061039,0.078654,0.089626,0.13226,0.21992,0.22108,0.49273,0.54201,0.65896,0.64891,22
"YC19:2423",0.029155,0.079502,0.0977,0.11292,0.16921,0.2717,0.20407,0.55587,0.54782,0.65002,0.68703,25
"YC19:2424",0.014472,0.041458,0.042191,0.060053,0.08624,0.20201,0.13912,0.523,0.59428,0.75399,0.73324,20
"YC19:2425",0.022757,0.043081,0.056594,0.075807,0.14915,0.23102,0.17936,0.53539,0.61356,0.76091,0.73349,20
"YC19:2426",0.031689,0.049477,0.07341,0.089114,0.1359,0.23458,0.19405,0.58234,0.60855,0.7375,0.75752,27
"YC19:2427",0.01428,0.037815,0.051231,0.052162,0.11122,0.19771,0.17319,0.57505,0.60019,0.69885,0.7156,22
"YC19:2428",0.030991,0.048688,0.07381,0.074934,0.1246,0.22065,0.19164,0.51166,0.58136,0.65562,0.67482,26
"YC19:2429",0.035593,0.059162,0.077243,0.098471,0.15846,0.23619,0.19491,0.46268,0.49989,0.5909,0.68224,22
"YC19:2430",0.0085932,0.017734,0.041335,0.048333,0.074483,0.16031,0.12284,0.42162,0.51529,0.63234,0.72309,19
"YC19:2431",0.035443,0.067894,0.084692,0.099987,0.15911,0.26934,0.24405,0.59666,0.62376,0.69298,0.71005,22
"YC19:2432",0.02452,0.046144,0.062106,0.064114,0.071906,0.16263,0.10869,0.33733,0.4316,0.60245,0.60667,21
"YC19:2433",0.026914,0.031773,0.046129,0.048341,0.072039,0.14101,0.11749,0.42939,0.46827,0.6546,0.64466,17
"YC19:2434",0.067625,0.070558,0.096032,0.07787,0.10716,0.22615,0.18816,0.48495,0.53011,0.66071,0.63986,21
"YC19:2435",0.046095,0.040775,0.067591,0.070635,0.11619,0.21882,0.21849,0.48266,0.64069,0.70293,0.75813,24
"YC19:2436",0.025501,0.02355,0.043075,0.051389,0.085222,0.15771,0.13703,0.45149,0.50098,0.64831,0.67879,20
"YC19:2438",0.048786,0.045024,0.060917,0.057493,0.07934,0.1458,0.1093,0.374,0.45681,0.67027,0.75529,25
"YC19:2439",0.04819,0.051908,0.070408,0.092381,0.13016,0.25051,0.23707,0.49847,0.61839,0.73143,0.7137,24
"YC19:2440",0.035271,0.040066,0.042194,0.053254,0.084032,0.17384,0.14592,0.47424,0.56347,0.73895,0.70686,27
"YC19:2441",0.031372,0.029708,0.036523,0.036957,0.069097,0.11478,0.09437,0.30846,0.33721,0.52955,0.46836,18
"YC19:2442",0.05843,0.052892,0.051684,0.055542,0.092164,0.15164,0.13691,0.37938,0.43983,0.66987,0.65604,16
"YC19:2443",0.026055,0.029682,0.036119,0.031825,0.076393,0.11499,0.096153,0.4606,0.46759,0.67503,0.64197,15
"YC19:2444",0.052361,0.070951,0.099173,0.11529,0.19027,0.28156,0.25797,0.58967,0.64663,0.76644,0.78875,25
"YC19:2445",0.034082,0.031364,0.041966,0.052001,0.087419,0.16089,0.15052,0.40281,0.42137,0.63565,0.59529,17
"YC19:2446",0.067107,0.067727,0.10863,0.12672,0.18143,0.28522,0.26018,0.56097,0.56082,0.6414,0.70365,25
"YC19:2447",0.042833,0.036718,0.05129,0.043571,0.072827,0.12043,0.089586,0.2528,0.32424,0.47233,0.47368,25
"YC19:2448",0.034188,0.033372,0.041221,0.037652,0.065618,0.10278,0.089243,0.34483,0.33415,0.49676,0.52388,19
"YC19:2449",0.032695,0.056566,0.084997,0.098458,0.12685,0.23286,0.16368,0.55847,0.53589,0.65132,0.69967,24
"YC19:2450",0.052348,0.0849,0.11984,0.12215,0.17924,0.29441,0.26447,0.61439,0.6332,0.71483,0.70374,25
"YC19:2451",0.028235,0.042481,0.060382,0.060767,0.14012,0.17713,0.15911,0.44216,0.49237,0.59852,0.6469,24
"YC19:2452",0.013831,0.025203,0.03914,0.032,0.079631,0.15574,0.10915,0.37012,0.38663,0.49529,0.61082,20
"YC19:2455",0.037889,0.072112,0.1069,0.11088,0.17839,0.28224,0.23229,0.59461,0.51425,0.61629,0.66246,25
"YC19:2456",0.021293,0.055096,0.086196,0.097183,0.17273,0.27895,0.25611,0.5578,0.63146,0.69761,0.719,23
"YC19:2457",0.0080449,0.028893,0.045384,0.05919,0.092776,0.17798,0.13971,0.48925,0.54054,0.65265,0.67254,18
"YC19:2458",0.031306,0.065787,0.091318,0.10638,0.19993,0.32425,0.27992,0.55154,0.56979,0.68142,0.71178,26
"YC19:2459",0.016966,0.034901,0.042206,0.042235,0.11445,0.15955,0.1349,0.35493,0.51712,0.61585,0.64613,23
"YC19:2461",0.01897,0.041895,0.063638,0.065556,0.1201,0.21505,0.17961,0.45821,0.48874,0.56595,0.59014,16
"YC19:2462",0.034267,0.058943,0.083617,0.104,0.13994,0.24325,0.20734,0.49401,0.51242,0.64771,0.66324,21
"YC19:2463",0.02471,0.034068,0.039245,0.042408,0.086181,0.16628,0.14019,0.55456,0.56098,0.70054,0.73494,20
"YC19:2464",0.050383,0.081892,0.10486,0.1105,0.1682,0.27721,0.22922,0.53086,0.56934,0.66736,0.71362,23
"YC19:2466",0.012682,0.032661,0.041105,0.060299,0.12999,0.23737,0.17615,0.47683,0.5357,0.64693,0.70937,23
"YC19:2467",0.038042,0.070869,0.092099,0.10347,0.16111,0.26278,0.21869,0.52869,0.57841,0.69713,0.69575,26
"YC19:2469",0.033319,0.068354,0.095556,0.12447,0.16847,0.31696,0.26338,0.59261,0.60383,0.74387,0.7122,23
"YC19:2470",0.016479,0.034055,0.031147,0.035661,0.042523,0.095551,0.071786,0.3545,0.46535,0.62791,0.65128,26
"YC19:2471",0.015686,0.052153,0.056268,0.082745,0.13227,0.20318,0.17487,0.49045,0.55365,0.67851,0.65913,25
"YC19:2472",0.015671,0.03796,0.040039,0.05078,0.089493,0.1554,0.12799,0.40231,0.48002,0.66619,0.67232,22
"YC19:2473",0.036281,0.065167,0.08073,0.13842,0.17144,0.29097,0.24864,0.60862,0.57384,0.71798,0.7169,26
"YC19:2474",0.032888,0.053912,0.063419,0.092699,0.13613,0.20281,0.18265,0.47157,0.60464,0.7074,0.74338,21
"YC19:2475",0.051585,0.067904,0.095222,0.11956,0.18477,0.27474,0.27477,0.5979,0.63221,0.75692,0.73943,25
"YC19:2476",0.018111,0.038687,0.056997,0.074996,0.12109,0.21447,0.17907,0.46339,0.48613,0.58227,0.64893,23
"YC19:2477",0.040185,0.057905,0.067266,0.070239,0.13297,0.22198,0.16359,0.46753,0.44734,0.59438,0.70265,26
"YC19:2478",0.029379,0.058206,0.073314,0.1005,0.1502,0.25107,0.23737,0.59631,0.5897,0.67866,0.73866,24
"YC19:2479",0.0088868,0.022457,0.027843,0.03538,0.059563,0.12567,0.10438,0.4059,0.47343,0.61975,0.65709,18
"YC19:2480",0.027888,0.057741,0.078604,0.088384,0.14242,0.32023,0.21642,0.65659,0.58148,0.67562,0.68665,23
"YC19:2481",0.03568,0.067249,0.080908,0.07076,0.15432,0.27687,0.19553,0.62743,0.60385,0.72049,0.74222,25
"YC19:2482",0.026214,0.048693,0.053207,0.061622,0.1608,0.26446,0.18659,0.56883,0.54633,0.68234,0.70181,26
"YC19:2483",0.026193,0.038119,0.051192,0.051414,0.12875,0.21752,0.18925,0.60574,0.52712,0.75747,0.72195,26
"YC19:2484",0.03148,0.052987,0.062698,0.065416,0.19255,0.32756,0.26621,0.5983,0.54467,0.74541,0.72182,21
"YC19:2485",0.039657,0.059601,0.071056,0.055328,0.17636,0.3262,0.25882,0.61131,0.60819,0.794,0.77133,24
"YC19:2486",0.034074,0.065609,0.088225,0.065964,0.19277,0.32716,0.26843,0.6406,0.62547,0.73629,0.74487,25
"YC19:2487",0.01277,0.026337,0.022384,0.014443,0.057981,0.12241,0.085553,0.43768,0.52208,0.65703,0.687,18
"YC19:2488",0.022867,0.03939,0.049651,0.050772,0.1213,0.23578,0.15774,0.52174,0.54126,0.6745,0.72103,22
"YC19:2490",0.040674,0.10048,0.084244,0.11361,0.12763,0.15066,0.11431,0.3995,0.44682,0.66288,0.64946,16
"YC19:2491",0.015765,0.038917,0.046055,0.049233,0.14265,0.2052,0.16636,0.44866,0.48726,0.68917,0.62953,23
"YC19:2492",0.0065435,0.01846,0.021607,0.018011,0.05058,0.081948,0.054157,0.31243,0.43159,0.67639,0.60002,22
"YC19:2493",0.020119,0.051936,0.068143,0.050886,0.13205,0.21841,0.17709,0.50746,0.59428,0.72303,0.7117,24
"YC19:2494",0.041658,0.074748,0.085958,0.060079,0.1398,0.29455,0.24444,0.65914,0.65238,0.79986,0.73649,25
"YC19:2495",0.035774,0.056812,0.078183,0.081217,0.12277,0.24675,0.24281,0.53661,0.62836,0.743,0.71489,26
"YC19:2496",0.0058578,0.018458,0.027178,0.028148,0.09755,0.1389,0.12111,0.43721,0.47856,0.62468,0.65717,21
"YC19:2497",0.026372,0.053696,0.073,0.088651,0.16931,0.26001,0.21458,0.50298,0.55727,0.63148,0.67859,22
"YC19:2498",0.014676,0.027599,0.038526,0.052328,0.096649,0.17442,0.142,0.56256,0.37542,0.5007,0.51322,20
"YC19:2499",0.020951,0.037169,0.038759,0.042804,0.06386,0.11643,0.082538,0.3251,0.43232,0.55542,0.63835,26
"YC19:2500",0.011929,0.022704,0.032555,0.038801,0.075058,0.12794,0.10341,0.30175,0.34292,0.50948,0.54564,15
"YC19:2501",0.027198,0.052468,0.068481,0.084775,0.14705,0.24041,0.21516,0.41081,0.45054,0.55626,0.6355,24
"YC19:2502",0.023325,0.051034,0.081511,0.10664,0.15525,0.23198,0.21142,0.54688,0.57318,0.68902,0.70178,24
"YC19:2503",0.025379,0.051157,0.062255,0.088747,0.13613,0.21634,0.20879,0.50947,0.58767,0.66813,0.68501,26
"YC19:2504",0.014597,0.035912,0.044607,0.070582,0.12199,0.19592,0.17733,0.5524,0.58541,0.72024,0.71121,20
"YC19:2505",0.024855,0.039769,0.043213,0.057025,0.11792,0.19131,0.15324,0.57647,0.60765,0.71474,0.67679,21
"YC19:2506",0.027757,0.053151,0.07402,0.096376,0.13994,0.25811,0.2259,0.58827,0.61804,0.77861,0.75218,24
"YC19:2507",0.022902,0.041185,0.054989,0.0673,0.12421,0.20342,0.18373,0.57707,0.67582,0.75559,0.73084,24
"YC19:2508",0.018627,0.04438,0.049012,0.059243,0.10033,0.17209,0.12956,0.55646,0.57883,0.72886,0.73402,21
"YC19:2509",0.041636,0.078983,0.10719,0.12223,0.19445,0.30593,0.26596,0.63962,0.61083,0.70159,0.67757,24
"YC19:2511",0.017657,0.046327,0.062563,0.058664,0.11799,0.20044,0.14215,0.45347,0.57293,0.7416,0.71234,20
"YC19:2512",0.018507,0.039833,0.050162,0.041243,0.09938,0.17945,0.14855,0.50116,0.61866,0.73475,0.72516,22
"YC19:2513",0.012486,0.023345,0.030888,0.03578,0.11659,0.1426,0.12956,0.44135,0.53711,0.70116,0.7142,16
"YC19:2514",0.055231,0.085243,0.098267,0.1162,0.21443,0.31154,0.30201,0.62847,0.70267,0.77109,0.76644,24
"YC19:2515",0.030092,0.058793,0.082961,0.10977,0.18354,0.26724,0.23338,0.57265,0.53733,0.67084,0.62956,19
"YC19:2518",0.034815,0.062848,0.091772,0.10808,0.1794,0.3002,0.27513,0.58833,0.65872,0.73998,0.68854,24
"YC19:2519",0.017226,0.032251,0.053499,0.06332,0.12611,0.2039,0.17637,0.41053,0.53066,0.63018,0.69228,22
"YC19:2520",0.048018,0.046421,0.051101,0.045829,0.10857,0.12032,0.080199,0.31531,0.35267,0.53619,0.5489,15
