"Genotype","b","GDD"
"1538",-0.0270946098216995,"Exp"
"29MIBZ2",0.119390057229826,"Exp"
"2FACC",0.212470901964152,"Exp"
"2MA22",0.0188683879282582,"Exp"
"3IJI1",-0.0985634317895087,"Exp"
"4226",-0.0194677094463262,"Exp"
"4N506",-0.000546539619175861,"Exp"
"6M502",-0.0171116529212309,"Exp"
"6M502A",0.0868080244294046,"Exp"
"764",0.0389780620997218,"Exp"
"78010",-0.023918647237659,"Exp"
"793",0.00203581740580143,"Exp"
"87916W",-0.0248981373811812,"Exp"
"911",0.0377617045844744,"Exp"
"912",-0.105414356749785,"Exp"
"91IFC2",-0.00277554537869834,"Exp"
"A",0.0318800777779752,"Exp"
"A208",0.00976546568260152,"Exp"
"A239",0.0864264249726257,"Exp"
"A272",-0.0163448734395436,"Exp"
"A305",-0.163838887363736,"Exp"
"A322",-0.10386402077855,"Exp"
"A334",0.00982475165212166,"Exp"
"A340",0.115297615251042,"Exp"
"A374",-0.12258392115909,"Exp"
"A385",0.0330250830705526,"Exp"
"A401",-0.114617025830117,"Exp"
"A427",0.00306417324282267,"Exp"
"A548",0.148427284739897,"Exp"
"A572",-0.0940895242603342,"Exp"
"A619",-0.0308414663769764,"Exp"
"A627",-0.00613859860245707,"Exp"
"A632",0.130095626880775,"Exp"
"A635",0.137741152078772,"Exp"
"A641",-0.0341478020626717,"Exp"
"A648",-0.00288435192450642,"Exp"
"A663",0.0170481975655125,"Exp"
"A672",0.0487233717204372,"Exp"
"A674",-0.0211986356119518,"Exp"
"A679",0.0771182176541391,"Exp"
"A680",-0.0188802856062668,"Exp"
"A682",0.0353864510761935,"Exp"
"A71",-0.0119629623346735,"Exp"
"A73",-0.00399394082481877,"Exp"
"A797NW",-0.0384980591200761,"Exp"
"AQA3",-0.0272414384337398,"Exp"
"AS6103",-0.0504840085337414,"Exp"
"AusTRCF 306238",-0.0225614454810077,"Exp"
"B-18 INBR.FR.SUPERGOLD",-0.214773938377891,"Exp"
"B-28",0.0384595546405516,"Exp"
"B103",-0.073673996055576,"Exp"
"B104",0.0375019069916175,"Exp"
"B105",-0.0615593461326742,"Exp"
"B108",0.00848010408289354,"Exp"
"B109",0.033184929126236,"Exp"
"B110",0.0261073449949729,"Exp"
"B111",-0.117770525667314,"Exp"
"B115",0.00298604722867008,"Exp"
"B119",0.0518711222720223,"Exp"
"B120",-0.0847434316958513,"Exp"
"B121",-0.147617207662309,"Exp"
"B14A",0.0625238916088329,"Exp"
"B164",-0.232466833900702,"Exp"
"B2",-0.062564497451542,"Exp"
"B37",0.0761074240132835,"Exp"
"B47",0.0352260505056584,"Exp"
"B57",-0.0312921299526975,"Exp"
"B66",-0.0378120157058209,"Exp"
"B68",-0.111343986134378,"Exp"
"B73",0.202721167912577,"Exp"
"B75",-0.10269392367757,"Exp"
"B76",-0.0410725933603963,"Exp"
"B77",-0.0333270816358422,"Exp"
"B79",-0.0566784368142861,"Exp"
"B87",0.0719487825961799,"Exp"
"B88",0.1106144098832,"Exp"
"B91",-0.045644228708263,"Exp"
"B97",-0.0505555518963871,"Exp"
"BEI 10 = NORTH 10",-0.0369285724231201,"Exp"
"BO9",-0.297373116990009,"Exp"
"CA-4",0.000656885546763088,"Exp"
"CG102",0.0539660961796102,"Exp"
"CH701-30",0.0364992902520085,"Exp"
"CH711-10",-0.107347811383725,"Exp"
"CH753-4",0.187549473880053,"Exp"
"CH9",-0.0856367156597611,"Exp"
"CI 40H",-0.0912482169652548,"Exp"
"CM105",0.119193051712047,"Exp"
"CQ702RC",-0.121430326821276,"Exp"
"CR 22 INBRED",-0.195477803760952,"Exp"
"DE2",-0.0245338526965668,"Exp"
"DE3",-0.0957609742730948,"Exp"
"DE4",-0.0839619711228561,"Exp"
"DE811",0.0712614987672942,"Exp"
"DJ7",-0.0674502536673796,"Exp"
"DK3IIH6",0.0101753938605357,"Exp"
"DK4676A",0.112232285916395,"Exp"
"DK78002A",0.0272122426354462,"Exp"
"DK78010",0.0376276925929118,"Exp"
"DK78371A",0.073009322211681,"Exp"
"DKFAPW",-0.0521792812782991,"Exp"
"DKFBHJ",-0.00836287950238667,"Exp"
"DKMBNA",0.0564171866466393,"Exp"
"DKPB80",0.1611122241762,"Exp"
"E8501",0.0711244432197073,"Exp"
"EAST 028",-0.0392472686369018,"Exp"
"Eng-Li Chih",-0.060500414585938,"Exp"
"F118",0.104416623348137,"Exp"
"F2834T",-0.0264197630228094,"Exp"
"FBLA",0.0911080850638979,"Exp"
"FR19",0.0603855447912462,"Exp"
"H105W",-0.003548411712435,"Exp"
"H110",-0.00774672005060846,"Exp"
"H113",-0.206471105899679,"Exp"
"H121",-0.0475733461221556,"Exp"
"H122w",0.00895485397472957,"Exp"
"H5",-0.114757660788058,"Exp"
"H71",0.0582954369973908,"Exp"
"H84",0.210561252302555,"Exp"
"H91",-0.168942534762665,"Exp"
"H95",-0.0697104652600097,"Exp"
"H96",-0.0902199365746378,"Exp"
"H99",0.0851859397372106,"Exp"
"HP301",-0.0280109718404582,"Exp"
"HUOBAI",-0.0378868845825344,"Exp"
"Hy",0.0518957808883227,"Exp"
"I29",-0.128706523060847,"Exp"
"Ia 453",0.114774661776289,"Exp"
"IA2132",0.13873629813434,"Exp"
"IBB15",0.0435059562073845,"Exp"
"IBC2",0.117995743645368,"Exp"
"ICI 193",-0.0478546636279821,"Exp"
"ICI 740",0.124245226826179,"Exp"
"ICI 893",0.00417963149869155,"Exp"
"ICI 986",0.079278905460432,"Exp"
"IDS28",0.0432023250375976,"Exp"
"IDS69",0.00120534640654715,"Exp"
"IDS91",-0.0564261202682304,"Exp"
"INB 101LFY/LFY (A632 X M16 S5)",-0.178777202228337,"Exp"
"INBRED 141",0.175701549295691,"Exp"
"INBRED 2-687",0.0452461181734801,"Exp"
"INBRED 305",-0.168638868560298,"Exp"
"INBRED 321",-0.0312756411450997,"Exp"
"K150",-0.0143089534355206,"Exp"
"K41",-0.0275104743940367,"Exp"
"K47",-0.0254789831457189,"Exp"
"KUNG-70",-0.0448511023101655,"Exp"
"L 127",0.0196501636298677,"Exp"
"L 139",-0.0187882737036436,"Exp"
"L 289",-0.0201784893946174,"Exp"
"LH1",-0.0164888635069835,"Exp"
"LH119",-0.0334575184005146,"Exp"
"LH128",0.0243115943811964,"Exp"
"LH143 (Maintainer)",-0.00433033191309192,"Exp"
"LH146Ht",0.0272226180094277,"Exp"
"LH149",-0.103159365128129,"Exp"
"LH165",0.0504028798036171,"Exp"
"LH166",0.0526589481285357,"Exp"
"LH181",-8.37408461223888e-05,"Exp"
"LH184",0.0335112419237359,"Exp"
"LH190",-0.0905447619099303,"Exp"
"LH192",0.12048867621294,"Exp"
"LH194",0.18363286885755,"Exp"
"LH195",-0.0305704745426254,"Exp"
"LH197",0.0691733941653882,"Exp"
"LH198",-0.0296694232886202,"Exp"
"LH202",-0.0551147884047215,"Exp"
"LH204",0.145259673641913,"Exp"
"LH205",0.0350102504159786,"Exp"
"LH206",0.14288026561452,"Exp"
"LH208",-0.00460928990197086,"Exp"
"LH209",0.0848953397208784,"Exp"
"LH214",0.0187868434369341,"Exp"
"LH215",0.0896853198112967,"Exp"
"LH222",0.106356184010749,"Exp"
"LH223",-0.0675878289328514,"Exp"
"LH224",0.0388286211136547,"Exp"
"LH295",0.0561327345835489,"Exp"
"LH60",-0.0282884156699636,"Exp"
"LH74",0.00312898206888094,"Exp"
"LH82",0.114683984924601,"Exp"
"LH93",-0.0301275016149761,"Exp"
"LIBC 4",0.109983610526655,"Exp"
"LP1 NR HT",-0.10900690956146,"Exp"
"LP5",0.0117833731025474,"Exp"
"M14",0.0961605906425265,"Exp"
"MBPM",-0.0106504801798897,"Exp"
"MBWZ",0.00563965210249752,"Exp"
"MM501D",0.0309679681861745,"Exp"
"Mo17",0.0553249488060169,"Exp"
"Mo1W",-0.0687794683885245,"Exp"
"Mo46",-0.101402527067417,"Exp"
"Mo47",0.0180817263469067,"Exp"
"Mo5",-0.143015259426976,"Exp"
"MQ305",0.0773733197329568,"Exp"
"MS116",-0.169649576406684,"Exp"
"MS132",-0.183513999150037,"Exp"
"MS200",-0.0767634918416443,"Exp"
"MS211",0.0497494304370178,"Exp"
"MS221",0.0473415741279653,"Exp"
"MS224",-0.015064334569872,"Exp"
"MS225",0.0100635711109522,"Exp"
"MS226",-0.173327633009213,"Exp"
"MS24A",0.0449513433573016,"Exp"
"MS67",0.0233322583991498,"Exp"
"MS71",0.0396590794673831,"Exp"
"MS72",-0.107056649547032,"Exp"
"N192",0.119025303737853,"Exp"
"N193",-0.0292125904275154,"Exp"
"N200",-0.0876265267899308,"Exp"
"N201",0.00877912763566523,"Exp"
"N209",0.0114529722157602,"Exp"
"N211",-0.15238791339459,"Exp"
"N217",0.0533915624532399,"Exp"
"N218",0.0942885588051889,"Exp"
"N28Ht",0.0832418886760228,"Exp"
"N501",-0.0737365700605718,"Exp"
"N523",-0.00741347292659548,"Exp"
"N527",-0.187834809002699,"Exp"
"N534",-0.06245123769379,"Exp"
"N542",-0.179462839769407,"Exp"
"N6",-0.0352919864246234,"Exp"
"NC250",0.0121146821378459,"Exp"
"NC262",0.0229194750531898,"Exp"
"NC294",-0.0167905252573285,"Exp"
"NC310",-0.0627078476189445,"Exp"
"NC326",0.0587345174369011,"Exp"
"NC328",0.156413813075111,"Exp"
"NC342",-0.150302187142467,"Exp"
"NC412",0.110799415782771,"Exp"
"ND259",-0.0251828252684724,"Exp"
"ND265",-0.174314703258537,"Exp"
"NK740",0.162407318352749,"Exp"
"NK778",0.074539238600317,"Exp"
"NK807",0.0323015761616538,"Exp"
"NKS8326",-0.0112174585596636,"Exp"
"NORTH 7",-0.0910584130264972,"Exp"
"NQ508",0.0148644672196507,"Exp"
"NS501",0.104990872097537,"Exp"
"NS701",0.0479585877360941,"Exp"
"NY6371",-0.0396748254520771,"Exp"
"Ny821",-0.0618886293758856,"Exp"
"OH33",-0.0571348760897545,"Exp"
"Oh40B",0.149508463106458,"Exp"
"Oh43",-0.0582563863322132,"Exp"
"Oh7",0.0310319641812845,"Exp"
"OQ403",0.155340310272028,"Exp"
"OQ603",-0.0856974552998892,"Exp"
"Os420",-0.086749057606009,"Exp"
"OS602",0.101670973617344,"Exp"
"Pa392",-0.0805117710605218,"Exp"
"Pa405",0.00241769537643264,"Exp"
"Pa875",-0.0594572731171182,"Exp"
"Pa880",0.0190679316782416,"Exp"
"Pa91",0.00513927821789169,"Exp"
"PH207",0.217428496756661,"Exp"
"PHB09",-0.0477274236258017,"Exp"
"PHB47",-0.156271272789399,"Exp"
"PHBA6",-0.015760268219465,"Exp"
"PHBB3",0.0453384833081985,"Exp"
"PHEG9",0.155385718792886,"Exp"
"PHG29",-0.126110328914191,"Exp"
"PHG47",0.0886778014128511,"Exp"
"PHG71",0.0096440167527165,"Exp"
"PHG80",-0.0170170381353897,"Exp"
"PHG83",-0.0174533296794573,"Exp"
"PHG86",0.143807759130617,"Exp"
"PHH93",-0.169661507146874,"Exp"
"PHHH9",-0.00419032563559878,"Exp"
"PHHV4",-0.0182346240661531,"Exp"
"PHJ70",0.270735651707215,"Exp"
"PHJ89",0.0324275757978642,"Exp"
"PHJ90",0.19259068508842,"Exp"
"PHJR5",-0.0785016176836585,"Exp"
"PHK35",0.0190188495559923,"Exp"
"PHK42",0.0402048267830098,"Exp"
"PHK56",-0.00887612864962428,"Exp"
"PHK74",0.0844428600942564,"Exp"
"PHKE6",-0.0135910895258595,"Exp"
"PHM10",0.0688094020466102,"Exp"
"PHN11",0.0521198182953276,"Exp"
"PHN29",0.0674442600319715,"Exp"
"PHN66",0.0157889494271272,"Exp"
"PHN82",0.0210827695412443,"Exp"
"PHP02",-0.125183154593844,"Exp"
"PHP55",-0.080739507718877,"Exp"
"PHP76",0.111227289071492,"Exp"
"PHP85",0.0571861403528433,"Exp"
"PHPR5",-0.0693601626701585,"Exp"
"PHR03",-0.00924020357509947,"Exp"
"PHR30",-0.0916570482811155,"Exp"
"PHR31",0.0569444194662213,"Exp"
"PHR36",-0.0310150517682475,"Exp"
"PHR47",-0.0229556071336081,"Exp"
"PHR63",0.168425460582027,"Exp"
"PHT10",0.0430940464780748,"Exp"
"PHT47",-0.144968305922994,"Exp"
"PHT55",0.113714455638631,"Exp"
"PHTM9",-0.0127822284426252,"Exp"
"PHV37",-0.183866035841773,"Exp"
"PHV57",0.0899748217800121,"Exp"
"PHV63",-0.0593577979329269,"Exp"
"PHVA9",-0.0517846268770863,"Exp"
"PHVJ4",-0.194957287664639,"Exp"
"PHW03",0.0546377011474331,"Exp"
"PHW17",-0.0402107941265678,"Exp"
"PHW20",0.14619511722319,"Exp"
"PHW30",-0.118417769397428,"Exp"
"PHW43",0.0178332724692369,"Exp"
"PHW52",0.08880047167564,"Exp"
"PHW53",0.0261728780817806,"Exp"
"PHW80",-0.223693765399089,"Exp"
"PHWG5",-0.0481535093494275,"Exp"
"PHZ51",-0.0974278109190625,"Exp"
"Q381",0.0858243074517641,"Exp"
"R168",0.106418740326091,"Exp"
"R177",-0.146083803286886,"Exp"
"R181B",0.00994240088389218,"Exp"
"R226",0.0107718287443893,"Exp"
"R229",-0.113693274263787,"Exp"
"R71",-0.0627244961061608,"Exp"
"R78",-0.0432984191929198,"Exp"
"SD101",0.0342225747182033,"Exp"
"SD102",0.137197605158209,"Exp"
"SD107",-0.0276084621251769,"Exp"
"SD40",0.187671466513405,"Exp"
"SD44",-0.190923331183107,"Exp"
"SG 30A",0.0107800914030018,"Exp"
"T242",0.0498893855437897,"Exp"
"Tr",-0.0610861131250243,"Exp"
"TZU-CHIAO-HSI-WU 105",0.0410503127403692,"Exp"
"Va26",-0.0200927933442727,"Exp"
"Va35",0.0590291035553734,"Exp"
"Va52",0.0818290161874164,"Exp"
"Va99",-0.0682747032386175,"Exp"
"W182E",0.0685241184830758,"Exp"
"W22",0.127885197688978,"Exp"
"W23",-0.244280426136412,"Exp"
"W24",0.0026549428161906,"Exp"
"W32",-0.172707494530404,"Exp"
"W37A",-0.0586750154400051,"Exp"
"W552",-0.0632947377391312,"Exp"
"W603S",0.0335759037996604,"Exp"
"W604S",0.106437225427509,"Exp"
"W605S",-0.0654953437988975,"Exp"
"W607S",-0.0353367829382387,"Exp"
"W610S",0.122778636364871,"Exp"
"W611S",-0.0654840875156534,"Exp"
"W612S",0.183229394471972,"Exp"
"W614S",0.0511724563146313,"Exp"
"W64A",0.0408145466606433,"Exp"
"W701BC",-0.0284244123843233,"Exp"
"W803G",0.0098602228031359,"Exp"
"W809G",0.015153029486134,"Exp"
"W810G",-0.0403254230585934,"Exp"
"W811G",-0.033010475575767,"Exp"
"W813G",0.137002794118435,"Exp"
"W8304",0.0980909762624522,"Exp"
"W9",0.0300172877085099,"Exp"
"WIL900",-0.0982249929700242,"Exp"
"WU-TAN-TZAO",0.0222262241074408,"Exp"
"YE 4",-0.140837165767097,"Exp"
"YING-55",-0.0881467338815229,"Exp"
"Yu796 NS",0.0924229289176427,"Exp"
"ZS365",0.0498035285253665,"Exp"
"ZS635",0.011715119298495,"Exp"
