"Plot","430","585","946","1267","1356","1495","1662.5","1812","2031.5","Weeds","Stand","X"
"YC18:1001",0.075231,0.23217,0.69827,0.68499,0.69409,0.74963,0.7914,0.79688,0.74444,"No",26,NA
"YC18:1002",0.032746,0.10997,0.60948,0.60179,0.68827,0.66444,0.72896,0.7629,0.65829,"No",17,NA
"YC18:1003",0.067246,0.2115,0.71201,0.64718,0.69913,0.72464,0.76905,0.84748,0.69127,"No",25,NA
"YC18:1004",0.070487,0.23141,0.74649,0.63301,0.75302,0.74766,0.81283,0.84962,0.72487,"No",26,NA
"YC18:1005",0.063538,0.21372,0.76159,0.71979,0.73192,0.79113,0.77767,0.8262,0.697,"No",19,NA
"YC18:1006",0.060241,0.22979,0.73389,0.68902,0.80393,0.8138,0.81732,0.8581,0.78414,"No",25,NA
"YC18:1007",0.13933,0.30423,0.85286,0.72012,0.7715,0.78192,0.76565,0.79056,0.71417,"No",22,NA
"YC18:1008",0.19697,0.28012,0.8587,0.66136,0.74068,0.75927,0.77077,0.80839,0.7936,"No",22,NA
"YC18:1009",0.14267,0.20381,0.78261,0.58068,0.69761,0.70448,0.66783,0.74991,0.7362,"No",25,NA
"YC18:1010",0.11241,0.22534,0.77558,0.64984,0.66102,0.71488,0.74472,0.75742,0.65716,"No",24,NA
"YC18:1011",0.097803,0.24717,0.79987,0.69068,0.73526,0.72674,0.72962,0.77963,0.73315,"No",24,NA
"YC18:1012",0.10535,0.20713,0.6879,0.62032,0.67556,0.66164,0.65826,0.69452,0.63319,"No",17,NA
"YC18:1013",0.13308,0.29488,0.78773,0.65928,0.6428,0.69255,0.69808,0.68767,0.57387,"No",21,NA
"YC18:1014",0.20842,0.33431,0.81651,0.73969,0.81288,0.84302,0.80151,0.79445,0.65036,"No",19,NA
"YC18:1015",0.15707,0.29962,0.84546,0.72613,0.83315,0.82692,0.83179,0.80899,0.79605,"No",26,NA
"YC18:1016",0.15082,0.253,0.75675,0.77568,0.73557,0.75138,0.75273,0.84284,0.80428,"No",26,NA
"YC18:1025",0.11373,0.23123,0.70425,0.57817,0.67822,0.66858,0.7209,0.77358,0.63493,"No",21,NA
"YC18:1026",0.072369,0.16018,0.57072,0.63589,0.6514,0.66436,0.69591,0.72366,0.69678,"No",18,NA
"YC18:1027",0.066779,0.11033,0.50595,0.62266,0.69643,0.71269,0.7274,0.74289,0.68661,"No",22,NA
"YC18:1028",0.12552,0.26538,0.66252,0.66615,0.67617,0.71884,0.63149,0.7099,0.64006,"No",26,NA
"YC18:1030",0.050406,0.2025,0.71166,0.62716,0.77593,0.73909,0.71797,0.83023,0.59017,"No",27,NA
"YC18:1031",0.081444,0.23506,0.74024,0.73698,0.73323,0.80514,0.81952,0.81225,0.78342,"No",22,NA
"YC18:1032",0.098125,0.25112,0.63188,0.70686,0.74487,0.77563,0.8016,0.8353,0.77225,"No",25,NA
"YC18:1033",0.041449,0.1596,0.67415,0.64913,0.66694,0.76323,0.75442,0.79403,0.77672,"No",24,NA
"YC18:1034",0.05056,0.19786,0.66622,0.67976,0.77999,0.7434,0.79384,0.83192,0.72311,"No",25,NA
"YC18:1035",0.076713,0.19618,0.51758,0.62401,0.63521,0.67385,0.70043,0.76214,0.71591,"No",20,NA
"YC18:1036",0.071633,0.18721,0.55664,0.59139,0.61358,0.63361,0.61016,0.68953,0.57873,"No",15,NA
"YC18:1037",0.19729,0.27606,0.63822,0.67247,0.73273,0.71554,0.77045,0.79058,0.63379,"No",15,NA
"YC18:1038",0.063326,0.17702,0.69902,0.66088,0.69476,0.72758,0.8079,0.82723,0.69423,"No",15,NA
"YC18:1046",0.10507,0.25757,0.70065,0.67963,0.72691,0.72223,0.74682,0.80938,0.74575,"No",15,NA
"YC18:1047",0.045652,0.17022,0.60784,0.59651,0.57046,0.73218,0.70814,0.71936,0.68869,"No",15,NA
"YC18:1060",0.068166,0.16552,0.59054,0.66908,0.66665,0.70009,0.71926,0.75305,0.66378,"No",15,NA
"YC18:1061",0.054478,0.20558,0.64662,0.5817,0.60461,0.69261,0.68857,0.72478,0.62202,"No",15,NA
"YC18:1062",0.097425,0.2455,0.63255,0.67004,0.61904,0.6851,0.7494,0.765,0.74585,"No",15,NA
"YC18:1063",0.03241,0.17848,0.58787,0.68547,0.77586,0.78446,0.72177,0.80774,0.61885,"No",15,NA
"YC18:1064",0.09541,0.22533,0.67283,0.59282,0.6014,0.60912,0.658,0.70123,0.65651,"No",15,NA
"YC18:1065",0.14475,0.22156,0.70172,0.65981,0.66287,0.71018,0.71229,0.72919,0.65487,"No",15,NA
"YC18:1066",0.13322,0.2353,0.71351,0.7036,0.74105,0.74027,0.73188,0.76145,0.71799,"No",15,NA
"YC18:1067",0.1096,0.23369,0.61957,0.65335,0.70383,0.74595,0.75856,0.78784,0.74838,"No",15,NA
"YC18:1068",0.063784,0.16132,0.61407,0.6985,0.7549,0.75362,0.73852,0.77084,0.74306,"No",15,NA
"YC18:1071",0.090921,0.21855,0.63869,0.605,0.64075,0.70021,0.68177,0.72683,0.72345,"No",15,NA
"YC18:1072",0.13994,0.167,0.57224,0.56466,0.72527,0.73519,0.6769,0.72621,0.59366,"No",19,NA
"YC18:1081",0.15502,0.20468,0.73049,0.71122,0.76497,0.7825,0.75953,0.80498,0.78225,"No",25,NA
"YC18:1082",0.068738,0.17073,0.76771,0.71966,0.77598,0.80618,0.81678,0.84685,0.79633,"No",23,NA
"YC18:1083",0.11209,0.18142,0.69425,0.65348,0.68668,0.75823,0.71196,0.79869,0.72616,"No",22,NA
"YC18:1084",0.072949,0.23576,0.70308,0.64641,0.74983,0.71488,0.67743,0.70491,0.68076,"No",23,NA
"YC18:1085",0.064939,0.19415,0.73692,0.70785,0.77111,0.76877,0.8027,0.82749,0.76168,"No",27,NA
"YC18:1086",0.07626,0.25001,0.78051,0.7042,0.74494,0.78915,0.73681,0.80335,0.70536,"No",26,NA
"YC18:1089",0.059908,0.16759,0.63528,0.5665,0.66212,0.60407,0.64191,0.69423,0.59319,"No",20,NA
"YC18:1090",0.073294,0.24498,0.77736,0.71475,0.77187,0.82058,0.79813,0.81757,0.83165,"No",24,NA
"YC18:1091",0.065813,0.15967,0.7679,0.69907,0.74685,0.76446,0.76952,0.78882,0.77101,"No",24,NA
"YC18:1092",0.046222,0.16519,0.6482,0.63987,0.70845,0.75407,0.72578,0.77303,0.72672,"No",22,NA
"YC18:1093",0.036651,0.12545,0.62765,0.65177,0.72537,0.76045,0.73343,0.77078,0.74397,"No",22,NA
"YC18:1094",0.062622,0.22429,0.71722,0.65964,0.7277,0.72206,0.78119,0.77277,0.74298,"No",25,NA
"YC18:1095",0.079891,0.23948,0.76308,0.72073,0.78935,0.80815,0.79796,0.85432,0.7992,"No",26,NA
"YC18:1096",0.071958,0.19421,0.66622,0.54683,0.59521,0.73457,0.70804,0.72063,0.69335,"No",17,NA
"YC18:1097",0.098591,0.21805,0.78574,0.67816,0.70333,0.74881,0.7512,0.81079,0.7409,"No",26,NA
"YC18:1098",0.089704,0.2381,0.80761,0.86364,0.81504,0.87448,0.91765,0.91533,0.88919,"No",27,NA
"YC18:1099",0.084326,0.27031,0.81651,0.84123,0.84136,0.86901,0.87453,0.87249,0.87203,"No",27,NA
"YC18:1100",0.037543,0.12441,0.68951,0.63611,0.76446,0.788,0.79219,0.821,0.783,"No",22,NA
"YC18:1101",0.044458,0.16498,0.69327,0.57485,0.63022,0.7506,0.75465,0.77839,0.73864,"No",23,NA
"YC18:1102",0.049888,0.17486,0.75293,0.64032,0.71201,0.76923,0.75772,0.76241,0.74121,"No",22,NA
"YC18:1103",0.097943,0.28034,0.75341,0.66122,0.66175,0.74297,0.76929,0.73772,0.73509,"No",25,NA
"YC18:1104",0.069046,0.23929,0.76337,0.70999,0.78432,0.78968,0.76888,0.77853,0.79499,"No",25,NA
"YC18:1105",0.022964,0.12585,0.70815,0.70799,0.74965,0.77271,0.75577,0.78495,0.71194,"No",24,NA
"YC18:1106",0.062301,0.22887,0.66542,0.70726,0.78871,0.7919,0.80711,0.83487,0.79747,"No",21,NA
"YC18:1107",0.060142,0.23116,0.75139,0.72406,0.79515,0.79947,0.7726,0.83823,0.79766,"No",25,NA
"YC18:1108",0.10125,0.26492,0.67869,0.67026,0.70839,0.68254,0.72046,0.73324,0.66314,"No",15,NA
"YC18:1109",0.06709,0.27911,0.79519,0.83899,0.84907,0.88034,0.85436,0.93043,0.86324,"No",15,NA
"YC18:1110",0.1156,0.30061,0.80724,0.74613,0.79294,0.83222,0.8223,0.85719,0.8123,"No",15,NA
"YC18:1111",0.11126,0.29629,0.79032,0.73554,0.741,0.757,0.76437,0.76895,0.77944,"No",15,NA
"YC18:1117",0.08285,0.15896,0.61206,0.62337,0.67372,0.72169,0.71979,0.76112,0.75576,"No",15,NA
"YC18:1122",0.13976,0.1582,0.52029,0.53302,0.52867,0.61322,0.66713,0.67837,0.6794,"No",15,NA
"YC18:1124",0.086873,0.24867,0.65654,0.64743,0.62675,0.70124,0.7035,0.74235,0.72219,"No",15,NA
"YC18:1125",0.10443,0.22133,0.62712,0.56218,0.63376,0.71358,0.65737,0.71374,0.58252,"No",15,NA
"YC18:1127",0.12095,0.23107,0.67669,0.55647,0.66418,0.6423,0.62814,0.68008,0.50447,"No",15,NA
"YC18:1128",0.12409,0.20531,0.64667,0.70139,0.67086,0.71908,0.73276,0.76041,0.71149,"No",15,NA
"YC18:1129",0.12555,0.25497,0.70568,0.65752,0.65402,0.73501,0.72891,0.74999,0.65276,"No",15,NA
"YC18:1130",0.09499,0.2284,0.66652,0.66279,0.7124,0.76934,0.78872,0.77509,0.68824,"No",15,NA
"YC18:1132",0.067464,0.20997,0.59402,0.55627,0.57161,0.67497,0.57581,0.68235,0.48296,"No",15,NA
"YC18:1134",0.062427,0.21308,0.65599,0.66822,0.69937,0.75494,0.74004,0.76688,0.60708,"No",15,NA
"YC18:1135",0.10678,0.23608,0.72795,0.66836,0.65722,0.72356,0.73605,0.71634,0.67105,"No",15,NA
"YC18:1136",0.086789,0.19273,0.74419,0.69182,0.69531,0.73743,0.74823,0.7377,0.68747,"No",15,NA
"YC18:1145",0.073232,0.23522,0.61,0.59562,0.64239,0.67269,0.65463,0.65911,0.58024,"No",19,NA
"YC18:1146",0.074075,0.25609,0.73052,0.69327,0.69476,0.71829,0.7243,0.72132,0.71038,"No",22,NA
"YC18:1155",0.18177,0.24564,0.74949,0.76111,0.743,0.78888,0.80776,0.81912,0.79056,"No",27,NA
"YC18:1156",0.22057,0.22267,0.70424,0.68521,0.70106,0.74927,0.72373,0.82918,0.64061,"No",23,NA
"YC18:1157",0.079163,0.20137,0.6436,0.66498,0.70546,0.74355,0.72624,0.77459,0.70072,"No",25,NA
"YC18:1158",0.093142,0.24525,0.67011,0.65087,0.69226,0.74762,0.71967,0.79969,0.66912,"No",25,NA
"YC18:1160",0.15265,0.30891,0.7375,0.70343,0.75652,0.75842,0.72188,0.79487,0.73373,"No",26,NA
"YC18:1161",0.111,0.27479,0.69851,0.74598,0.71358,0.7825,0.7674,0.81196,0.75136,"No",25,NA
"YC18:1162",0.1041,0.2594,0.61856,0.6305,0.63412,0.72468,0.77901,0.75184,0.7038,"No",20,NA
"YC18:1163",0.088529,0.21315,0.65785,0.67037,0.68498,0.78144,0.76961,0.80704,0.75206,"No",26,NA
"YC18:1164",0.12494,0.16605,0.59695,0.63155,0.66738,0.70964,0.72335,0.80266,0.67381,"No",19,NA
"YC18:1165",0.11975,0.196,0.59023,0.63313,0.64199,0.68984,0.73703,0.74917,0.74771,"No",17,NA
"YC18:1167",0.17205,0.1178,0.50344,0.58443,0.67684,0.6814,0.70729,0.73174,0.70114,"No",17,NA
"YC18:1171",0.19141,0.29953,0.70598,0.63732,0.69093,0.7232,0.73659,0.76106,0.67619,"No",22,NA
"YC18:1172",0.12518,0.21376,0.77349,0.71109,0.79231,0.79163,0.79688,0.8447,0.87415,"No",26,NA
"YC18:1177",0.15654,0.22868,0.73745,0.71962,0.74857,0.7579,0.76042,0.76876,0.73782,"No",21,NA
"YC18:1178",0.068248,0.17664,0.70344,0.69968,0.77259,0.82861,0.81576,0.83773,0.838,"No",25,NA
"YC18:1179",0.21753,0.23238,0.7144,0.69682,0.74479,0.80047,0.81472,0.83826,0.77029,"No",25,NA
"YC18:1181",0.14099,0.22688,0.80667,0.82565,0.84417,0.87035,0.85602,0.86934,0.84803,"No",15,NA
"YC18:1182",0.1067,0.23036,0.69673,0.70348,0.76008,0.77609,0.76802,0.81688,0.78342,"No",15,NA
"YC18:1183",0.11938,0.25661,0.70178,0.71072,0.77935,0.76899,0.75989,0.79255,0.73065,"No",15,NA
"YC18:1184",0.095256,0.25926,0.74803,0.73113,0.73881,0.76054,0.75658,0.79512,0.75186,"No",15,NA
"YC18:1185",0.056409,0.20374,0.73729,0.71868,0.79458,0.79758,0.82028,0.83072,0.8019,"No",15,NA
"YC18:1186",0.080109,0.23859,0.76389,0.75804,0.80802,0.83219,0.82298,0.86352,0.81608,"No",15,NA
"YC18:1188",0.060383,0.18124,0.60218,0.56556,0.63526,0.60759,0.66994,0.67812,0.6282,"No",15,NA
"YC18:1189",0.06535,0.14485,0.57273,0.59435,0.67703,0.72916,0.74259,0.75607,0.68264,"No",15,NA
"YC18:1190",0.06172,0.19452,0.71426,0.7173,0.79468,0.76858,0.77599,0.81912,0.80128,"No",15,NA
"YC18:1191",0.065803,0.192,0.62713,0.64745,0.70629,0.6912,0.7167,0.72476,0.65135,"No",15,NA
"YC18:1192",0.073402,0.15786,0.67956,0.61287,0.65339,0.65028,0.63887,0.69653,0.60724,"No",15,NA
"YC18:1193",0.045466,0.17402,0.69001,0.65752,0.72262,0.78207,0.79206,0.82772,0.79617,"No",15,NA
"YC18:1194",0.054142,0.19447,0.68893,0.67279,0.65638,0.79819,0.78106,0.74125,0.70618,"No",15,NA
"YC18:1195",0.058812,0.1618,0.72636,0.6668,0.77139,0.78127,0.83165,0.84352,0.7408,"No",15,NA
"YC18:1196",0.052996,0.18112,0.69053,0.69664,0.74692,0.82195,0.83324,0.85928,0.84428,"No",15,NA
"YC18:1197",0.051329,0.18728,0.67176,0.72586,0.78254,0.81706,0.81241,0.85053,0.76352,"No",15,NA
"YC18:1198",0.072708,0.19309,0.68763,0.76071,0.79369,0.84378,0.83958,0.85332,0.79601,"No",15,NA
"YC18:1199",0.090256,0.23536,0.72725,0.6672,0.74943,0.7455,0.75839,0.77451,0.7464,"No",15,NA
"YC18:1200",0.090114,0.20981,0.64247,0.58677,0.68614,0.66577,0.64176,0.68179,0.6295,"No",15,NA
"YC18:1201",0.19628,0.26716,0.74351,0.65891,0.71488,0.75102,0.75511,0.76874,0.71573,"No",15,NA
"YC18:1202",0.20757,0.35302,0.71716,0.71416,0.81573,0.80924,0.83482,0.8882,0.88539,"No",15,NA
"YC18:1203",0.13827,0.23656,0.64206,0.67758,0.70977,0.72458,0.73514,0.81507,0.75896,"No",15,NA
"YC18:1205",0.13693,0.31234,0.65464,0.67867,0.75108,0.79981,0.74166,0.79603,0.70611,"No",15,NA
"YC18:1207",0.097635,0.19902,0.57292,0.55125,0.63343,0.67961,0.68776,0.69637,0.6654,"No",15,NA
"YC18:1208",0.075693,0.24517,0.62355,0.69993,0.75682,0.75275,0.76908,0.77171,0.72484,"No",15,NA
"YC18:1209",0.096767,0.20366,0.66754,0.70754,0.68664,0.73993,0.7647,0.80438,0.7799,"No",15,NA
"YC18:1213",0.17534,0.18745,0.66551,0.66408,0.66826,0.73578,0.76394,0.78414,0.75826,"No",15,NA
"YC18:1214",0.14584,0.24762,0.65445,0.67054,0.73713,0.80933,0.78828,0.80038,0.69903,"No",15,NA
"YC18:1221",0.10126,0.14524,0.45977,0.70793,0.72453,0.79338,0.8231,0.82015,0.82779,"No",22,NA
"YC18:1223",0.053666,0.19589,0.66205,0.62449,0.67014,0.81885,0.84973,0.85486,0.71941,"No",26,NA
"YC18:1224",0.093001,0.27415,0.64042,0.78786,0.80684,0.81476,0.79451,0.81704,0.77414,"No",22,NA
"YC18:1225",0.056591,0.1885,0.66819,0.68648,0.69267,0.67585,0.71413,0.72478,0.69465,"No",27,NA
"YC18:1227",0.065463,0.17477,0.55101,0.53934,0.62764,0.64703,0.67105,0.69214,0.61552,"No",22,NA
"YC18:1228",0.039722,0.14562,0.51568,0.46751,0.4622,0.6224,0.65134,0.66308,0.4733,"No",24,NA
"YC18:1229",0.064694,0.14211,0.51854,0.61441,0.61721,0.74171,0.69573,0.72584,0.60019,"No",16,NA
"YC18:1230",0.066935,0.16329,0.62639,0.73551,0.7109,0.80118,0.81009,0.82563,0.77679,"No",19,NA
"YC18:1231",0.13739,0.17552,0.63476,0.70228,0.70313,0.70712,0.78387,0.73561,0.68051,"No",16,NA
"YC18:1232",0.11357,0.29697,0.66201,0.70667,0.70591,0.73773,0.71023,0.70884,0.63529,"No",18,NA
"YC18:1240",0.050463,0.13958,0.57141,0.62686,0.69148,0.70896,0.75662,0.75353,0.69124,"No",17,NA
"YC18:1241",0.10291,0.26643,0.68741,0.65499,0.66689,0.72637,0.75372,0.76329,0.70918,"No",26,NA
"YC18:1242",0.15128,0.24455,0.66382,0.59752,0.64823,0.68548,0.73652,0.72245,0.66894,"No",20,NA
"YC18:1243",0.076246,0.16977,0.68491,0.60311,0.6826,0.80529,0.78574,0.73482,0.68794,"No",19,NA
"YC18:1244",0.022656,0.090139,0.61007,0.46233,0.4993,0.59285,0.57987,0.5967,0.55178,"No",15,NA
"YC18:1248",0.055345,0.2467,0.70893,0.71789,0.73718,0.79619,0.78924,0.80825,0.72894,"No",26,NA
"YC18:1249",0.046963,0.18362,0.61668,0.67503,0.67119,0.70179,0.75302,0.7507,0.72216,"No",25,NA
"YC18:1250",0.085939,0.23389,0.7053,0.70409,0.7258,0.7704,0.79438,0.78344,0.7303,"No",24,NA
"YC18:1251",0.059802,0.21725,0.63334,0.65854,0.67549,0.7373,0.72988,0.76493,0.66969,"No",26,NA
"YC18:1252",0.074965,0.2535,0.72861,0.75019,0.81715,0.83489,0.82567,0.84806,0.75436,"No",15,NA
"YC18:1253",0.073515,0.22825,0.68165,0.73594,0.70633,0.72408,0.73031,0.74205,0.67775,"No",15,NA
"YC18:1254",0.071718,0.27277,0.69879,0.7601,0.75844,0.81757,0.79405,0.81015,0.79169,"No",15,NA
"YC18:1255",0.05382,0.20273,0.60205,0.73729,0.76996,0.79194,0.8116,0.84493,0.77052,"No",15,NA
"YC18:1256",0.094822,0.27825,0.69978,0.70582,0.67223,0.7171,0.75365,0.79057,0.68554,"No",15,NA
"YC18:1257",0.042555,0.1558,0.53602,0.5794,0.60325,0.64435,0.6901,0.68453,0.65162,"No",15,NA
"YC18:1258",0.049832,0.22642,0.55092,0.51546,0.62015,0.43261,0.67568,0.67118,0.53605,"No",15,NA
"YC18:1259",0.044519,0.17992,0.54489,0.59749,0.68005,0.70294,0.77578,0.78648,0.69165,"No",15,NA
"YC18:1260",0.091911,0.21982,0.57636,0.69871,0.77477,0.83082,0.84187,0.81644,0.83277,"No",15,NA
"YC18:1263",0.05396,0.16057,0.54794,0.62789,0.57318,0.61771,0.71177,0.74833,0.75494,"No",15,NA
"YC18:1264",0.14853,0.24159,0.66503,0.80868,0.81134,0.82339,0.84419,0.843,0.79012,"No",15,NA
"YC18:1265",0.093977,0.15012,0.44574,0.73057,0.74827,0.79714,0.79053,0.79456,0.77511,"No",15,NA
"YC18:1268",0.039309,0.17184,0.49366,0.61836,0.60115,0.58615,0.60768,0.68911,0.63944,"No",15,NA
"YC18:1272",0.055444,0.21801,0.63051,0.76006,0.80126,0.81334,0.81445,0.82934,0.78402,"No",15,NA
"YC18:1274",0.025047,0.1288,0.47575,0.59936,0.65402,0.64411,0.6866,0.6819,0.6584,"No",15,NA
"YC18:1276",0.027071,0.10769,0.44468,0.58717,0.68764,0.74265,0.76567,0.80338,0.76501,"No",15,NA
"YC18:1278",0.061293,0.12885,0.40926,0.54538,0.65715,0.70676,0.72415,0.80256,0.81053,"No",15,NA
"YC18:1279",0.1012,0.22372,0.63257,0.73551,0.77374,0.84207,0.82639,0.85746,0.82031,"No",15,NA
"YC18:1280",0.083851,0.21975,0.64206,0.66452,0.74074,0.77765,0.76336,0.80922,0.7266,"No",15,NA
"YC18:1283",0.051071,0.1646,0.55615,0.6017,0.70127,0.77367,0.803,0.80867,0.81664,"No",15,NA
"YC18:1287",0.055472,0.20687,0.61407,0.67633,0.70771,0.76098,0.76373,0.76675,0.74638,"No",15,NA
"YC18:1288",0.080661,0.22189,0.67635,0.7122,0.7879,0.75497,0.73037,0.77143,0.7359,"No",23,NA
"YC18:1289",0.063043,0.2235,0.75219,0.74922,0.79513,0.82718,0.7653,0.77532,0.72228,"No",22,NA
"YC18:1290",0.088006,0.24673,0.76176,0.80435,0.83932,0.85838,0.86094,0.88733,0.8287,"No",26,NA
"YC18:1291",0.053845,0.17988,0.59948,0.73574,0.79104,0.80197,0.83278,0.86719,0.82299,"No",20,NA
"YC18:1292",0.050364,0.18853,0.64405,0.7273,0.73998,0.77846,0.82858,0.86012,0.80471,"No",23,NA
"YC18:1293",0.073444,0.24893,0.6809,0.648,0.72495,0.74387,0.74718,0.79299,0.71261,"No",27,NA
"YC18:1294",0.029038,0.13788,0.53557,0.71038,0.76737,0.83234,0.82936,0.87146,0.8402,"No",23,NA
"YC18:1295",0.059024,0.16634,0.55714,0.5587,0.6692,0.67364,0.71407,0.73788,0.68593,"No",19,NA
"YC18:1296",0.045858,0.1341,0.48262,0.49776,0.60698,0.60681,0.6111,0.66188,0.56474,"No",19,NA
"YC18:1297",0.10467,0.29674,0.6758,0.72724,0.78248,0.80872,0.78581,0.80558,0.71797,"No",26,NA
"YC18:1298",0.047635,0.14594,0.52788,0.63996,0.70193,0.70976,0.71992,0.81944,0.80367,"No",22,NA
"YC18:1299",0.046246,0.17243,0.59996,0.65332,0.7035,0.7178,0.72087,0.80302,0.79538,"No",19,NA
"YC18:1300",0.05693,0.16656,0.58219,0.62312,0.65815,0.68113,0.71626,0.73811,0.70916,"No",21,NA
"YC18:1301",0.024821,0.10648,0.51368,0.53732,0.67327,0.71157,0.73241,0.76415,0.70174,"No",22,NA
"YC18:1302",0.041986,0.20713,0.69494,0.76443,0.7856,0.80906,0.79674,0.81988,0.77829,"No",27,NA
"YC18:1303",0.06368,0.26656,0.67196,0.47522,0.67537,0.65234,0.71048,0.75609,0.6384,"No",18,NA
"YC18:1304",0.064402,0.20047,0.58681,0.79861,0.81488,0.80745,0.78125,0.81156,0.77896,"No",20,NA
"YC18:1305",0.057417,0.18778,0.57562,0.76331,0.72755,0.76593,0.80764,0.83068,0.83205,"No",26,NA
"YC18:1306",0.077378,0.15126,0.50949,0.66106,0.72665,0.75615,0.74169,0.787,0.74231,"No",19,NA
"YC18:1307",0.13059,0.26038,0.64382,0.64044,0.65322,0.65964,0.68972,0.69691,0.66616,"No",24,NA
"YC18:1314",0.03208,0.1516,0.55141,0.70038,0.66691,0.77564,0.80406,0.80308,0.77744,"No",22,NA
"YC18:1315",0.091218,0.25748,0.65188,0.67594,0.6896,0.75201,0.77404,0.78713,0.81103,"No",21,NA
"YC18:1316",0.033581,0.13972,0.52512,0.575,0.52593,0.62284,0.59351,0.63945,0.65611,"No",16,NA
"YC18:1320",0.090792,0.22377,0.50297,0.60164,0.68906,0.74437,0.74308,0.78776,0.70986,"No",20,NA
"YC18:1321",0.087397,0.25998,0.63149,0.75324,0.83881,0.82996,0.85344,0.84711,0.83459,"No",23,NA
"YC18:1322",0.10935,0.20917,0.58879,0.71301,0.7232,0.75058,0.79707,0.80229,0.76317,"No",26,NA
"YC18:1323",0.080279,0.21518,0.59749,0.68224,0.69979,0.74685,0.74311,0.76509,0.67582,"No",25,NA
"YC18:1324",0.04054,0.14859,0.56945,0.61921,0.68167,0.73485,0.73022,0.75316,0.74139,"No",15,NA
"YC18:1325",0.052169,0.1746,0.54127,0.55634,0.55676,0.70796,0.69241,0.69647,0.54987,"No",15,NA
"YC18:1326",0.048139,0.21201,0.6097,0.72025,0.70811,0.75828,0.76241,0.82521,0.7625,"No",15,NA
"YC18:1327",0.052925,0.14855,0.53184,0.63107,0.67699,0.71646,0.75605,0.71165,0.77416,"No",15,NA
"YC18:1330",0.048991,0.13849,0.4719,0.5138,0.60081,0.61018,0.67697,0.68585,0.58109,"No",15,NA
"YC18:1332",0.077274,0.19429,0.70032,0.63204,0.67356,0.70862,0.75024,0.75486,0.73275,"No",15,NA
"YC18:1333",0.058331,0.17443,0.63929,0.5844,0.6201,0.69186,0.67736,0.81428,0.55267,"No",15,NA
"YC18:1334",0.041024,0.13597,0.64885,0.76826,0.81728,0.87115,0.82396,0.86799,0.7823,"No",15,NA
"YC18:1335",0.10199,0.229,0.85068,0.74612,0.73393,0.77738,0.79379,0.81299,0.70665,"No",15,NA
"YC18:1336",0.069821,0.2083,0.77061,0.63098,0.62901,0.63162,0.6326,0.65366,0.64495,"No",15,NA
"YC18:1337",0.080307,0.29507,0.85046,0.66648,0.71771,0.75407,0.77184,0.76673,0.7572,"No",15,NA
"YC18:1338",0.079628,0.27711,0.84654,0.67271,0.7422,0.78255,0.7944,0.7946,0.71568,"No",15,NA
"YC18:1339",0.044604,0.17438,0.68171,0.75773,0.80086,0.82909,0.81874,0.83685,0.83841,"No",15,NA
"YC18:1340",0.11864,0.33515,0.69556,0.70158,0.70674,0.69785,0.69177,0.75912,0.5821,"No",15,NA
"YC18:1341",0.080241,0.24453,0.63038,0.56897,0.55858,0.62094,0.59867,0.69325,0.53868,"No",15,NA
"YC18:1342",0.047257,0.17274,0.60946,0.60626,0.70189,0.69508,0.7342,0.76934,0.74152,"No",15,NA
"YC18:1343",0.029632,0.14436,0.51427,0.65277,0.71539,0.75169,0.79227,0.76825,0.69114,"No",15,NA
"YC18:1345",0.059335,0.17506,0.50212,0.61937,0.64853,0.65942,0.72178,0.73769,0.64569,"No",15,NA
"YC18:1347",0.029849,0.13767,0.49247,0.5731,0.68757,0.72347,0.69139,0.74334,0.58576,"No",15,NA
"YC18:1348",0.019076,0.1524,0.52792,0.59117,0.6465,0.698,0.69368,0.7611,0.63254,"No",15,NA
"YC18:1349",0.079373,0.22292,0.5444,0.66478,0.67732,0.74416,0.74342,0.77307,0.70722,"No",15,NA
"YC18:1350",0.048279,0.19426,0.61474,0.75007,0.75357,0.79904,0.79946,0.83352,0.80017,"No",15,NA
"YC18:1351",0.093605,0.29862,0.72385,0.83032,0.78712,0.83117,0.84556,0.87348,0.76498,"No",15,NA
"YC18:1352",0.13521,0.38427,0.66634,0.61455,0.67364,0.74675,0.68153,0.72461,0.54989,"No",15,NA
"YC18:1353",0.063637,0.18016,0.52708,0.59549,0.63666,0.69157,0.6871,0.68056,0.6214,"No",15,NA
"YC18:1354",0.040911,0.13714,0.46295,0.63267,0.59959,0.63277,0.73963,0.71798,0.70234,"No",15,NA
"YC18:1355",0.050126,0.19853,0.55594,0.60091,0.66325,0.69818,0.65943,0.6981,0.60872,"No",15,NA
"YC18:1356",0.049444,0.15775,0.45284,0.51914,0.60703,0.72161,0.70656,0.73996,0.62381,"No",15,NA
"YC18:1357",0.029845,0.11515,0.39082,0.57508,0.60749,0.67772,0.78511,0.78896,0.81758,"No",15,NA
"YC18:1358",0.059944,0.14429,0.49951,0.55141,0.63714,0.69045,0.71162,0.75762,0.7274,"No",15,NA
"YC18:1360",0.077958,0.2394,0.63733,0.72684,0.65901,0.70483,0.74113,0.73746,0.72432,"No",27,NA
"YC18:1361",0.062552,0.17463,0.58158,0.46235,0.54038,0.60813,0.43798,0.49327,0.33578,"No",19,NA
"YC18:1362",0.04117,0.10635,0.6459,0.79035,0.62867,0.72176,0.66634,0.75239,0.84242,"No",19,NA
"YC18:1363",0.1254,0.25523,0.76308,0.84837,0.78538,0.88904,0.82031,0.89032,0.90651,"No",23,NA
"YC18:1365",0.132,0.25474,0.71481,0.69862,0.75406,0.70712,0.70074,0.73811,0.77047,"No",23,NA
"YC18:1366",0.061005,0.14667,0.65194,0.69935,0.77021,0.73228,0.74126,0.7599,0.713,"No",23,NA
"YC18:1367",0.11662,0.26152,0.74483,0.75807,0.82315,0.82612,0.82157,0.82038,0.83171,"No",22,NA
"YC18:1368",0.052628,0.13965,0.51613,0.66099,0.71871,0.74751,0.73526,0.76542,0.74357,"No",21,NA
"YC18:1369",0.056185,0.19652,0.5466,0.72968,0.76771,0.77722,0.78027,0.78423,0.75796,"No",25,NA
"YC18:1370",0.013755,0.063614,0.35762,0.46179,0.6138,0.71899,0.71209,0.73777,0.65388,"No",16,NA
"YC18:1372",0.047944,0.14964,0.46105,0.49008,0.57698,0.60344,0.61584,0.64633,0.62612,"No",15,NA
"YC18:1373",0.010797,0.067829,0.42265,0.56617,0.64481,0.68717,0.68599,0.74053,0.70891,"No",21,NA
"YC18:1374",0.048411,0.14486,0.46515,0.61415,0.71282,0.72749,0.77328,0.80162,0.84046,"No",17,NA
"YC18:1375",0.066933,0.18822,0.47352,0.50984,0.60033,0.62099,0.6484,0.71807,0.72581,"No",18,NA
"YC18:1376",0.043416,0.16839,0.55286,0.64764,0.70253,0.68999,0.74504,0.73519,0.64963,"No",22,NA
"YC18:1377",0.014844,0.050897,0.28462,0.37307,0.4967,0.54481,0.54637,0.62543,0.50206,"No",15,NA
"YC18:1378",0.053135,0.1745,0.58002,0.61664,0.71667,0.71555,0.74714,0.745,0.66199,"No",22,NA
"YC18:1379",0.025415,0.11046,0.49106,0.62942,0.68685,0.73632,0.73462,0.76813,0.72971,"No",24,NA
"YC18:1381",0.081609,0.18884,0.5533,0.61312,0.73476,0.72885,0.74135,0.7539,0.69358,"No",22,NA
"YC18:1383",0.096411,0.20755,0.65947,0.58745,0.76548,0.75034,0.80416,0.79674,0.74928,"No",26,NA
"YC18:1385",0.047901,0.13609,0.52283,0.57004,0.67649,0.69512,0.68504,0.69409,0.65259,"No",17,NA
"YC18:1386",0.031033,0.077376,0.47996,0.6723,0.72958,0.71766,0.73334,0.74335,0.70861,"No",25,NA
"YC18:1387",0.035066,0.11526,0.48166,0.57402,0.62022,0.64774,0.72808,0.7245,0.68946,"No",18,NA
"YC18:1388",0.042694,0.16455,0.51373,0.52851,0.62305,0.59498,0.65587,0.70436,0.54064,"No",20,NA
"YC18:1389",0.0095237,0.066307,0.44198,0.53196,0.60033,0.62751,0.67272,0.72178,0.68383,"No",15,NA
"YC18:1390",0.097982,0.28064,0.65516,0.62556,0.74573,0.76884,0.76016,0.78869,0.65009,"No",25,NA
"YC18:1391",0.032392,0.10554,0.52357,0.72553,0.7554,0.77072,0.79179,0.81464,0.80801,"No",25,NA
"YC18:1392",0.071732,0.25392,0.65459,0.7167,0.73857,0.76778,0.7723,0.79029,0.77595,"No",25,NA
"YC18:1393",0.024209,0.14543,0.62756,0.70265,0.76358,0.77497,0.79448,0.81955,0.79258,"No",26,NA
"YC18:1394",0.088345,0.26704,0.62358,0.6796,0.72387,0.74156,0.73429,0.75165,0.7232,"No",21,NA
"YC18:1395",0.04701,0.16599,0.54942,0.6012,0.68451,0.73248,0.77363,0.85462,0.82567,"No",20,NA
"YC18:1396",0.02342,0.10116,0.46673,0.57913,0.67423,0.73799,0.77246,0.79292,0.727,"No",15,NA
"YC18:1397",0.016863,0.080994,0.46824,0.63893,0.68854,0.72694,0.72727,0.73227,0.68859,"No",15,NA
"YC18:1398",0.088707,0.31159,0.76861,0.8252,0.89479,0.94533,0.94197,0.94483,0.87366,"No",15,NA
"YC18:1399",0.078827,0.23824,0.68419,0.77066,0.76372,0.86116,0.84658,0.87804,0.85742,"No",15,NA
"YC18:1400",0.033095,0.15943,0.56029,0.67733,0.71575,0.79337,0.78364,0.85133,0.8316,"No",15,NA
"YC18:1401",0.04173,0.19694,0.60583,0.6939,0.76183,0.75798,0.82529,0.86871,0.78724,"No",15,NA
"YC18:1402",0.096949,0.2879,0.7328,0.79694,0.8371,0.85322,0.87356,0.94295,0.86858,"No",15,NA
"YC18:1403",0.090778,0.2867,0.77992,0.8869,0.83379,0.86567,0.85605,0.90219,0.91155,"No",15,NA
"YC18:1404",0.08658,0.22526,0.7299,0.75957,0.82775,0.85623,0.87878,0.91445,0.87083,"No",15,NA
"YC18:1405",0.040792,0.12829,0.559,0.74138,0.691,0.75983,0.72682,0.83731,0.80861,"No",15,NA
"YC18:1406",0.15546,0.31063,0.66008,0.61803,0.75797,0.76766,0.86632,0.75068,0.63492,"No",15,NA
"YC18:1408",0.11113,0.28607,0.62176,0.6421,0.67903,0.71679,0.73039,0.73159,0.67927,"No",15,NA
"YC18:1410",0.050491,0.1459,0.60044,0.72667,0.78836,0.79704,0.8347,0.81334,0.69857,"No",15,NA
"YC18:1411",0.11233,0.31832,0.68391,0.76614,0.78954,0.84073,0.83987,0.87707,0.83731,"No",15,NA
"YC18:1412",0.08376,0.26792,0.67012,0.75945,0.8,0.84919,0.86169,0.91589,0.82419,"No",15,NA
"YC18:1413",0.064444,0.20208,0.5885,0.67625,0.72023,0.75521,0.78363,0.78566,0.73204,"No",15,NA
"YC18:1414",0.029406,0.10779,0.40042,0.60159,0.67164,0.76934,0.80339,0.78834,0.68363,"No",15,NA
"YC18:1415",0.025797,0.10637,0.49327,0.79516,0.82795,0.768,0.82438,0.85901,0.83389,"No",15,NA
"YC18:1416",0.024694,0.088953,0.31964,0.53152,0.63157,0.67393,0.67337,0.70362,0.64906,"No",15,NA
"YC18:1417",0.058529,0.2157,0.61958,0.65575,0.7575,0.86729,0.83589,0.81472,0.69792,"No",15,NA
"YC18:1418",0.080491,0.2616,0.6646,0.74632,0.74746,0.78644,0.80459,0.82421,0.76678,"No",15,NA
"YC18:1419",0.072348,0.22172,0.62027,0.70162,0.6711,0.713,0.7024,0.73194,0.68969,"No",15,NA
"YC18:1420",0.034411,0.13328,0.48526,0.65046,0.67723,0.63537,0.6968,0.72367,0.6767,"No",15,NA
"YC18:1421",0.048013,0.15704,0.53342,0.57968,0.68255,0.64603,0.64163,0.66291,0.53049,"No",15,NA
"YC18:1424",0.019076,0.12378,0.57414,0.62918,0.73107,0.78477,0.77141,0.78344,0.67452,"No",15,NA
"YC18:1425",0.032648,0.15311,0.48876,0.59572,0.61649,0.64851,0.68374,0.70779,0.64492,"No",15,NA
"YC18:1426",0.078086,0.24509,0.5968,0.5508,0.79145,0.77893,0.79975,0.7729,0.54855,"No",15,NA
"YC18:1427",0.0285,0.13544,0.49023,0.68963,0.60863,0.64492,0.7533,0.8132,0.79985,"No",15,NA
"YC18:1430",0.034355,0.12435,0.55241,0.61271,0.65098,0.74441,0.71708,0.78306,0.67231,"No",15,NA
"YC18:1431",0.039467,0.19863,0.70126,0.67483,0.72306,0.76777,0.76723,0.81873,0.70638,"No",15,NA
"YC18:1432",0.021552,0.11348,0.66264,0.71493,0.73372,0.77879,0.80594,0.77192,0.7341,"No",23,NA
"YC18:1433",0.072227,0.2254,0.66432,0.64525,0.65488,0.68288,0.7123,0.70727,0.60404,"No",24,NA
"YC18:1434",0.051315,0.17301,0.61051,0.65333,0.71767,0.77908,0.78911,0.83364,0.7542,"No",22,NA
"YC18:1436",0.069228,0.20705,0.57625,0.58953,0.6183,0.6736,0.67626,0.69438,0.5571,"No",22,NA
"YC18:1438",0.056815,0.19439,0.64953,0.64453,0.71567,0.76274,0.78885,0.79241,0.77421,"No",23,NA
"YC18:1439",0.014505,0.079134,0.44238,0.66701,0.6892,0.72199,0.77559,0.79937,0.67773,"No",15,NA
"YC18:1440",0.063574,0.21554,0.68808,0.69768,0.70972,0.73294,0.74373,0.6726,0.59026,"No",24,NA
"YC18:1441",0.073642,0.26259,0.70852,0.73224,0.76716,0.79733,0.79093,0.81844,0.78612,"No",27,NA
"YC18:1442",0.051178,0.2227,0.76501,0.66931,0.70503,0.75474,0.76907,0.75929,0.64371,"No",22,NA
"YC18:1443",0.055118,0.22787,0.7013,0.74062,0.7664,0.83431,0.79738,0.86998,0.63908,"No",24,NA
"YC18:1444",0.069751,0.26112,0.69926,0.77892,0.78009,0.79457,0.76784,0.88777,0.85534,"No",27,NA
"YC18:1445",0.062109,0.23629,0.75477,0.79379,0.82562,0.87243,0.88349,0.82632,0.74042,"No",26,NA
"YC18:1446",0.064316,0.23383,0.6704,0.69968,0.69795,0.7384,0.78176,0.79938,0.62374,"No",23,NA
"YC18:1448",0.0736,0.13885,0.40699,0.53713,0.61893,0.65791,0.64678,0.6834,0.55004,"No",21,NA
"YC18:1449",0.098605,0.2254,0.65956,0.71917,0.75785,0.76158,0.78501,0.80768,0.67671,"No",27,NA
"YC18:1451",0.04725,0.18182,0.48872,0.60575,0.60995,0.70277,0.71681,0.79599,0.75524,"No",24,NA
"YC18:1452",0.069001,0.1949,0.65177,0.75039,0.77363,0.81964,0.81945,0.84188,0.78724,"No",23,NA
"YC18:1453",0.068332,0.20428,0.60495,0.65836,0.67437,0.70314,0.71865,0.79772,0.72914,"No",27,NA
"YC18:1454",0.052444,0.17911,0.60041,0.69324,0.69923,0.75254,0.75954,0.81882,0.78171,"No",23,NA
"YC18:1455",0.10545,0.30754,0.7513,0.80564,0.79736,0.82435,0.8641,0.83624,0.8231,"No",27,NA
"YC18:1456",0.11039,0.31434,0.70202,0.79347,0.81865,0.80156,0.82963,0.82857,0.76231,"No",25,NA
"YC18:1457",0.11291,0.28613,0.64812,0.72845,0.76922,0.81367,0.80431,0.81243,0.76298,"No",27,NA
"YC18:1458",0.19962,0.21445,0.5436,0.61974,0.64015,0.69383,0.71734,0.72007,0.65267,"No",24,NA
"YC18:1460",0.087057,0.27503,0.68127,0.71184,0.65593,0.78816,0.78422,0.80866,0.78426,"No",27,NA
"YC18:1462",0.059321,0.16981,0.59691,0.68374,0.71244,0.71187,0.74806,0.76452,0.72772,"No",21,NA
"YC18:1464",0.066653,0.20665,0.6223,0.7663,0.78865,0.72814,0.7857,0.82527,0.77065,"No",22,NA
"YC18:1465",0.073132,0.23178,0.62033,0.71469,0.77047,0.77672,0.80574,0.80287,0.72377,"No",23,NA
"YC18:1466",0.023146,0.085255,0.39438,0.49548,0.63049,0.65535,0.66837,0.67882,0.53394,"No",19,NA
"YC18:1468",0.063496,0.17688,0.58605,0.66827,0.70418,0.73651,0.72596,0.75667,0.68986,"No",15,NA
"YC18:1469",0.084845,0.22097,0.6861,0.71828,0.78158,0.81488,0.81629,0.84666,0.80156,"No",15,NA
"YC18:1470",0.07197,0.2108,0.53961,0.66053,0.72285,0.78433,0.7771,0.80364,0.70201,"No",15,NA
"YC18:1471",0.045269,0.1313,0.37741,0.45007,0.62459,0.6806,0.66513,0.73742,0.56384,"No",15,NA
"YC18:1472",0.040415,0.15016,0.54183,0.72065,0.75663,0.84342,0.8528,0.90111,0.83044,"No",15,NA
"YC18:1475",0.090751,0.22935,0.60872,0.70486,0.75842,0.78493,0.78006,0.80423,0.77206,"No",15,NA
"YC18:1476",0.071718,0.22247,0.65882,0.68292,0.72482,0.77071,0.73285,0.73077,0.70238,"No",15,NA
"YC18:1477",0.042227,0.16266,0.55391,0.64455,0.71451,0.75419,0.77405,0.79185,0.71209,"No",15,NA
"YC18:1478",0.03126,0.14502,0.56229,0.66636,0.74003,0.78981,0.79322,0.8122,0.77446,"No",15,NA
"YC18:1479",0.078743,0.21733,0.68605,0.73126,0.78298,0.78629,0.79602,0.7806,0.78576,"No",15,NA
"YC18:1480",0.041618,0.14898,0.6268,0.61009,0.70236,0.71241,0.69812,0.73235,0.65937,"No",15,NA
"YC18:1482",0.057125,0.16169,0.50327,0.59549,0.69046,0.69689,0.7119,0.73571,0.7361,"No",15,NA
"YC18:1485",0.10908,0.24253,0.65176,0.6158,0.48269,0.64834,0.66964,0.61416,0.63537,"No",15,NA
"YC18:1486",0.10104,0.23723,0.65079,0.82456,0.86051,0.87351,0.85849,0.86846,0.85374,"No",15,NA
"YC18:1490",0.077106,0.20371,0.62856,0.68346,0.76498,0.76876,0.74965,0.79709,0.75278,"No",15,NA
"YC18:1491",0.05939,0.20331,0.62995,0.60389,0.71277,0.76052,0.75709,0.77661,0.73442,"No",15,NA
"YC18:1494",0.11283,0.2475,0.61426,0.74382,0.75407,0.8325,0.80304,0.85648,0.73778,"No",15,NA
"YC18:1495",0.065953,0.21747,0.70969,0.79991,0.88507,0.89253,0.87637,0.87423,0.8264,"No",15,NA
"YC18:1496",0.040638,0.10005,0.46287,0.55822,0.72149,0.69772,0.72961,0.76932,0.67953,"No",15,NA
"YC18:1497",0.030171,0.10434,0.51393,0.70655,0.76574,0.82085,0.81723,0.84187,0.80932,"No",15,NA
"YC18:1498",0.18185,0.29381,0.65824,0.77126,0.81586,0.82584,0.83058,0.89036,0.78523,"No",15,NA
"YC18:1499",0.13163,0.19673,0.65464,0.7094,0.71747,0.77299,0.80322,0.8476,0.80528,"No",15,NA
"YC18:1502",0.17908,0.27074,0.64013,0.71114,0.75167,0.78272,0.79141,0.77919,0.73682,"No",15,NA
"YC18:1503",0.043899,0.16339,0.58257,0.67227,0.76493,0.80482,0.81285,0.79853,0.68646,"No",15,NA
"YC18:1504",0.061699,0.21936,0.58263,0.70382,0.69605,0.6968,0.72716,0.75755,0.7203,"No",24,NA
"YC18:1505",0.06518,0.2266,0.61407,0.70308,0.7747,0.78546,0.76484,0.81512,0.70171,"No",25,NA
"YC18:1506",0.047137,0.17516,0.60791,0.76925,0.76163,0.81876,0.81351,0.83497,0.8221,"No",24,NA
"YC18:1507",0.054198,0.16839,0.54004,0.63821,0.66774,0.72632,0.72244,0.76081,0.72898,"No",20,NA
"YC18:1508",0.09117,0.28869,0.70099,0.75467,0.74837,0.77881,0.77881,0.80373,0.79623,"No",22,NA
"YC18:1510",0.08059,0.23709,0.59994,0.71265,0.78416,0.75622,0.79036,0.82483,0.75079,"No",26,NA
"YC18:1514",0.060565,0.17146,0.48014,0.53201,0.59396,0.62735,0.71899,0.73279,0.65373,"No",21,NA
"YC18:1515",0.03206,0.17511,0.54268,0.5603,0.61135,0.64214,0.67515,0.72585,0.6322,"No",21,NA
"YC18:1516",0.09089,0.30952,0.78048,0.61946,0.70582,0.73273,0.69518,0.76771,0.59278,"No",24,NA
"YC18:1517",0.014038,0.086878,0.46412,0.5939,0.65843,0.71477,0.70775,0.79201,0.68008,"No",19,NA
"YC18:1518",0.067132,0.21372,0.62488,0.69793,0.72843,0.78943,0.76826,0.86182,0.69306,"No",22,NA
"YC18:1519",0.056505,0.216,0.62021,0.66922,0.70886,0.75576,0.83779,0.84192,0.76908,"No",24,NA
"YC18:1520",0.026142,0.1006,0.42938,0.58951,0.63868,0.70251,0.74202,0.79173,0.70931,"No",19,NA
"YC18:2001",0.05993,0.19373,0.49155,0.58894,0.65779,0.68008,0.72834,0.73671,0.66703,"No",20,NA
"YC18:2002",0.032522,0.14143,0.57688,0.66727,0.64457,0.74423,0.81122,0.78967,0.73528,"No",21,NA
"YC18:2003",0.073552,0.21731,0.71492,0.6782,0.71548,0.71268,0.75053,0.78837,0.72129,"No",22,NA
"YC18:2004",0.097646,0.27431,0.70706,0.64438,0.67682,0.73095,0.69941,0.75899,0.7096,"No",22,NA
"YC18:2005",0.076175,0.24014,0.64562,0.57377,0.59647,0.64594,0.63975,0.68883,0.64076,"No",19,NA
"YC18:2006",0.031794,0.13122,0.52944,0.49286,0.54552,0.60646,0.62302,0.62335,0.59109,"No",15,NA
"YC18:2007",0.08877,0.25347,0.65646,0.54572,0.52663,0.62347,0.58542,0.60418,0.39147,"No",20,NA
"YC18:2008",0.048963,0.17869,0.56718,0.65433,0.69916,0.68999,0.73153,0.72987,0.58875,"No",23,NA
"YC18:2009",0.035081,0.11591,0.49517,0.46938,0.51774,0.54887,0.66633,0.6065,0.55712,"No",17,NA
"YC18:2010",0.11444,0.35436,0.75568,0.77806,0.75828,0.79456,0.80055,0.80965,0.76484,"No",27,NA
"YC18:2011",0.057417,0.19491,0.77476,0.75109,0.76325,0.81942,0.81656,0.82797,0.75834,"No",25,NA
"YC18:2012",0.083237,0.26971,0.73082,0.74076,0.76944,0.82383,0.82399,0.8438,0.75653,"No",25,NA
"YC18:2013",0.13523,0.24954,0.67065,0.67853,0.66278,0.69372,0.73436,0.78841,0.62451,"No",24,NA
"YC18:2014",0.049412,0.1464,0.5826,0.60265,0.63562,0.67992,0.69674,0.7233,0.67566,"No",21,NA
"YC18:2015",0.087797,0.27107,0.70283,0.74719,0.7925,0.79524,0.81484,0.8283,0.75549,"No",27,NA
"YC18:2016",0.044307,0.21128,0.6383,0.67901,0.73034,0.76267,0.72062,0.71703,0.5593,"No",23,NA
"YC18:2017",0.10098,0.28159,0.6342,0.61627,0.62575,0.63206,0.6618,0.67812,0.53432,"No",24,NA
"YC18:2018",0.064529,0.2469,0.7593,0.80925,0.8153,0.84144,0.83831,0.8407,0.80265,"No",26,NA
"YC18:2019",0.070104,0.26565,0.68833,0.72828,0.76282,0.81729,0.80438,0.79573,0.7231,"No",26,NA
"YC18:2020",0.058585,0.25511,0.68337,0.65752,0.72486,0.77244,0.73737,0.78937,0.68519,"No",15,NA
"YC18:2021",0.087935,0.26051,0.72479,0.6164,0.70308,0.73047,0.66924,0.73051,0.59991,"No",15,NA
"YC18:2023",0.04082,0.19692,0.7056,0.77053,0.81753,0.83188,0.82742,0.85836,0.8252,"No",15,NA
"YC18:2024",0.089421,0.26171,0.63897,0.74416,0.76044,0.80232,0.78227,0.81179,0.70117,"No",15,NA
"YC18:2025",0.10406,0.2394,0.64763,0.64386,0.70698,0.79371,0.72212,0.77948,0.6641,"No",15,NA
"YC18:2026",0.041208,0.15483,0.5534,0.60197,0.6682,0.72127,0.67862,0.7184,0.68212,"No",15,NA
"YC18:2028",0.078751,0.23994,0.79264,0.83569,0.81414,0.83618,0.83024,0.83162,0.78865,"No",15,NA
"YC18:2029",0.06307,0.19698,0.65542,0.6952,0.7761,0.81665,0.77769,0.79806,0.72157,"No",15,NA
"YC18:2030",0.094976,0.25169,0.62158,0.72832,0.71879,0.75431,0.78288,0.79438,0.76864,"No",15,NA
"YC18:2031",0.057368,0.20067,0.65882,0.79598,0.81198,0.83829,0.83051,0.84023,0.78184,"No",15,NA
"YC18:2032",0.081057,0.26956,0.6701,0.47886,0.71287,0.68671,0.62677,0.62222,0.48499,"No",15,NA
"YC18:2033",0.086053,0.22404,0.55351,0.54116,0.62668,0.63519,0.66792,0.67387,0.64244,"No",15,NA
"YC18:2034",0.10891,0.23462,0.5985,0.62343,0.69735,0.6692,0.74749,0.7398,0.68278,"No",15,NA
"YC18:2035",0.069871,0.22189,0.64427,0.66864,0.75174,0.77094,0.79452,0.79464,0.78677,"No",15,NA
"YC18:2036",0.051903,0.17636,0.56521,0.70149,0.75351,0.79661,0.77934,0.83004,0.77798,"No",15,NA
"YC18:2037",0.10565,0.17212,0.55994,0.62268,0.67768,0.60677,0.66087,0.71933,0.63271,"No",15,NA
"YC18:2039",0.078519,0.20222,0.65165,0.6494,0.74778,0.77683,0.74288,0.75287,0.75094,"No",15,NA
"YC18:2040",0.068668,0.21455,0.54605,0.69559,0.60057,0.67036,0.72148,0.78375,0.69686,"No",15,NA
"YC18:2041",0.059614,0.19825,0.45367,0.50053,0.61618,0.62129,0.5856,0.62317,0.55471,"No",15,NA
"YC18:2042",0.06906,0.2134,0.53624,0.52896,0.62512,0.64273,0.65206,0.67679,0.58882,"No",15,NA
"YC18:2043",0.098419,0.2817,0.60907,0.59802,0.67829,0.75136,0.71769,0.74129,0.69151,"No",15,NA
"YC18:2045",0.052071,0.16891,0.52956,0.59138,0.6906,0.70963,0.70271,0.70528,0.67564,"No",15,NA
"YC18:2046",0.084355,0.23553,0.62696,0.62623,0.66251,0.68878,0.6994,0.73621,0.70353,"No",15,NA
"YC18:2047",0.10295,0.25467,0.67692,0.74269,0.79503,0.83444,0.81688,0.85156,0.79917,"No",15,NA
"YC18:2048",0.070557,0.24072,0.60367,0.61014,0.77144,0.76561,0.79297,0.76915,0.70415,"No",15,NA
"YC18:2049",0.036665,0.12761,0.5817,0.631,0.73277,0.75801,0.77668,0.78196,0.68368,"No",15,NA
"YC18:2050",0.028047,0.12412,0.488,0.65639,0.7301,0.73051,0.74527,0.76851,0.72961,"No",15,NA
"YC18:2051",0.040098,0.18516,0.64809,0.7495,0.8124,0.82526,0.81893,0.84705,0.80226,"No",15,NA
"YC18:2052",0.065532,0.20711,0.59279,0.67346,0.73932,0.75876,0.77185,0.80738,0.7286,"No",15,NA
"YC18:2053",0.07211,0.20008,0.52162,0.564,0.58222,0.5815,0.65953,0.68881,0.57113,"No",15,NA
"YC18:2054",0.066877,0.16187,0.59481,0.54186,0.63594,0.6773,0.6914,0.75642,0.63465,"No",15,NA
"YC18:2055",0.11441,0.26419,0.74163,0.6746,0.75106,0.78071,0.82174,0.84229,0.76029,"No",15,NA
"YC18:2056",0.061503,0.22728,0.6899,0.73256,0.77381,0.78792,0.77295,0.77022,0.73631,"No",24,NA
"YC18:2057",0.055248,0.1865,0.65253,0.62822,0.76723,0.68921,0.68755,0.71932,0.61994,"No",18,NA
"YC18:2058",0.055052,0.198,0.65268,0.64147,0.75906,0.76484,0.77599,0.80769,0.76008,"No",23,NA
"YC18:2059",0.027694,0.11103,0.58305,0.51611,0.59007,0.63482,0.73867,0.78652,0.69258,"No",18,NA
"YC18:2060",0.070939,0.2365,0.68434,0.63296,0.71542,0.72015,0.70336,0.73932,0.65797,"No",25,NA
"YC18:2061",0.060736,0.20825,0.68719,0.7017,0.7496,0.77367,0.75028,0.78418,0.7571,"No",24,NA
"YC18:2062",0.046035,0.17338,0.62044,0.54047,0.63881,0.7053,0.73464,0.74881,0.72342,"No",18,NA
"YC18:2063",0.055684,0.19405,0.57584,0.62291,0.72748,0.72818,0.72685,0.73355,0.69913,"No",22,NA
"YC18:2065",0.038081,0.14884,0.5536,0.53631,0.52397,0.62444,0.61514,0.53857,0.45376,"No",22,NA
"YC18:2066",0.06535,0.19261,0.60591,0.70309,0.70198,0.73262,0.71413,0.73688,0.65485,"No",23,NA
"YC18:2067",0.071109,0.24949,0.67875,0.64153,0.71717,0.72309,0.73458,0.73912,0.71551,"No",20,NA
"YC18:2068",0.042497,0.15472,0.54434,0.55251,0.69455,0.67004,0.72376,0.71642,0.64679,"No",17,NA
"YC18:2069",0.078016,0.29066,0.65704,0.64491,0.69966,0.75422,0.72748,0.75083,0.61189,"No",26,NA
"YC18:2070",0.099384,0.29494,0.69593,0.78213,0.78337,0.82487,0.83659,0.82186,0.75603,"No",27,NA
"YC18:2071",0.055877,0.17761,0.66345,0.67739,0.73953,0.75541,0.7429,0.79158,0.77302,"No",20,NA
"YC18:2072",0.15193,0.28302,0.71391,0.69884,0.74022,0.7458,0.73253,0.76322,0.71598,"No",27,NA
"YC18:2073",0.12236,0.25662,0.61372,0.6501,0.74661,0.73317,0.73258,0.75907,0.67886,"No",24,NA
"YC18:2074",0.096488,0.18813,0.65151,0.63189,0.68418,0.75596,0.7418,0.80199,0.74585,"No",27,NA
"YC18:2075",0.14271,0.16074,0.59828,0.58021,0.60661,0.64612,0.63043,0.65242,0.63299,"No",21,NA
"YC18:2077",0.066482,0.22782,0.63761,0.66204,0.69077,0.77404,0.74969,0.76004,0.71443,"No",24,NA
"YC18:2078",0.13197,0.29941,0.70549,0.70798,0.6815,0.82613,0.76752,0.79553,0.74179,"No",27,NA
"YC18:2079",0.055486,0.23276,0.70409,0.69935,0.78215,0.73298,0.79913,0.77925,0.78327,"No",24,NA
"YC18:2080",0.13384,0.28659,0.6874,0.70204,0.73161,0.78025,0.71808,0.71288,0.67737,"No",20,NA
"YC18:2081",0.073925,0.26489,0.66556,0.68957,0.68654,0.70149,0.64487,0.65809,0.56129,"No",23,NA
"YC18:2082",0.064345,0.23792,0.61178,0.67562,0.71949,0.73639,0.72209,0.76293,0.70201,"No",22,NA
"YC18:2083",0.088317,0.26462,0.69415,0.7377,0.77394,0.74964,0.76718,0.76636,0.70372,"No",27,NA
"YC18:2084",0.05543,0.19377,0.5578,0.58993,0.66698,0.66483,0.7203,0.73683,0.67365,"No",21,NA
"YC18:2085",0.01724,0.092055,0.52739,0.66821,0.70855,0.75591,0.78252,0.79295,0.76853,"No",19,NA
"YC18:2086",0.065897,0.20736,0.65224,0.70852,0.74494,0.7636,0.76685,0.77924,0.75226,"No",23,NA
"YC18:2087",0.097215,0.26237,0.62394,0.69089,0.70727,0.69005,0.73231,0.76382,0.72615,"No",24,NA
"YC18:2088",0.0726,0.20645,0.55275,0.50176,0.54512,0.61459,0.61033,0.65187,0.52697,"No",23,NA
"YC18:2089",0.076161,0.26302,0.6539,0.6416,0.68928,0.72593,0.72113,0.75942,0.66556,"No",26,NA
"YC18:2090",0.04735,0.15483,0.59099,0.63685,0.63146,0.69148,0.7017,0.73026,0.68876,"No",23,NA
"YC18:2091",0.096185,0.24378,0.63617,0.63971,0.69357,0.72822,0.71605,0.76812,0.67482,"No",20,NA
"YC18:2092",0.062067,0.16396,0.59879,0.59444,0.60331,0.69159,0.68325,0.76035,0.67179,"No",15,NA
"YC18:2093",0.082685,0.2829,0.68718,0.65909,0.71237,0.75653,0.7059,0.78595,0.62766,"No",15,NA
"YC18:2094",0.038406,0.15722,0.57149,0.59767,0.62761,0.73328,0.73375,0.76986,0.69512,"No",15,NA
"YC18:2095",0.093029,0.30565,0.74328,0.69901,0.74577,0.811,0.81744,0.79708,0.74288,"No",15,NA
"YC18:2096",0.099006,0.29763,0.72676,0.75333,0.77766,0.81733,0.83519,0.82564,0.77432,"No",15,NA
"YC18:2097",0.044766,0.19449,0.60675,0.67519,0.70579,0.74311,0.79204,0.77431,0.72229,"No",15,NA
"YC18:2098",0.08234,0.26998,0.73897,0.66254,0.72217,0.73846,0.77923,0.78224,0.76332,"No",15,NA
"YC18:2099",0.096222,0.29154,0.81056,0.66587,0.71904,0.73533,0.73944,0.72991,0.70206,"No",15,NA
"YC18:2100",0.056505,0.22674,0.71682,0.63215,0.67292,0.71682,0.72049,0.73369,0.69457,"No",15,NA
"YC18:2101",0.059703,0.21183,0.70607,0.54629,0.65876,0.60601,0.59552,0.66395,0.56913,"No",15,NA
"YC18:2102",0.10845,0.27333,0.677,0.73793,0.76535,0.8032,0.80964,0.83107,0.75782,"No",15,NA
"YC18:2103",0.084803,0.29476,0.8063,0.8313,0.80748,0.84565,0.83648,0.83758,0.83026,"No",15,NA
"YC18:2104",0.077484,0.26048,0.69197,0.70935,0.70541,0.7611,0.74848,0.76119,0.71794,"No",15,NA
"YC18:2105",0.074727,0.22698,0.58982,0.60092,0.66763,0.73542,0.72411,0.75102,0.67603,"No",15,NA
"YC18:2106",0.075973,0.26241,0.70165,0.69173,0.70305,0.77209,0.74726,0.77348,0.7242,"No",15,NA
"YC18:2107",0.080269,0.23091,0.69467,0.63622,0.68673,0.78101,0.69575,0.80195,0.6187,"No",15,NA
"YC18:2111",0.095376,0.28107,0.74994,0.82275,0.84146,0.85148,0.85555,0.87519,0.78793,"No",15,NA
"YC18:2112",0.098477,0.2499,0.67851,0.70165,0.76612,0.78721,0.80215,0.82283,0.73539,"No",15,NA
"YC18:2113",0.06265,0.2039,0.62948,0.60267,0.71437,0.75847,0.75992,0.83369,0.68062,"No",15,NA
"YC18:2116",0.048128,0.20951,0.60532,0.57087,0.62827,0.67999,0.62076,0.69211,0.6145,"No",15,NA
"YC18:2117",0.074887,0.20641,0.57963,0.59903,0.66064,0.69011,0.72021,0.75597,0.72137,"No",15,NA
"YC18:2118",0.048114,0.19487,0.58305,0.65806,0.7074,0.73251,0.7633,0.78634,0.74931,"No",15,NA
"YC18:2119",0.057751,0.2365,0.66541,0.64546,0.73612,0.77183,0.76497,0.78903,0.70492,"No",15,NA
"YC18:2120",0.067175,0.22404,0.64722,0.69508,0.72616,0.77026,0.78266,0.79741,0.75187,"No",15,NA
"YC18:2121",0.020543,0.097774,0.51794,0.58727,0.61117,0.70191,0.70322,0.71858,0.67425,"No",15,NA
"YC18:2122",0.070361,0.25885,0.6936,0.74087,0.81041,0.8166,0.85601,0.86562,0.84568,"No",15,NA
"YC18:2123",0.056549,0.20292,0.65875,0.74435,0.77631,0.85881,0.81173,0.86517,0.74908,"No",15,NA
"YC18:2124",0.037448,0.1186,0.5108,0.74524,0.74706,0.85193,0.83173,0.87922,0.77367,"No",15,NA
"YC18:2125",0.057011,0.23322,0.63625,0.69935,0.74629,0.75747,0.74586,0.81141,0.74501,"No",15,NA
"YC18:2126",0.078212,0.28438,0.70839,0.78431,0.85522,0.84961,0.85327,0.8861,0.85389,"No",15,NA
"YC18:2127",0.061993,0.22097,0.69736,0.80927,0.82823,0.88802,0.89307,0.90371,0.85639,"No",15,NA
"YC18:2128",0.046203,0.13985,0.57469,0.72839,0.73677,0.80046,0.84184,0.7964,0.77236,"No",19,NA
"YC18:2129",0.050689,0.16875,0.60686,0.76564,0.75198,0.81103,0.78605,0.76438,0.72144,"No",21,NA
"YC18:2130",0.12406,0.33335,0.73868,0.77864,0.80081,0.85241,0.85947,0.86834,0.79746,"No",27,NA
"YC18:2131",0.032816,0.15601,0.60522,0.67666,0.73626,0.81833,0.83281,0.82679,0.75203,"No",21,NA
"YC18:2132",0.053675,0.17974,0.55455,0.66334,0.75704,0.77323,0.78132,0.77877,0.75704,"No",25,NA
"YC18:2133",0.047145,0.15054,0.62079,0.69999,0.78028,0.76178,0.78854,0.78583,0.7602,"No",23,NA
"YC18:2134",0.14931,0.26324,0.68011,0.71451,0.82472,0.80835,0.7858,0.84562,0.60935,"No",23,NA
"YC18:2135",0.10774,0.22729,0.70972,0.74647,0.78853,0.82625,0.82265,0.84408,0.72089,"No",25,NA
"YC18:2136",0.068598,0.20905,0.56247,0.60276,0.69771,0.74373,0.72269,0.75639,0.72028,"No",24,NA
"YC18:2137",0.088707,0.23386,0.60948,0.6615,0.7147,0.72246,0.76088,0.76677,0.68033,"No",26,NA
"YC18:2138",0.052029,0.18444,0.68538,0.73264,0.77037,0.85028,0.82326,0.84713,0.82423,"No",27,NA
"YC18:2139",0.10083,0.27209,0.77291,0.83755,0.87518,0.87782,0.8479,0.88488,0.82401,"No",23,NA
"YC18:2140",0.081581,0.29121,0.6881,0.68659,0.71971,0.76003,0.68946,0.71805,0.53122,"No",24,NA
"YC18:2141",0.11654,0.23433,0.62422,0.65844,0.71741,0.74197,0.74025,0.76499,0.67953,"No",25,NA
"YC18:2142",0.027609,0.12768,0.61579,0.54534,0.62851,0.70648,0.77267,0.77022,0.67745,"No",17,NA
"YC18:2143",0.089223,0.23196,0.72971,0.75631,0.78363,0.84065,0.83818,0.84585,0.82029,"No",25,NA
"YC18:2144",0.10083,0.27776,0.70253,0.67428,0.85246,0.83435,0.76872,0.83937,0.71747,"No",25,NA
"YC18:2145",0.080208,0.21409,0.6803,0.645,0.75212,0.74573,0.75582,0.81122,0.7077,"No",26,NA
"YC18:2146",0.073458,0.19641,0.68379,0.67696,0.82828,0.84106,0.8673,0.86945,0.86267,"No",23,NA
"YC18:2147",0.09501,0.26309,0.7055,0.61105,0.66213,0.71282,0.75194,0.81731,0.73712,"No",23,NA
"YC18:2149",0.025175,0.11637,0.48373,0.49056,0.5687,0.53329,0.61022,0.69198,0.60342,"No",17,NA
"YC18:2150",0.063224,0.18439,0.61715,0.70499,0.74492,0.79797,0.81518,0.85135,0.75841,"No",24,NA
"YC18:2151",0.060649,0.24536,0.71028,0.73809,0.79199,0.80601,0.80195,0.79024,0.80278,"No",25,NA
"YC18:2152",0.077414,0.213,0.69786,0.70707,0.7543,0.76501,0.76816,0.79662,0.80543,"No",22,NA
"YC18:2153",0.059572,0.28198,0.65444,0.67506,0.70736,0.73935,0.72406,0.76083,0.66133,"No",18,NA
"YC18:2154",0.050166,0.22525,0.72633,0.79506,0.79124,0.85401,0.82549,0.86022,0.84496,"No",27,NA
"YC18:2155",0.064036,0.28589,0.76574,0.77145,0.79145,0.82308,0.84636,0.83962,0.80197,"No",26,NA
"YC18:2156",0.08094,0.29047,0.78813,0.82434,0.82339,0.87923,0.89033,0.88689,0.8655,"No",19,NA
"YC18:2157",0.060425,0.23015,0.71481,0.75593,0.81001,0.84901,0.82326,0.87595,0.82174,"No",21,NA
"YC18:2158",0.094934,0.28203,0.69705,0.68442,0.67012,0.80396,0.80736,0.81299,0.7307,"No",25,NA
"YC18:2159",0.074195,0.19755,0.64096,0.675,0.74389,0.85226,0.85277,0.85882,0.81203,"No",24,NA
"YC18:2160",0.087839,0.18204,0.61535,0.60867,0.71306,0.71536,0.8093,0.81079,0.78868,"No",23,NA
"YC18:2161",0.092107,0.28107,0.72102,0.75487,0.72694,0.77583,0.80609,0.72989,0.68459,"No",21,NA
"YC18:2162",0.074979,0.25583,0.73593,0.85059,0.81867,0.84573,0.85745,0.85882,0.81531,"No",22,NA
"YC18:2163",0.061062,0.21292,0.69003,0.66808,0.7021,0.68946,0.75111,0.77239,0.73315,"No",25,NA
"YC18:2165",0.058203,0.18825,0.58112,0.59963,0.66736,0.73132,0.73423,0.78857,0.67907,"No",15,NA
"YC18:2167",0.070501,0.22787,0.65583,0.67415,0.74335,0.8245,0.85583,0.86923,0.77596,"No",115,NA
"YC18:2168",0.086831,0.22114,0.77418,0.78671,0.83442,0.8579,0.87698,0.88986,0.88358,"No",15,NA
"YC18:2169",0.12609,0.26311,0.63263,0.71172,0.72688,0.76831,0.7888,0.81251,0.76134,"No",15,NA
"YC18:2170",0.064387,0.2027,0.69288,0.70663,0.79152,0.83599,0.82981,0.85332,0.82918,"No",15,NA
"YC18:2171",0.040387,0.13692,0.48113,0.59261,0.66233,0.68577,0.71437,0.79716,0.73946,"No",15,NA
"YC18:2172",0.061475,0.24491,0.68165,0.65884,0.76108,0.76312,0.77383,0.8205,0.76461,"No",15,NA
"YC18:2173",0.045199,0.16709,0.56746,0.67019,0.66979,0.7742,0.71652,0.8566,0.74286,"No",15,NA
"YC18:2175",0.077845,0.24998,0.63796,0.68534,0.71886,0.75851,0.71999,0.774,0.70028,"No",15,NA
"YC18:2176",0.1336,0.29398,0.64884,0.63982,0.68367,0.70273,0.74004,0.78632,0.59512,"No",15,NA
"YC18:2177",0.059264,0.19206,0.61916,0.64733,0.7223,0.78592,0.82527,0.77338,0.61743,"No",15,NA
"YC18:2178",0.042639,0.16402,0.59148,0.61138,0.66056,0.75026,0.77378,0.79579,0.6121,"No",15,NA
"YC18:2179",0.0631,0.21603,0.66301,0.7754,0.77516,0.8315,0.78475,0.82302,0.78206,"No",15,NA
"YC18:2180",0.072057,0.18427,0.58894,0.62268,0.67528,0.69812,0.68762,0.74672,0.6675,"No",15,NA
"YC18:2182",0.089435,0.28973,0.73423,0.75347,0.79787,0.84177,0.80219,0.85142,0.72221,"No",15,NA
"YC18:2183",0.041109,0.18827,0.66606,0.86249,0.83414,0.88797,0.91539,0.9,0.90224,"No",15,NA
"YC18:2184",0.079388,0.25323,0.69651,0.73959,0.82319,0.81076,0.82094,0.82246,0.79128,"No",15,NA
"YC18:2185",0.056151,0.18029,0.58299,0.67306,0.66832,0.73112,0.73871,0.7658,0.63778,"No",15,NA
"YC18:2186",0.063378,0.21952,0.68948,0.71051,0.78714,0.79635,0.83653,0.84283,0.74809,"No",15,NA
"YC18:2187",0.093087,0.23007,0.65841,0.65416,0.67368,0.70125,0.70457,0.75694,0.66378,"No",15,NA
"YC18:2188",0.040344,0.1692,0.54642,0.5645,0.7046,0.68877,0.6582,0.73026,0.6481,"No",15,NA
"YC18:2189",0.075821,0.25312,0.6628,0.72829,0.76334,0.81994,0.7549,0.82215,0.7698,"No",15,NA
"YC18:2190",0.057921,0.24529,0.7307,0.75746,0.77175,0.84006,0.82602,0.8213,0.77352,"No",15,NA
"YC18:2191",0.070557,0.21663,0.80574,0.82092,0.79717,0.8694,0.82603,0.83366,0.71419,"No",15,NA
"YC18:2192",0.089208,0.25096,0.71107,0.72758,0.72131,0.7747,0.72484,0.78447,0.66887,"No",15,NA
"YC18:2193",0.085939,0.25348,0.84322,0.73322,0.81376,0.84861,0.80312,0.83068,0.70583,"No",15,NA
"YC18:2198",0.10964,0.24311,0.68271,0.68866,0.7199,0.74226,0.76755,0.76778,0.72593,"No",15,NA
"YC18:2199",0.078687,0.25789,0.7148,0.59613,0.63495,0.70457,0.68542,0.68455,0.58532,"No",15,NA
"YC18:2200",0.052757,0.1816,0.61222,0.61244,0.59636,0.67746,0.68943,0.75328,0.64751,"No",15,NA
"YC18:2201",0.05841,0.22223,0.68238,0.68073,0.72938,0.78285,0.78806,0.80906,0.74315,"No",24,NA
"YC18:2203",0.11908,0.30899,0.69219,0.71746,0.73805,0.75228,0.79955,0.81019,0.78526,"No",27,NA
"YC18:2204",0.073188,0.20134,0.644,0.63718,0.66109,0.72745,0.76889,0.72571,0.60027,"No",22,NA
"YC18:2209",0.058472,0.23459,0.65449,0.69028,0.71341,0.78136,0.75735,0.76399,0.70484,"No",24,NA
"YC18:2210",0.096355,0.29293,0.66169,0.70848,0.77021,0.78398,0.79723,0.78292,0.72192,"No",27,NA
"YC18:2211",0.042695,0.17989,0.64325,0.71337,0.72185,0.84633,0.77096,0.87295,0.63748,"No",18,NA
"YC18:2212",0.080171,0.22247,0.65165,0.73714,0.73381,0.81146,0.77674,0.81552,0.76313,"No",26,NA
"YC18:2213",0.063098,0.18986,0.59652,0.58016,0.65269,0.75436,0.7023,0.72375,0.63875,"No",22,NA
"YC18:2214",0.082969,0.27815,0.68119,0.69845,0.71256,0.73907,0.82819,0.84536,0.8496,"No",25,NA
"YC18:2215",0.084523,0.25469,0.66372,0.80693,0.8212,0.86686,0.83734,0.81308,0.66643,"No",24,NA
"YC18:2216",0.051793,0.17435,0.59137,0.45879,0.62443,0.58857,0.60633,0.58563,0.46,"No",15,NA
"YC18:2217",0.076996,0.28496,0.66913,0.63603,0.70464,0.70672,0.7879,0.76235,0.65751,"No",24,NA
"YC18:2219",0.089561,0.29107,0.66564,0.73807,0.78871,0.81992,0.81178,0.82299,0.70135,"No",23,NA
"YC18:2220",0.02451,0.094274,0.50663,0.62711,0.67164,0.62602,0.68733,0.65144,0.61334,"No",15,NA
"YC18:2221",0.08151,0.27946,0.79742,0.74889,0.83808,0.84616,0.81103,0.85927,0.73721,"No",26,NA
"YC18:2222",0.06968,0.29062,0.7995,0.8334,0.83857,0.86094,0.84667,0.88169,0.87207,"No",24,NA
"YC18:2223",0.10498,0.28923,0.68947,0.70103,0.78104,0.77719,0.86706,0.87484,0.77704,"No",21,NA
"YC18:2224",0.086944,0.27838,0.68046,0.75694,0.76305,0.80254,0.81143,0.82147,0.7567,"No",23,NA
"YC18:2225",0.046208,0.17783,0.60131,0.68406,0.69887,0.70793,0.78621,0.76612,0.66624,"No",21,NA
"YC18:2226",0.015651,0.067807,0.47709,0.61723,0.68526,0.76043,0.81816,0.78806,0.72408,"No",15,NA
"YC18:2227",0.10721,0.31417,0.71647,0.73676,0.77434,0.82765,0.86766,0.85568,0.80902,"No",26,NA
"YC18:2228",0.095534,0.28298,0.62229,0.71273,0.72541,0.80133,0.81736,0.80659,0.76555,"No",27,NA
"YC18:2229",0.05867,0.22017,0.62701,0.66719,0.70495,0.75815,0.78261,0.77928,0.72512,"No",26,NA
"YC18:2230",0.0931,0.2107,0.58156,0.57026,0.62666,0.71729,0.71665,0.7222,0.63038,"No",16,NA
"YC18:2231",0.082718,0.21064,0.59375,0.74708,0.80143,0.82369,0.83523,0.85059,0.79583,"No",19,NA
"YC18:2232",0.049458,0.085411,0.50132,0.59175,0.56054,0.69212,0.6602,0.72733,0.58741,"No",19,NA
"YC18:2233",0.08584,0.25222,0.68334,0.75759,0.77928,0.79225,0.80548,0.82131,0.79687,"No",27,NA
"YC18:2234",0.074867,0.19727,0.62552,0.61905,0.64147,0.7358,0.73073,0.74264,0.67807,"No",26,NA
"YC18:2236",0.13804,0.32901,0.77351,0.75775,0.78886,0.78942,0.83522,0.85337,0.79367,"No",15,NA
"YC18:2237",0.10872,0.30223,0.75094,0.7445,0.78721,0.8355,0.85488,0.872,0.81562,"No",15,NA
"YC18:2238",0.10466,0.32788,0.70787,0.78607,0.78659,0.83271,0.8531,0.85161,0.80524,"No",15,NA
"YC18:2239",0.10344,0.29732,0.66454,0.62895,0.75657,0.76213,0.77404,0.73177,0.65286,"No",15,NA
"YC18:2240",0.11637,0.27257,0.66266,0.6349,0.74325,0.73821,0.74873,0.77186,0.75206,"No",15,NA
"YC18:2241",0.080996,0.17595,0.60502,0.66234,0.76544,0.80995,0.84314,0.82272,0.80595,"No",15,NA
"YC18:2242",0.09625,0.23111,0.58429,0.68031,0.76876,0.7862,0.81995,0.81582,0.79267,"No",15,NA
"YC18:2243",0.055388,0.16535,0.53248,0.70022,0.80052,0.83308,0.86422,0.86819,0.81082,"No",15,NA
"YC18:2244",0.067884,0.26082,0.71787,0.6874,0.71587,0.74098,0.77569,0.79653,0.72196,"No",15,NA
"YC18:2245",0.050533,0.17213,0.64232,0.64036,0.7257,0.73537,0.77061,0.78608,0.72697,"No",15,NA
"YC18:2246",0.096907,0.34141,0.78755,0.78363,0.85927,0.82767,0.88075,0.88991,0.85508,"No",15,NA
"YC18:2247",0.065575,0.25577,0.75023,0.79798,0.79114,0.84435,0.85872,0.90211,0.80274,"No",15,NA
"YC18:2248",0.061489,0.24351,0.70281,0.77123,0.71586,0.74416,0.77083,0.80124,0.77113,"No",15,NA
"YC18:2250",0.0829,0.25893,0.73134,0.75478,0.75278,0.86798,0.78745,0.84013,0.78325,"No",15,NA
"YC18:2251",0.073303,0.25967,0.76897,0.85034,0.84344,0.86603,0.87127,0.90851,0.86098,"No",15,NA
"YC18:2252",0.041114,0.23403,0.82649,0.73605,0.8414,0.83435,0.87911,0.87859,0.82309,"No",15,NA
"YC18:2253",0.081122,0.28062,0.73789,0.6625,0.69367,0.74188,0.80054,0.75509,0.68658,"No",15,NA
"YC18:2254",0.037,0.14108,0.62762,0.71837,0.79815,0.84596,0.86393,0.84994,0.79803,"No",15,NA
"YC18:2255",0.099076,0.3064,0.79844,0.76439,0.76189,0.85651,0.85607,0.83851,0.792,"No",15,NA
"YC18:2256",0.17007,0.3343,0.68848,0.67241,0.72784,0.76293,0.7492,0.72767,0.7171,"No",15,NA
"YC18:2257",0.11589,0.26413,0.72379,0.71991,0.71275,0.78114,0.72937,0.81504,0.68936,"No",15,NA
"YC18:2258",0.068505,0.19027,0.65016,0.70339,0.75626,0.80817,0.83243,0.86326,0.78285,"No",15,NA
"YC18:2259",0.080605,0.22966,0.62889,0.66421,0.70574,0.77777,0.74469,0.82331,0.74556,"No",15,NA
"YC18:2260",0.064557,0.19565,0.71785,0.77648,0.77379,0.79941,0.82113,0.79919,0.67886,"No",15,NA
"YC18:2261",0.088133,0.22667,0.67773,0.83189,0.85101,0.89511,0.86938,0.90365,0.91087,"No",15,NA
"YC18:2263",0.07135,0.23222,0.77035,0.76399,0.81054,0.86452,0.86884,0.87704,0.78829,"No",15,NA
"YC18:2264",0.093256,0.23461,0.66857,0.69767,0.73439,0.7747,0.77674,0.81259,0.72551,"No",15,NA
"YC18:2267",0.10683,0.23244,0.64504,0.73476,0.85703,0.84906,0.87598,0.87097,0.81853,"No",15,NA
"YC18:2268",0.0601,0.1551,0.56223,0.67604,0.74834,0.7679,0.76819,0.79913,0.74186,"No",15,NA
"YC18:2269",0.037486,0.1349,0.49343,0.55761,0.61888,0.67189,0.71658,0.73981,0.53122,"No",15,NA
"YC18:2270",0.058274,0.16165,0.57816,0.70108,0.74364,0.83377,0.82195,0.85137,0.73087,"No",15,NA
"YC18:2271",0.057557,0.181,0.6701,0.73624,0.81617,0.8629,0.88423,0.89155,0.83133,"No",15,NA
"YC18:2272",0.041562,0.16609,0.56257,0.65551,0.7143,0.75836,0.75095,0.7322,0.68388,"No",18,NA
"YC18:2273",0.053023,0.19827,0.5723,0.51401,0.61514,0.60178,0.65229,0.58952,0.44103,"No",16,NA
"YC18:2274",0.079933,0.21922,0.61028,0.79263,0.76762,0.82366,0.866,0.8594,0.81938,"No",24,NA
"YC18:2275",0.0074167,0.067592,0.43268,0.65052,0.63337,0.69099,0.78378,0.79388,0.71893,"No",15,NA
"YC18:2276",0.057425,0.1877,0.5267,0.65215,0.67364,0.71336,0.75306,0.7453,0.71326,"No",26,NA
"YC18:2278",0.040557,0.15193,0.47058,0.56136,0.61179,0.73867,0.75783,0.76154,0.67835,"No",18,NA
"YC18:2279",0.039715,0.19097,0.58532,0.67977,0.69485,0.74778,0.81693,0.77779,0.7308,"No",20,NA
"YC18:2280",0.080081,0.19919,0.55761,0.70843,0.72267,0.69076,0.78176,0.77929,0.74446,"No",20,NA
"YC18:2281",0.0445,0.1721,0.53619,0.66949,0.68367,0.73304,0.75382,0.73173,0.6039,"No",19,NA
"YC18:2282",0.03735,0.12071,0.52998,0.69888,0.72895,0.79409,0.82771,0.81205,0.74963,"No",19,NA
"YC18:2283",0.03122,0.12569,0.57776,0.75476,0.75726,0.79156,0.78575,0.82685,0.82425,"No",21,NA
"YC18:2284",0.01377,0.060056,0.30978,0.51279,0.57629,0.64896,0.68214,0.70996,0.66154,"No",18,NA
"YC18:2285",0.021369,0.09054,0.48244,0.62236,0.71127,0.7959,0.76564,0.81883,0.69918,"No",19,NA
"YC18:2286",0.036454,0.16319,0.58313,0.73559,0.82094,0.84744,0.83781,0.86007,0.83192,"No",19,NA
"YC18:2287",0.047633,0.13507,0.5093,0.5131,0.62621,0.72182,0.74753,0.72323,0.60359,"No",20,NA
"YC18:2288",0.046953,0.17032,0.46086,0.54427,0.6097,0.64182,0.65079,0.62977,0.64611,"No",17,NA
"YC18:2290",0.062279,0.22133,0.52633,0.50283,0.67654,0.75001,0.73417,0.77263,0.56935,"No",17,NA
"YC18:2291",0.1553,0.27379,0.74266,0.71091,0.76243,0.83067,0.82648,0.8445,0.7167,"No",25,NA
"YC18:2292",0.17415,0.33927,0.74788,0.79291,0.78396,0.76993,0.79404,0.8165,0.80026,"No",25,NA
"YC18:2293",0.10292,0.22837,0.65386,0.67553,0.67022,0.72116,0.69964,0.69785,0.68589,"No",19,NA
"YC18:2294",0.044528,0.17171,0.54541,0.61529,0.65622,0.74739,0.76484,0.77035,0.72201,"No",21,NA
"YC18:2295",0.066121,0.21335,0.57694,0.61019,0.6249,0.72118,0.7052,0.74977,0.63859,"No",20,NA
"YC18:2296",0.040946,0.18011,0.57768,0.66696,0.68631,0.75096,0.73074,0.7422,0.69879,"No",23,NA
"YC18:2297",0.049384,0.16422,0.49932,0.48282,0.58617,0.65904,0.64135,0.66076,0.57212,"No",17,NA
"YC18:2298",0.046826,0.1239,0.51928,0.69922,0.72203,0.76897,0.74246,0.75097,0.70574,"No",23,NA
"YC18:2300",0.063114,0.21948,0.64869,0.70199,0.7376,0.76548,0.77674,0.81092,0.67971,"No",28,NA
"YC18:2301",0.095958,0.23261,0.59359,0.60636,0.69845,0.73802,0.757,0.80713,0.71206,"No",25,NA
"YC18:2303",0.045991,0.20364,0.63959,0.74085,0.76876,0.79577,0.80408,0.81824,0.73077,"No",22,NA
"YC18:2304",0.021609,0.10584,0.52541,0.67081,0.72974,0.82352,0.7951,0.86181,0.74657,"No",19,NA
"YC18:2305",0.0375,0.16163,0.50377,0.56248,0.64011,0.76615,0.77906,0.84093,0.65487,"No",16,NA
"YC18:2306",0.057137,0.20205,0.6646,0.7069,0.75013,0.77571,0.81767,0.81267,0.78178,"No",26,NA
"YC18:2307",0.029093,0.18998,0.58704,0.74001,0.76514,0.83554,0.83577,0.83646,0.79111,"No",25,NA
"YC18:2308",0.042233,0.20956,0.68383,0.60165,0.71995,0.75141,0.75366,0.784,0.71794,"No",15,NA
"YC18:2309",0.036793,0.1847,0.56543,0.71623,0.77508,0.80492,0.81257,0.84029,0.8314,"No",15,NA
"YC18:2310",0.055807,0.20861,0.57902,0.76992,0.75416,0.8141,0.79296,0.83263,0.77757,"No",15,NA
"YC18:2312",0.062944,0.21219,0.54511,0.63359,0.70731,0.73205,0.79007,0.76932,0.6645,"No",15,NA
"YC18:2313",0.059279,0.20841,0.56961,0.70391,0.72644,0.76097,0.77687,0.77835,0.75375,"No",15,NA
"YC18:2314",0.13167,0.37013,0.72122,0.68848,0.74401,0.79716,0.78091,0.79237,0.67485,"No",15,NA
"YC18:2315",0.10603,0.25151,0.62594,0.71465,0.74326,0.80974,0.76934,0.83479,0.71839,"No",15,NA
"YC18:2317",0.10032,0.29398,0.75919,0.77038,0.79748,0.83464,0.85326,0.88923,0.83019,"No",15,NA
"YC18:2318",0.043269,0.21003,0.68549,0.761,0.774,0.80354,0.85141,0.89212,0.79893,"No",15,NA
"YC18:2319",0.039099,0.17786,0.55495,0.68312,0.74834,0.79465,0.87843,0.89542,0.7922,"No",15,NA
"YC18:2320",0.053401,0.20111,0.64549,0.74441,0.82231,0.83994,0.93089,0.93115,0.77819,"No",15,NA
"YC18:2321",0.071984,0.2742,0.63522,0.69196,0.73021,0.77011,0.83153,0.83854,0.76829,"No",15,NA
"YC18:2322",0.052211,0.20572,0.68872,0.74173,0.78531,0.83883,0.88065,0.87569,0.8511,"No",15,NA
"YC18:2323",0.051977,0.24222,0.67792,0.73864,0.81953,0.85713,0.81807,0.87061,0.77101,"No",15,NA
"YC18:2327",0.087425,0.26893,0.70313,0.69655,0.81958,0.83046,0.86781,0.8986,0.82999,"No",15,NA
"YC18:2328",0.058628,0.19236,0.61456,0.62886,0.71486,0.77227,0.78273,0.77065,0.68683,"No",15,NA
"YC18:2329",0.024779,0.1186,0.52494,0.64209,0.68712,0.7385,0.75509,0.7576,0.69867,"No",15,NA
"YC18:2330",0.07067,0.23575,0.75112,0.77464,0.87242,0.91958,0.88687,0.92611,0.90463,"No",15,NA
"YC18:2331",0.089237,0.29454,0.72684,0.83466,0.86962,0.89816,0.90614,0.91913,0.91236,"No",15,NA
"YC18:2332",0.087025,0.2937,0.67808,0.6635,0.74899,0.75739,0.792,0.80628,0.70356,"No",15,NA
"YC18:2333",0.026533,0.16446,0.68411,0.78638,0.7997,0.8351,0.81127,0.84373,0.8359,"No",15,NA
"YC18:2334",0.058642,0.16872,0.58592,0.65142,0.67992,0.75377,0.77884,0.7978,0.70504,"No",15,NA
"YC18:2335",0.056745,0.22517,0.65228,0.79474,0.80108,0.87306,0.87043,0.90464,0.9021,"No",15,NA
"YC18:2336",0.11913,0.25034,0.67737,0.78491,0.83401,0.88377,0.86292,0.80516,0.78364,"No",15,NA
"YC18:2338",0.082969,0.24614,0.66562,0.70925,0.80339,0.81237,0.82238,0.83746,0.77307,"No",15,NA
"YC18:2340",0.033039,0.17181,0.53136,0.71717,0.74251,0.78606,0.8356,0.85574,0.81464,"No",15,NA
"YC18:2341",0.051861,0.16998,0.56187,0.66207,0.62664,0.69406,0.65757,0.71801,0.69889,"No",15,NA
"YC18:2342",0.018192,0.1116,0.48603,0.59258,0.65503,0.68099,0.77152,0.8177,0.83047,"No",15,NA
"YC18:2344",0.038175,0.16613,0.57183,0.59267,0.65068,0.64564,0.66541,0.75838,0.7205,"No",19,NA
"YC18:2345",0.11076,0.28932,0.72974,0.77683,0.73584,0.7447,0.78592,0.80046,0.74734,"No",20,NA
"YC18:2346",0.081312,0.21751,0.70501,0.67242,0.814,0.80638,0.84453,0.88513,0.79488,"No",26,NA
"YC18:2347",0.10077,0.28988,0.73652,0.75085,0.74195,0.68668,0.72138,0.77473,0.70537,"No",24,NA
"YC18:2348",0.046683,0.22528,0.7088,0.65011,0.74531,0.78836,0.76173,0.7988,0.76216,"No",19,NA
"YC18:2349",0.052855,0.21785,0.67255,0.77439,0.75177,0.77597,0.76969,0.79722,0.75774,"No",20,NA
"YC18:2350",0.045158,0.1687,0.65278,0.76637,0.88281,0.91221,0.90152,0.89586,0.88793,"No",22,NA
"YC18:2355",0.11266,0.34177,0.75905,0.77031,0.78669,0.82567,0.82113,0.85053,0.81742,"No",25,NA
"YC18:2357",0.054422,0.18263,0.52443,0.63886,0.71199,0.71897,0.78801,0.83841,0.78793,"No",17,NA
"YC18:2359",0.0078785,0.031315,0.20992,0.391,0.44545,0.51764,0.59758,0.57937,0.47026,"No",19,NA
"YC18:2361",0.0041982,0.040059,0.21863,0.28092,0.47882,0.51571,0.41822,0.37782,0.08836,"No",23,NA
"YC18:2362",0.070147,0.20511,0.63078,0.79678,0.85285,0.84965,0.92226,0.92937,0.86895,"No",21,NA
"YC18:2363",0.062689,0.233,0.65879,0.69139,0.76271,0.78704,0.75642,0.79396,0.7366,"No",20,NA
"YC18:2364",0.057269,0.20882,0.59066,0.61732,0.72096,0.77247,0.7645,0.76942,0.69959,"No",17,NA
"YC18:2365",0.015552,0.088469,0.42724,0.61488,0.67785,0.78636,0.78409,0.79388,0.71961,"No",24,NA
"YC18:2366",0.05785,0.18454,0.59248,0.77011,0.82647,0.86183,0.84988,0.87264,0.86073,"No",16,NA
"YC18:2367",0.026644,0.10265,0.43916,0.66318,0.69233,0.7525,0.76517,0.79922,0.75275,"No",21,NA
"YC18:2368",0.050862,0.21351,0.65135,0.73563,0.7111,0.81653,0.78953,0.81717,0.75916,"No",22,NA
"YC18:2369",0.066317,0.23731,0.70806,0.73142,0.82605,0.87255,0.87134,0.81369,0.69504,"No",24,NA
"YC18:2370",0.058116,0.22824,0.75342,0.77427,0.84614,0.89328,0.8903,0.88251,0.69016,"No",21,NA
"YC18:2372",0.012722,0.067026,0.37736,0.44011,0.48992,0.53902,0.64353,0.68582,0.60716,"No",19,NA
"YC18:2373",0.034607,0.14391,0.42952,0.53556,0.59603,0.64415,0.7052,0.66367,0.66368,"No",25,NA
"YC18:2374",0.035824,0.1619,0.51818,0.59355,0.64762,0.73916,0.70329,0.75437,0.62795,"No",22,NA
"YC18:2375",0.038385,0.17747,0.50144,0.54352,0.63973,0.72901,0.67845,0.7581,0.60971,"No",18,NA
"YC18:2376",0.020632,0.11676,0.48561,0.6975,0.77374,0.8232,0.84845,0.84691,0.79141,"No",19,NA
"YC18:2377",0.025628,0.1264,0.51137,0.64062,0.65436,0.71576,0.73426,0.73816,0.70199,"No",26,NA
"YC18:2378",0.068392,0.25276,0.64302,0.70745,0.73197,0.76905,0.78066,0.77181,0.7109,"No",21,NA
"YC18:2381",0.034529,0.12905,0.50945,0.70739,0.71375,0.79654,0.81922,0.83522,0.76176,"No",15,NA
"YC18:2382",0.050703,0.23456,0.62188,0.72567,0.70643,0.78122,0.7791,0.82262,0.71874,"No",15,NA
"YC18:2383",0.07796,0.25729,0.70688,0.76442,0.77698,0.84466,0.85618,0.88133,0.80905,"No",15,NA
"YC18:2384",0.037246,0.13001,0.46827,0.65343,0.69732,0.7103,0.81626,0.78041,0.75489,"No",15,NA
"YC18:2385",0.056958,0.20883,0.57296,0.60952,0.6696,0.77934,0.8323,0.82553,0.65723,"No",15,NA
"YC18:2387",0.14363,0.22501,0.67526,0.7033,0.7333,0.78587,0.80625,0.80318,0.76544,"No",15,NA
"YC18:2388",0.13872,0.25812,0.6155,0.65951,0.70203,0.72358,0.74311,0.7201,0.68415,"No",15,NA
"YC18:2389",0.11955,0.28104,0.61307,0.62251,0.70859,0.72161,0.73667,0.74325,0.67324,"No",15,NA
"YC18:2391",0.071378,0.20446,0.5852,0.61362,0.65361,0.73129,0.73519,0.75244,0.6803,"No",15,NA
"YC18:2392",0.07344,0.24906,0.63739,0.63689,0.68019,0.7229,0.73035,0.74643,0.70427,"No",15,NA
"YC18:2394",0.06317,0.15822,0.55723,0.60707,0.64668,0.67394,0.68356,0.72339,0.65505,"No",15,NA
"YC18:2395",0.081638,0.10473,0.382,0.50007,0.51023,0.58845,0.61887,0.62793,0.5819,"No",15,NA
"YC18:2397",0.16149,0.27772,0.65096,0.67809,0.70769,0.75483,0.79788,0.81994,0.81642,"No",15,NA
"YC18:2398",0.2335,0.39368,0.82259,0.78392,0.80185,0.86904,0.85717,0.88843,0.85239,"No",15,NA
"YC18:2399",0.14055,0.3338,0.69308,0.76383,0.78378,0.85228,0.84775,0.86564,0.66986,"No",15,NA
"YC18:2400",0.04201,0.15288,0.58736,0.69774,0.70278,0.80814,0.82521,0.82992,0.75069,"No",15,NA
"YC18:2401",0.091699,0.26762,0.67862,0.71969,0.7157,0.74621,0.78727,0.82195,0.73147,"No",15,NA
"YC18:2402",0.083557,0.20932,0.6259,0.79032,0.80494,0.88187,0.83353,0.88677,0.75233,"No",15,NA
"YC18:2404",0.054991,0.14115,0.45416,0.53582,0.54706,0.57045,0.61307,0.64309,0.63684,"No",15,NA
"YC18:2405",0.077036,0.17,0.71451,0.64492,0.74238,0.73286,0.73357,0.76313,0.70857,"No",15,NA
"YC18:2406",0.0582,0.2286,0.66191,0.73329,0.74169,0.7825,0.79356,0.79997,0.76633,"No",15,NA
"YC18:2407",0.095463,0.27098,0.66296,0.69255,0.73307,0.77216,0.75973,0.79202,0.66817,"No",15,NA
"YC18:2408",0.045606,0.17103,0.50703,0.64903,0.67809,0.75344,0.76707,0.75021,0.64185,"No",15,NA
"YC18:2410",0.10742,0.31941,0.6698,0.72879,0.76428,0.80229,0.81092,0.83148,0.77357,"No",15,NA
"YC18:2411",0.061444,0.19509,0.59763,0.68644,0.75483,0.79387,0.76644,0.84963,0.72352,"No",15,NA
"YC18:2412",0.030184,0.13135,0.39449,0.48182,0.60151,0.67918,0.67114,0.71758,0.57126,"No",15,NA
"YC18:2413",0.056548,0.19051,0.65063,0.75978,0.72123,0.74228,0.79559,0.81542,0.78489,"No",15,NA
"YC18:2414",0.065911,0.23453,0.67584,0.7705,0.78626,0.8337,0.83288,0.84993,0.78081,"No",15,NA
"YC18:2415",0.02162,0.1159,0.5474,0.67471,0.77951,0.87841,0.83086,0.81666,0.7144,"No",15,NA
"YC18:2417",0.049076,0.18543,0.67935,0.76501,0.77184,0.77293,0.80152,0.85071,0.82175,"No",27,NA
"YC18:2418",0.074377,0.23704,0.68958,0.77743,0.79789,0.88133,0.88671,0.892,0.85921,"No",25,NA
"YC18:2419",0.069326,0.27611,0.69897,0.77955,0.81133,0.87225,0.86441,0.87822,0.8098,"No",27,NA
"YC18:2420",0.064359,0.19986,0.51939,0.60049,0.64467,0.69682,0.81153,0.85468,0.74166,"No",23,NA
"YC18:2421",0.033595,0.15962,0.5612,0.57765,0.63907,0.64196,0.74329,0.71365,0.68427,"No",18,NA
"YC18:2422",0.08877,0.26723,0.7137,0.80079,0.80787,0.83668,0.86716,0.87062,0.81931,"No",27,NA
"YC18:2423",0.063462,0.27076,0.72269,0.7709,0.80452,0.81133,0.84963,0.85948,0.80538,"No",27,NA
"YC18:2424",0.053831,0.23985,0.71682,0.78609,0.80889,0.84083,0.85696,0.87007,0.85775,"No",27,NA
"YC18:2425",0.061076,0.22604,0.70873,0.7356,0.77997,0.80735,0.84597,0.82551,0.78749,"No",17,NA
"YC18:2426",0.029065,0.14215,0.57729,0.64878,0.75523,0.76585,0.77805,0.79135,0.6876,"No",20,NA
"YC18:2427",0.030744,0.13194,0.65674,0.71423,0.77999,0.84316,0.81222,0.90987,0.82093,"No",24,NA
"YC18:2428",0.10809,0.26464,0.80896,0.89466,0.93549,0.94089,0.9515,0.94308,0.8228,"No",20,NA
"YC18:2429",0.084467,0.23263,0.72747,0.76896,0.85498,0.83257,0.81792,0.88358,0.76915,"No",27,NA
"YC18:2430",0.066482,0.23458,0.73886,0.58016,0.83626,0.86304,0.85821,0.8105,0.71224,"No",15,NA
"YC18:2435",0.028659,0.081136,0.43927,0.54182,0.63819,0.71155,0.66892,0.73464,0.62343,"No",19,NA
"YC18:2436",0.026972,0.13664,0.5139,0.61013,0.66518,0.82116,0.79375,0.8244,0.8134,"No",25,NA
"YC18:2437",0.094374,0.2733,0.70699,0.79173,0.77687,0.89797,0.87512,0.92417,0.85413,"No",25,NA
"YC18:2438",0.060623,0.20541,0.77736,0.8316,0.86149,0.91034,0.90674,0.9175,0.84637,"No",18,NA
"YC18:2439",0.05076,0.14377,0.60208,0.63935,0.7104,0.78162,0.78072,0.88593,0.81394,"No",22,NA
"YC18:2440",0.14512,0.2964,0.81499,0.79353,0.85187,0.84243,0.85789,0.9138,0.88383,"No",24,NA
"YC18:2442",0.032046,0.10524,0.58883,0.71349,0.80594,0.86354,0.85656,0.8985,0.90467,"No",23,NA
"YC18:2443",0.052458,0.16315,0.71946,0.82854,0.84501,0.87509,0.88916,0.87787,0.83905,"No",20,NA
"YC18:2445",0.0075001,0.057246,0.54598,0.62531,0.69157,0.84629,0.8171,0.84737,0.76534,"No",22,NA
"YC18:2451",0.093298,0.2717,0.75835,0.87525,0.8076,0.88531,0.88145,0.93585,0.94383,"No",15,NA
"YC18:2452",0.030071,0.14664,0.65434,0.75161,0.77843,0.77639,0.82836,0.90811,0.8455,"No",15,NA
"YC18:2453",0.079543,0.24079,0.73471,0.81505,0.84493,0.8795,0.83814,0.8384,0.82124,"No",15,NA
"YC18:2454",0.090723,0.28884,0.83677,0.84872,0.88585,0.89778,0.87948,0.89839,0.84912,"No",15,NA
"YC18:2456",0.082494,0.24853,0.6996,0.70917,0.71764,0.83279,0.82478,0.76244,0.70209,"No",15,NA
"YC18:2457",0.073303,0.23024,0.65923,0.74088,0.74724,0.77267,0.77958,0.78882,0.78804,"No",15,NA
"YC18:2458",0.046418,0.19664,0.66337,0.74162,0.79986,0.84625,0.86065,0.83475,0.78516,"No",15,NA
"YC18:2459",0.048894,0.20312,0.67137,0.7441,0.79953,0.8144,0.85118,0.891,0.85833,"No",15,NA
"YC18:2460",0.066919,0.2239,0.67513,0.7339,0.76326,0.79912,0.79675,0.80242,0.74586,"No",15,NA
"YC18:2461",0.10458,0.28182,0.74923,0.80021,0.83486,0.84605,0.87566,0.83182,0.77107,"No",15,NA
"YC18:2462",0.095018,0.34032,0.74332,0.77377,0.83845,0.91102,0.87545,0.90442,0.86378,"No",15,NA
"YC18:2463",0.047279,0.19546,0.6712,0.73194,0.79565,0.8629,0.87083,0.86862,0.77535,"No",15,NA
"YC18:2464",0.056972,0.1616,0.62992,0.7434,0.80329,0.80411,0.79531,0.81826,0.79729,"No",15,NA
"YC18:2465",0.037062,0.13711,0.47316,0.60689,0.70871,0.72864,0.6528,0.78155,0.75541,"No",15,NA
"YC18:2467",0.03058,0.14164,0.56065,0.63402,0.69968,0.73956,0.78123,0.77826,0.68517,"No",15,NA
"YC18:2468",0.093227,0.2953,0.65893,0.64003,0.68129,0.73356,0.72059,0.7314,0.68584,"No",15,NA
"YC18:2469",0.039694,0.15453,0.50327,0.63477,0.5974,0.69316,0.67638,0.68092,0.57486,"No",15,NA
"YC18:2470",0.040904,0.16011,0.44258,0.58904,0.56588,0.66518,0.67785,0.71546,0.61286,"No",15,NA
"YC18:2471",0.021481,0.10034,0.39644,0.61863,0.66789,0.73924,0.7122,0.76057,0.7165,"No",15,NA
"YC18:2473",0.077873,0.29245,0.72628,0.81309,0.8132,0.84932,0.84034,0.83897,0.74948,"No",15,NA
"YC18:2474",0.094668,0.23553,0.64289,0.8164,0.79946,0.78827,0.82937,0.83128,0.79323,"No",15,NA
"YC18:2475",0.056213,0.11109,0.39695,0.53861,0.61623,0.61396,0.63792,0.66411,0.64755,"No",15,NA
"YC18:2477",0.12371,0.24932,0.66014,0.65129,0.69733,0.73006,0.59695,0.76579,0.51548,"No",15,NA
"YC18:2478",0.10978,0.12451,0.55288,0.68956,0.7042,0.82586,0.84433,0.83771,0.77947,"No",15,NA
"YC18:2479",0.081298,0.16965,0.55429,0.6187,0.68742,0.76646,0.77954,0.78029,0.66586,"No",15,NA
"YC18:2480",0.11564,0.27724,0.74948,0.69768,0.73844,0.79668,0.79066,0.80516,0.67819,"No",15,NA
"YC18:2481",0.03617,0.14771,0.52863,0.62085,0.69056,0.75125,0.79031,0.7821,0.61686,"No",15,NA
"YC18:2482",0.056449,0.20423,0.52098,0.66944,0.74673,0.76794,0.80955,0.80622,0.74946,"No",15,NA
"YC18:2483",0.086859,0.15621,0.58322,0.65707,0.64608,0.69346,0.75953,0.76036,0.64426,"No",15,NA
"YC18:2484",0.060845,0.14311,0.45124,0.49037,0.55818,0.61962,0.66024,0.61782,0.63039,"No",15,NA
"YC18:2485",0.046982,0.10286,0.38853,0.41013,0.49982,0.58619,0.63482,0.63204,0.57848,"No",15,NA
"YC18:2487",0.13845,0.21254,0.63977,0.63501,0.68278,0.74602,0.77527,0.81556,0.74809,"No",15,NA
"YC18:2488",0.061195,0.19427,0.7092,0.61832,0.70149,0.77077,0.74831,0.76393,0.66649,"No",23,NA
"YC18:2489",0.010257,0.044098,0.37155,0.42174,0.57473,0.62453,0.69012,0.70185,0.58175,"No",17,NA
"YC18:2490",0.037925,0.1401,0.48228,0.55837,0.60999,0.6482,0.65882,0.72563,0.63894,"No",16,NA
"YC18:2491",0.033651,0.096942,0.38944,0.47208,0.52486,0.60952,0.63951,0.73514,0.5827,"No",15,NA
"YC18:2492",0.027,0.11721,0.40332,0.4489,0.55418,0.58031,0.60914,0.74188,0.62466,"No",19,NA
"YC18:2493",0.050798,0.17172,0.63444,0.69922,0.7237,0.77598,0.78078,0.81273,0.77732,"No",25,NA
"YC18:2494",0.055614,0.17962,0.63816,0.72552,0.77118,0.80902,0.84279,0.85426,0.82431,"No",26,NA
"YC18:2495",0.057397,0.20314,0.72096,0.75235,0.84199,0.83658,0.86356,0.89532,0.79647,"No",27,NA
"YC18:2496",0.047944,0.16081,0.52272,0.61227,0.65313,0.70821,0.7203,0.77942,0.64251,"No",15,NA
"YC18:2497",0.057935,0.12553,0.44823,0.55588,0.58592,0.69612,0.76272,0.77253,0.67231,"No",15,NA
"YC18:2499",0.10113,0.14871,0.54664,0.69758,0.72593,0.79768,0.78645,0.80944,0.77533,"No",23,NA
"YC18:2500",0.06836,0.21459,0.58905,0.66047,0.703,0.78291,0.72689,0.8342,0.68211,"No",22,NA
"YC18:2501",0.078533,0.18628,0.4886,0.65167,0.68523,0.81406,0.78966,0.84379,0.75075,"No",23,NA
"YC18:2502",0.069255,0.20922,0.72085,0.73196,0.79444,0.867,0.87796,0.87733,0.82,"No",23,NA
"YC18:2503",0.043801,0.18766,0.62043,0.72106,0.76262,0.81817,0.7885,0.79749,0.57252,"No",24,NA
"YC18:2504",0.026448,0.1119,0.37194,0.6065,0.58392,0.62727,0.64369,0.69763,0.6154,"No",16,NA
"YC18:2506",0.059364,0.27665,0.69534,0.7549,0.80843,0.81533,0.77894,0.83688,0.79608,"No",27,NA
"YC18:2507",0.032194,0.16683,0.49174,0.57053,0.65829,0.74705,0.78284,0.80675,0.68812,"No",22,NA
"YC18:2509",0.058732,0.22895,0.63609,0.71088,0.79347,0.82729,0.81423,0.83504,0.80251,"No",27,NA
"YC18:2511",0.077661,0.25391,0.62549,0.78667,0.8297,0.84283,0.87396,0.86353,0.83362,"No",26,NA
"YC18:2512",0.049783,0.17697,0.53109,0.7193,0.71336,0.77686,0.81223,0.81664,0.74814,"No",21,NA
"YC18:2513",0.14086,0.29682,0.72521,0.7979,0.83604,0.86738,0.85679,0.85544,0.80582,"No",25,NA
"YC18:2514",0.10837,0.30523,0.72554,0.7692,0.80613,0.88817,0.90304,0.88306,0.85073,"No",28,NA
"YC18:2515",0.058648,0.22723,0.64444,0.73202,0.76355,0.82066,0.85802,0.84514,0.80307,"No",26,NA
"YC18:2516",0.048139,0.19565,0.59492,0.68549,0.74762,0.76422,0.82228,0.84016,0.75978,"No",20,NA
"YC18:2517",0.048017,0.17,0.65378,0.70333,0.75129,0.78968,0.82835,0.86223,0.78233,"No",22,NA
"YC18:2518",0.098321,0.28607,0.84513,0.79279,0.89292,0.91556,0.88413,0.88862,0.86398,"No",27,NA
"YC18:2519",0.047663,0.18822,0.68434,0.68702,0.74554,0.81414,0.81049,0.8433,0.74094,"No",23,NA
