Block,Plot,Entry,Genotype,Rep,Year
1,YC18:1001,212,A663,1,2018
1,YC18:1002,198,2369,1,2018
1,YC18:1003,210,A648,1,2018
1,YC18:1004,89,PHR30,1,2018
1,YC18:1005,7,OQ403,1,2018
1,YC18:1006,68,FBLA,1,2018
1,YC18:1007,23,LH146Ht,1,2018
1,YC18:1008,254,PH207,1,2018
1,YC18:1009,38,912,1,2018
1,YC18:1010,27,PHGW7,1,2018
1,YC18:1011,179,PHB47,1,2018
1,YC18:1012,142,CH9,1,2018
1,YC18:1013,77,LP5,1,2018
1,YC18:1014,98,A374,1,2018
1,YC18:1015,44,A679,1,2018
1,YC18:1016,92,PHW03,1,2018
1,YC18:1017,147,A258,1,2018
1,YC18:1018,150,A71,1,2018
1,YC18:1019,175,NQ508,1,2018
1,YC18:1020,10,W701BC,1,2018
1,YC18:1021,61,W153R,1,2018
1,YC18:1022,109,DK78002A,1,2018
1,YC18:1023,232,MS211,1,2018
1,YC18:1024,138,Q381,1,2018
1,YC18:1025,190,SD44,1,2018
1,YC18:1026,65,A208,1,2018
1,YC18:1027,100,A649,1,2018
1,YC18:1028,67,EAST 028,1,2018
1,YC18:1029,170,LH57,1,2018
1,YC18:1030,78,MS225,1,2018
1,YC18:1031,204,A239,1,2018
1,YC18:1032,85,PHKE6,1,2018
1,YC18:1033,182,PHJ90,1,2018
1,YC18:1034,145,2FACC,1,2018
1,YC18:1035,128,MS200,1,2018
1,YC18:1036,56,MS72,1,2018
1,YC18:1037,151,B-18 INBR.FR.SUPERGOLD,1,2018
1,YC18:1038,192,W604S,1,2018
1,YC18:1039,87,PHP55,1,2018
1,YC18:1040,181,PHHV4,1,2018
1,YC18:1041,32,PHVA9,1,2018
1,YC18:1042,205,A272,1,2018
1,YC18:1043,76,LIBC 4,1,2018
1,YC18:1044,167,LH165,1,2018
1,YC18:1045,73,LH202,1,2018
1,YC18:1046,161,DKPB80,1,2018
1,YC18:1047,207,A627,1,2018
1,YC18:1048,218,C103,1,2018
1,YC18:1049,122,LH54,1,2018
1,YC18:1050,124,MEF156-55-2,1,2018
1,YC18:1051,234,N201,1,2018
1,YC18:1052,250,Va99,1,2018
1,YC18:1053,220,DK78010,1,2018
1,YC18:1054,79,N197,1,2018
1,YC18:1055,140,W603S,1,2018
1,YC18:1056,48,IBB14,1,2018
1,YC18:1057,153,B76,1,2018
1,YC18:1058,217,B115,1,2018
1,YC18:1059,197,792,1,2018
1,YC18:1060,237,OH33,1,2018
1,YC18:1061,231,MS132,1,2018
1,YC18:1062,213,AS6103,1,2018
1,YC18:1063,2,A385,1,2018
1,YC18:1064,188,PHW80,1,2018
1,YC18:1065,166,LH143 (Maintainer),1,2018
1,YC18:1066,144,W614S,1,2018
1,YC18:1067,4,A641,1,2018
1,YC18:1068,96,1538,1,2018
1,YC18:1069,135,PHG29,1,2018
1,YC18:1070,19,FC46,1,2018
1,YC18:1071,240,PHB09,1,2018
1,YC18:1072,186,PHW17,1,2018
1,YC18:1073,117,LH184,1,2018
1,YC18:1074,75,LH61,1,2018
1,YC18:1075,115,L 155,1,2018
1,YC18:1076,173,N193,1,2018
1,YC18:1077,54,LH222,1,2018
1,YC18:1078,13,91IFC2,1,2018
1,YC18:1079,148,A634,1,2018
1,YC18:1080,52,LH166,1,2018
1,YC18:1081,88,PHP76,1,2018
1,YC18:1082,253,PH207,1,2018
1,YC18:1083,171,MS1334,1,2018
1,YC18:1084,16,AQA3,1,2018
1,YC18:1085,41,A340,1,2018
1,YC18:1086,239,Pa392,1,2018
1,YC18:1087,243,PHK76,1,2018
1,YC18:1088,226,LH127,1,2018
1,YC18:1089,35,W117Ht,1,2018
1,YC18:1090,39,29MIBZ2,1,2018
1,YC18:1091,209,A635,1,2018
1,YC18:1092,223,ICI 740,1,2018
1,YC18:1093,131,NS501,1,2018
1,YC18:1094,63,W64A,1,2018
1,YC18:1095,258,B73,1,2018
1,YC18:1096,31,PHV37,1,2018
1,YC18:1097,120,LH223,1,2018
1,YC18:1098,132,Oh40B,1,2018
1,YC18:1099,130,N192,1,2018
1,YC18:1100,17,CA-4,1,2018
1,YC18:1101,45,CH711-10,1,2018
1,YC18:1102,8,PHVJ4,1,2018
1,YC18:1103,51,LH149,1,2018
1,YC18:1104,114,I29,1,2018
1,YC18:1105,174,NC262,1,2018
1,YC18:1106,127,MS153,1,2018
1,YC18:1107,139,SD102,1,2018
1,YC18:1108,154,B91,1,2018
1,YC18:1109,21,IA2132,1,2018
1,YC18:1110,257,B73,1,2018
1,YC18:1111,256,B73,1,2018
1,YC18:1112,245,R113,1,2018
1,YC18:1113,249,Va52,1,2018
1,YC18:1114,121,LH38,1,2018
1,YC18:1115,141,WR3,1,2018
1,YC18:1116,99,A427,1,2018
1,YC18:1117,36,W182E,1,2018
1,YC18:1118,57,ND247,1,2018
1,YC18:1119,118,LH206,1,2018
1,YC18:1120,146,4F-306 108,1,2018
1,YC18:1121,159,DK3IIH6,1,2018
1,YC18:1122,26,PHG47,1,2018
1,YC18:1123,108,DK4676A,1,2018
1,YC18:1124,143,LH119,1,2018
1,YC18:1125,156,BO9,1,2018
1,YC18:1126,71,ICI581,1,2018
1,YC18:1127,14,A305,1,2018
1,YC18:1128,94,ZS635,1,2018
1,YC18:1129,227,LH74,1,2018
1,YC18:1130,238,Os420,1,2018
1,YC18:1131,228,LH93,1,2018
1,YC18:1132,106,CH157,1,2018
1,YC18:1133,163,ICI 441,1,2018
1,YC18:1134,149,A680,1,2018
1,YC18:1135,74,LH295,1,2018
1,YC18:1136,42,A548,1,2018
1,YC18:1137,34,PHW86,1,2018
1,YC18:1138,177,Ny821,1,2018
1,YC18:1139,33,PHW20,1,2018
1,YC18:1140,93,W613S,1,2018
1,YC18:1141,235,N6,1,2018
1,YC18:1142,215,B107,1,2018
1,YC18:1143,72,L 139,1,2018
1,YC18:1144,158,CI 40H,1,2018
1,YC18:1145,43,A556,1,2018
1,YC18:1146,199,4226,1,2018
1,YC18:1147,123,LH82,1,2018
1,YC18:1148,180,PHBA6,1,2018
1,YC18:1149,157,C123,1,2018
1,YC18:1150,112,G80,1,2018
1,YC18:1151,191,W602S,1,2018
1,YC18:1152,152,B103,1,2018
1,YC18:1153,47,CS405,1,2018
1,YC18:1154,18,CM105,1,2018
1,YC18:1155,252,PH207,1,2018
1,YC18:1156,229,Mo17,1,2018
1,YC18:1157,255,PH207,1,2018
1,YC18:1158,28,PHK74,1,2018
1,YC18:1159,107,CR14,1,2018
1,YC18:1160,15,A674,1,2018
1,YC18:1161,189,SD101,1,2018
1,YC18:1162,25,Oh43,1,2018
1,YC18:1163,82,PHH93,1,2018
1,YC18:1164,203,6F629,1,2018
1,YC18:1165,86,PHP02,1,2018
1,YC18:1166,101,A672,1,2018
1,YC18:1167,136,PHG50,1,2018
1,YC18:1168,184,PHN82,1,2018
1,YC18:1169,9,T242,1,2018
1,YC18:1170,84,PHJR5,1,2018
1,YC18:1171,66,CR 22 INBRED,1,2018
1,YC18:1172,91,PHV57,1,2018
1,YC18:1173,125,ML606,1,2018
1,YC18:1174,224,ICI 893,1,2018
1,YC18:1175,12,911,1,2018
1,YC18:1176,22,L 135,1,2018
1,YC18:1177,160,DKFAPW,1,2018
1,YC18:1178,46,CH753-4,1,2018
1,YC18:1179,64,790,1,2018
1,YC18:1180,221,DKIB014,1,2018
1,YC18:1181,20,Ia 453,1,2018
1,YC18:1182,137,PHK42,1,2018
1,YC18:1183,3,A572,1,2018
1,YC18:1184,260,B73,1,2018
1,YC18:1185,242,PHG86,1,2018
1,YC18:1186,169,LH209,1,2018
1,YC18:1187,119,CR1HT,1,2018
1,YC18:1188,194,W612S,1,2018
1,YC18:1189,97,3IJI1,1,2018
1,YC18:1190,105,B87,1,2018
1,YC18:1191,59,NK807,1,2018
1,YC18:1192,244,PHR36,1,2018
1,YC18:1193,185,PHR63,1,2018
1,YC18:1194,11,W9,1,2018
1,YC18:1195,113,H99,1,2018
1,YC18:1196,246,R181B,1,2018
1,YC18:1197,70,ICI 193,1,2018
1,YC18:1198,225,ICI 986,1,2018
1,YC18:1199,6,ND265,1,2018
1,YC18:1200,155,BEI 10 = NORTH 10,1,2018
1,YC18:1201,219,DE4,1,2018
1,YC18:1202,259,B73,1,2018
1,YC18:1203,40,A334,1,2018
1,YC18:1204,178,Pa405,1,2018
1,YC18:1205,24,NORTH 7,1,2018
1,YC18:1206,248,SD40,1,2018
1,YC18:1207,83,PHJ89,1,2018
1,YC18:1208,193,W605S,1,2018
1,YC18:1209,53,LH172,1,2018
1,YC18:1210,183,PHN66,1,2018
1,YC18:1211,230,Mo47,1,2018
1,YC18:1212,55,Lp215D,1,2018
1,YC18:1213,29,PHN11,1,2018
1,YC18:1214,111,DKMBNA,1,2018
1,YC18:1215,FILL,LH132 - FILL B73,1,2018
1,YC18:1216,81,PHG72,1,2018
1,YC18:1217,164,INBRED 2-687,1,2018
1,YC18:1218,208,A632,1,2018
1,YC18:1219,162,Eng-Li Chih,1,2018
1,YC18:1220,116,LH145,1,2018
1,YC18:1221,206,A401,1,2018
1,YC18:1222,134,PHBW8,1,2018
1,YC18:1223,129,MS224,1,2018
1,YC18:1224,133,OQ603,1,2018
1,YC18:1225,69,IBC2,1,2018
1,YC18:1226,102,A682,1,2018
1,YC18:1227,30,PHTM9,1,2018
1,YC18:1228,62,W552,1,2018
1,YC18:1229,201,2FADB,1,2018
1,YC18:1230,58,NK778,1,2018
1,YC18:1231,50,L 127,1,2018
1,YC18:1232,103,A73,1,2018
1,YC18:1233,200,78010,1,2018
1,YC18:1234,222,H42,1,2018
1,YC18:1235,5,MS116,1,2018
1,YC18:1236,202,2MA22,1,2018
1,YC18:1237,168,LH198,1,2018
1,YC18:1238,196,DJ7,1,2018
1,YC18:1239,90,PHT69,1,2018
1,YC18:1240,247,SD107,1,2018
1,YC18:1241,172,MS71,1,2018
1,YC18:1242,1,A322,1,2018
1,YC18:1243,216,B114,1,2018
1,YC18:1244,176,NY 159 (Neveh Yaar),1,2018
1,YC18:1245,80,OS602,1,2018
1,YC18:1246,211,A659,1,2018
1,YC18:1247,241,PHG80,1,2018
1,YC18:1248,49,IBB15,1,2018
1,YC18:1249,214,B-28,1,2018
1,YC18:1250,60,PHG71,1,2018
1,YC18:1251,95,764,1,2018
1,YC18:1252,195,W8304,1,2018
1,YC18:1253,236,NC310,1,2018
1,YC18:1254,251,PH207,1,2018
1,YC18:1255,187,PHW30,1,2018
1,YC18:1256,104,B85,1,2018
1,YC18:1257,126,MQ305,1,2018
1,YC18:1258,233,MS226,1,2018
1,YC18:1259,37,793,1,2018
1,YC18:1260,110,DKFBHJ,1,2018
2,YC18:1261,342,LH60,1,2018
2,YC18:1262,453,Va102,1,2018
2,YC18:1263,403,B47,1,2018
2,YC18:1264,423,LH192,1,2018
2,YC18:1265,284,W611S,1,2018
2,YC18:1266,349,N211,1,2018
2,YC18:1267,376,PHW43,1,2018
2,YC18:1268,409,DE2,1,2018
2,YC18:1269,386,W606S,1,2018
2,YC18:1270,444,PHR03,1,2018
2,YC18:1271,352,N501,1,2018
2,YC18:1272,477,B68,1,2018
2,YC18:1273,339,LH215,1,2018
2,YC18:1274,442,PHK29,1,2018
2,YC18:1275,326,J8606,1,2018
2,YC18:1276,362,Oh7,1,2018
2,YC18:1277,454,Va22,1,2018
2,YC18:1278,402,B46,1,2018
2,YC18:1279,412,F2834T,1,2018
2,YC18:1280,331,LH128,1,2018
2,YC18:1281,345,MM501D,1,2018
2,YC18:1282,287,YONG 28,1,2018
2,YC18:1283,450,R227,1,2018
2,YC18:1284,499,NC368,1,2018
2,YC18:1285,357,NC328,1,2018
2,YC18:1286,360,NY 166 (Neveh Yaar),1,2018
2,YC18:1287,381,Tr,1,2018
2,YC18:1288,461,W809G,1,2018
2,YC18:1289,317,H71,1,2018
2,YC18:1290,481,F118,1,2018
2,YC18:1291,501,Pa91,1,2018
2,YC18:1292,308,CG102,1,2018
2,YC18:1293,399,B108,1,2018
2,YC18:1294,407,B97,1,2018
2,YC18:1295,335,LH195,1,2018
2,YC18:1296,441,PHJ33,1,2018
2,YC18:1297,516,B73,1,2018
2,YC18:1298,368,PHN46,1,2018
2,YC18:1299,296,A797NW,1,2018
2,YC18:1300,447,PHW53,1,2018
2,YC18:1301,492,LH65,1,2018
2,YC18:1302,502,PHEG9,1,2018
2,YC18:1303,404,B65,1,2018
2,YC18:1304,437,NY6371,1,2018
2,YC18:1305,288,ZS365,1,2018
2,YC18:1306,439,Pa762,1,2018
2,YC18:1307,266,LP1 NR HT,1,2018
2,YC18:1308,350,N215,1,2018
2,YC18:1309,346,Mo46,1,2018
2,YC18:1310,486,IDS69,1,2018
2,YC18:1311,470,WIL901,1,2018
2,YC18:1312,460,W803G,1,2018
2,YC18:1313,512,PH207,1,2018
2,YC18:1314,459,W610S,1,2018
2,YC18:1315,298,B111,1,2018
2,YC18:1316,262,LH197,1,2018
2,YC18:1317,334,LH193,1,2018
2,YC18:1318,487,INBRED 109,1,2018
2,YC18:1319,456,Va59,1,2018
2,YC18:1320,301,B121,1,2018
2,YC18:1321,370,PHR31,1,2018
2,YC18:1322,497,NC250,1,2018
2,YC18:1323,480,DE811,1,2018
2,YC18:1324,273,PHM10,1,2018
2,YC18:1325,429,MS24A,1,2018
2,YC18:1326,434,NC294,1,2018
2,YC18:1327,436,NC342,1,2018
2,YC18:1328,337,LH213,1,2018
2,YC18:1329,408,B98,1,2018
2,YC18:1330,374,PHT47,1,2018
2,YC18:1331,290,W814G,1,2018
2,YC18:1332,482,H113,1,2018
2,YC18:1333,286,W821G,1,2018
2,YC18:1334,400,B110,1,2018
2,YC18:1335,449,R226,1,2018
2,YC18:1336,458,W32,1,2018
2,YC18:1337,312,CQ702RC,1,2018
2,YC18:1338,303,B164,1,2018
2,YC18:1339,383,W22,1,2018
2,YC18:1340,393,YING-55,1,2018
2,YC18:1341,411,E8501,1,2018
2,YC18:1342,424,LH194,1,2018
2,YC18:1343,433,N7A,1,2018
2,YC18:1344,278,S8326,1,2018
2,YC18:1345,330,LH1,1,2018
2,YC18:1346,373,PHT22,1,2018
2,YC18:1347,485,HUOBAI,1,2018
2,YC18:1348,483,H122w,1,2018
2,YC18:1349,379,PHZ51,1,2018
2,YC18:1350,505,PHV63,1,2018
2,YC18:1351,520,B73,1,2018
2,YC18:1352,354,N527,1,2018
2,YC18:1353,397,A,1,2018
2,YC18:1354,507,Va17,1,2018
2,YC18:1355,293,4N506,1,2018
2,YC18:1356,291,ND259,1,2018
2,YC18:1357,490,K55,1,2018
2,YC18:1358,279,Seagull Seventeen,1,2018
2,YC18:1359,305,B70,1,2018
2,YC18:1360,514,PH207,1,2018
2,YC18:1361,282,W37A,1,2018
2,YC18:1362,498,NC290A,1,2018
2,YC18:1363,468,Yu796 NS,1,2018
2,YC18:1364,390,Wf9,1,2018
2,YC18:1365,358,NK740,1,2018
2,YC18:1366,365,PHJ70,1,2018
2,YC18:1367,347,MS221,1,2018
2,YC18:1368,344,MBWZ,1,2018
2,YC18:1369,421,K41,1,2018
2,YC18:1370,398,AusTRCF 306238,1,2018
2,YC18:1371,263,LH199,1,2018
2,YC18:1372,508,WIL900,1,2018
2,YC18:1373,466,WXB6,1,2018
2,YC18:1374,359,NKS8326,1,2018
2,YC18:1375,295,A321,1,2018
2,YC18:1376,385,W24,1,2018
2,YC18:1377,410,DE3,1,2018
2,YC18:1378,413,FR19,1,2018
2,YC18:1379,431,N218,1,2018
2,YC18:1380,367,PHK93,1,2018
2,YC18:1381,268,NS701,1,2018
2,YC18:1382,292,2MCDB,1,2018
2,YC18:1383,372,PHT10,1,2018
2,YC18:1384,484,H96,1,2018
2,YC18:1385,382,Va26,1,2018
2,YC18:1386,496,N209,1,2018
2,YC18:1387,319,H95,1,2018
2,YC18:1388,428,Mo1W,1,2018
2,YC18:1389,495,N200,1,2018
2,YC18:1390,329,L 289,1,2018
2,YC18:1391,375,PHT55,1,2018
2,YC18:1392,395,6M502A,1,2018
2,YC18:1393,430,N217,1,2018
2,YC18:1394,316,H5,1,2018
2,YC18:1395,391,WIL903,1,2018
2,YC18:1396,356,N542,1,2018
2,YC18:1397,464,W819G,1,2018
2,YC18:1398,452,R71,1,2018
2,YC18:1399,264,LH204,1,2018
2,YC18:1400,475,B2,1,2018
2,YC18:1401,366,PHK56,1,2018
2,YC18:1402,517,B73,1,2018
2,YC18:1403,336,LH208,1,2018
2,YC18:1404,419,INBRED 141,1,2018
2,YC18:1405,310,CO257,1,2018
2,YC18:1406,405,B66,1,2018
2,YC18:1407,306,B75,1,2018
2,YC18:1408,270,PHG83,1,2018
2,YC18:1409,322,Il778d,1,2018
2,YC18:1410,351,N28Ht,1,2018
2,YC18:1411,394,6M502,1,2018
2,YC18:1412,518,B73,1,2018
2,YC18:1413,478,B77,1,2018
2,YC18:1414,457,VaW6,1,2018
2,YC18:1415,494,Mo5,1,2018
2,YC18:1416,420,INBRED 305,1,2018
2,YC18:1417,299,B119,1,2018
2,YC18:1418,297,B109,1,2018
2,YC18:1419,369,PHPR5,1,2018
2,YC18:1420,271,PHHH9,1,2018
2,YC18:1421,328,KUNG-70,1,2018
2,YC18:1422,503,PHG35,1,2018
2,YC18:1423,311,CO258,1,2018
2,YC18:1424,416,HP301,1,2018
2,YC18:1425,285,W811G,1,2018
2,YC18:1426,451,R229,1,2018
2,YC18:1427,425,LH205,1,2018
2,YC18:1428,343,MBST,1,2018
2,YC18:1429,392,WU-TAN-TZAO,1,2018
2,YC18:1430,504,PHN34,1,2018
2,YC18:1431,378,PHWG5,1,2018
2,YC18:1432,401,B14,1,2018
2,YC18:1433,435,NC326,1,2018
2,YC18:1434,476,B57,1,2018
2,YC18:1435,509,4F-35 BK,1,2018
2,YC18:1436,313,H105W,1,2018
2,YC18:1437,462,W815G,1,2018
2,YC18:1438,415,H84,1,2018
2,YC18:1439,463,W817G,1,2018
2,YC18:1440,414,H110,1,2018
2,YC18:1441,515,PH207,1,2018
2,YC18:1442,473,A619,1,2018
2,YC18:1443,309,CH701-30,1,2018
2,YC18:1444,417,IDS28,1,2018
2,YC18:1445,440,Pa880,1,2018
2,YC18:1446,327,K150,1,2018
2,YC18:1447,446,PHR62,1,2018
2,YC18:1448,510,R177,1,2018
2,YC18:1449,438,Os426,1,2018
2,YC18:1450,432,N28,1,2018
2,YC18:1451,315,H121,1,2018
2,YC18:1452,281,TZU-CHIAO-HSI-WU 105,1,2018
2,YC18:1453,333,LH190,1,2018
2,YC18:1454,307,B88,1,2018
2,YC18:1455,519,B73,1,2018
2,YC18:1456,396,87916W,1,2018
2,YC18:1457,300,B120,1,2018
2,YC18:1458,455,Va35,1,2018
2,YC18:1459,377,PHW79,1,2018
2,YC18:1460,513,PH207,1,2018
2,YC18:1461,506,PHV78,1,2018
2,YC18:1462,488,J47,1,2018
2,YC18:1463,341,LH59,1,2018
2,YC18:1464,304,B37,1,2018
2,YC18:1465,355,N534,1,2018
2,YC18:1466,471,33-16,1,2018
2,YC18:1467,361,OC19,1,2018
2,YC18:1468,493,M14,1,2018
2,YC18:1469,389,W813G,1,2018
2,YC18:1470,338,LH214,1,2018
2,YC18:1471,467,YE 4,1,2018
2,YC18:1472,465,W820G,1,2018
2,YC18:1473,448,PHW65,1,2018
2,YC18:1474,332,LH181,1,2018
2,YC18:1475,364,PHBB3,1,2018
2,YC18:1476,276,PHW52,1,2018
2,YC18:1477,500,NC412,1,2018
2,YC18:1478,267,ND259,1,2018
2,YC18:1479,474,B104,1,2018
2,YC18:1480,443,PHP85,1,2018
2,YC18:1481,289,DK78371A,1,2018
2,YC18:1482,325,INBRED 321,1,2018
2,YC18:1483,406,B84,1,2018
2,YC18:1484,388,W812G,1,2018
2,YC18:1485,277,R168,1,2018
2,YC18:1486,275,PHR47,1,2018
2,YC18:1487,363,Pa778,1,2018
2,YC18:1488,472,4F-234 BX 4,1,2018
2,YC18:1489,294,78551S,1,2018
2,YC18:1490,511,PH207,1,2018
2,YC18:1491,269,Pa875,1,2018
2,YC18:1492,445,PHR58,1,2018
2,YC18:1493,479,B79,1,2018
2,YC18:1494,318,H91,1,2018
2,YC18:1495,302,B14A,1,2018
2,YC18:1496,324,INBRED 309,1,2018
2,YC18:1497,321,Hy,1,2018
2,YC18:1498,469,B105,1,2018
2,YC18:1499,274,PHN29,1,2018
2,YC18:1500,422,LH191,1,2018
2,YC18:1501,491,LH211,1,2018
2,YC18:1502,387,W810G,1,2018
2,YC18:1503,280,SG 30A,1,2018
2,YC18:1504,489,K47,1,2018
2,YC18:1505,426,LH216,1,2018
2,YC18:1506,265,LH227,1,2018
2,YC18:1507,348,MS67,1,2018
2,YC18:1508,353,N523,1,2018
2,YC18:1509,320,HUANYAO,1,2018
2,YC18:1510,272,PHK35,1,2018
2,YC18:1511,371,PHR55,1,2018
2,YC18:1512,314,H114,1,2018
2,YC18:1513,340,LH224,1,2018
2,YC18:1514,323,INB 101LFY/LFY (A632 X M16 S5),1,2018
2,YC18:1515,283,W607S,1,2018
2,YC18:1516,384,W23,1,2018
2,YC18:1517,261,LH185,1,2018
2,YC18:1518,380,R78,1,2018
2,YC18:1519,427,MBPM,1,2018
2,YC18:1520,418,IDS91,1,2018
1,YC18:2001,186,PHW17,2,2018
1,YC18:2002,224,ICI 893,2,2018
1,YC18:2003,33,PHW20,2,2018
1,YC18:2004,195,W8304,2,2018
1,YC18:2005,25,Oh43,2,2018
1,YC18:2006,222,H42,2,2018
1,YC18:2007,141,WR3,2,2018
1,YC18:2008,89,PHR30,2,2018
1,YC18:2009,228,LH93,2,2018
1,YC18:2010,103,A73,2,2018
1,YC18:2011,34,PHW86,2,2018
1,YC18:2012,227,LH74,2,2018
1,YC18:2013,213,AS6103,2,2018
1,YC18:2014,176,NY 159 (Neveh Yaar),2,2018
1,YC18:2015,28,PHK74,2,2018
1,YC18:2016,58,NK778,2,2018
1,YC18:2017,3,A572,2,2018
1,YC18:2018,21,IA2132,2,2018
1,YC18:2019,152,B103,2,2018
1,YC18:2020,22,L 135,2,2018
1,YC18:2021,35,W117Ht,2,2018
1,YC18:2022,93,W613S,2,2018
1,YC18:2023,76,LIBC 4,2,2018
1,YC18:2024,196,DJ7,2,2018
1,YC18:2025,177,Ny821,2,2018
1,YC18:2026,233,MS226,2,2018
1,YC18:2027,201,2FADB,2,2018
1,YC18:2028,10,W701BC,2,2018
1,YC18:2029,129,MS224,2,2018
1,YC18:2030,168,LH198,2,2018
1,YC18:2031,246,R181B,2,2018
1,YC18:2032,156,BO9,2,2018
1,YC18:2033,8,PHVJ4,2,2018
1,YC18:2034,95,764,2,2018
1,YC18:2035,184,PHN82,2,2018
1,YC18:2036,217,B115,2,2018
1,YC18:2037,216,B114,2,2018
1,YC18:2038,107,CR14,2,2018
1,YC18:2039,72,L 139,2,2018
1,YC18:2040,11,W9,2,2018
1,YC18:2041,199,4226,2,2018
1,YC18:2042,83,PHJ89,2,2018
1,YC18:2043,173,N193,2,2018
1,YC18:2044,116,LH145,2,2018
1,YC18:2045,254,PH207,2,2018
1,YC18:2046,112,G80,2,2018
1,YC18:2047,234,N201,2,2018
1,YC18:2048,32,PHVA9,2,2018
1,YC18:2049,17,CA-4,2,2018
1,YC18:2050,205,A272,2,2018
1,YC18:2051,80,OS602,2,2018
1,YC18:2052,212,A663,2,2018
1,YC18:2053,147,A258,2,2018
1,YC18:2054,128,MS200,2,2018
1,YC18:2055,190,SD44,2,2018
1,YC18:2056,239,Pa392,2,2018
1,YC18:2057,14,A305,2,2018
1,YC18:2058,230,Mo47,2,2018
1,YC18:2059,79,N197,2,2018
1,YC18:2060,142,CH9,2,2018
1,YC18:2061,118,LH206,2,2018
1,YC18:2062,86,PHP02,2,2018
1,YC18:2063,96,1538,2,2018
1,YC18:2064,75,LH61,2,2018
1,YC18:2065,171,MS1334,2,2018
1,YC18:2066,194,W612S,2,2018
1,YC18:2067,155,BEI 10 = NORTH 10,2,2018
1,YC18:2068,202,2MA22,2,2018
1,YC18:2069,27,PHGW7,2,2018
1,YC18:2070,240,PHB09,2,2018
1,YC18:2071,125,ML606,2,2018
1,YC18:2072,15,A674,2,2018
1,YC18:2073,73,LH202,2,2018
1,YC18:2074,117,LH184,2,2018
1,YC18:2075,56,MS72,2,2018
1,YC18:2076,170,LH57,2,2018
1,YC18:2077,87,PHP55,2,2018
1,YC18:2078,77,LP5,2,2018
1,YC18:2079,220,DK78010,2,2018
1,YC18:2080,98,A374,2,2018
1,YC18:2081,13,91IFC2,2,2018
1,YC18:2082,71,ICI581,2,2018
1,YC18:2083,101,A672,2,2018
1,YC18:2084,200,78010,2,2018
1,YC18:2085,215,B107,2,2018
1,YC18:2086,88,PHP76,2,2018
1,YC18:2087,99,A427,2,2018
1,YC18:2088,188,PHW80,2,2018
1,YC18:2089,63,W64A,2,2018
1,YC18:2090,167,LH165,2,2018
1,YC18:2091,258,B73,2,2018
1,YC18:2092,136,PHG50,2,2018
1,YC18:2093,149,A680,2,2018
1,YC18:2094,140,W603S,2,2018
1,YC18:2095,257,B73,2,2018
1,YC18:2096,219,DE4,2,2018
1,YC18:2097,29,PHN11,2,2018
1,YC18:2098,236,NC310,2,2018
1,YC18:2099,151,B-18 INBR.FR.SUPERGOLD,2,2018
1,YC18:2100,82,PHH93,2,2018
1,YC18:2101,6,ND265,2,2018
1,YC18:2102,162,Eng-Li Chih,2,2018
1,YC18:2103,20,Ia 453,2,2018
1,YC18:2104,31,PHV37,2,2018
1,YC18:2105,52,LH166,2,2018
1,YC18:2106,81,PHG72,2,2018
1,YC18:2107,7,OQ403,2,2018
1,YC18:2108,26,PHG47,2,2018
1,YC18:2109,113,H99,2,2018
1,YC18:2110,64,790,2,2018
1,YC18:2111,154,B91,2,2018
1,YC18:2112,172,MS71,2,2018
1,YC18:2113,36,W182E,2,2018
1,YC18:2114,19,FC46,2,2018
1,YC18:2115,55,Lp215D,2,2018
1,YC18:2116,50,L 127,2,2018
1,YC18:2117,74,LH295,2,2018
1,YC18:2118,187,PHW30,2,2018
1,YC18:2119,42,A548,2,2018
1,YC18:2120,91,PHV57,2,2018
1,YC18:2121,61,W153R,2,2018
1,YC18:2122,110,DKFBHJ,2,2018
1,YC18:2123,109,DK78002A,2,2018
1,YC18:2124,221,DKIB014,2,2018
1,YC18:2125,126,MQ305,2,2018
1,YC18:2126,193,W605S,2,2018
1,YC18:2127,255,PH207,2,2018
1,YC18:2128,97,3IJI1,2,2018
1,YC18:2129,247,SD107,2,2018
1,YC18:2130,161,DKPB80,2,2018
1,YC18:2131,2,A385,2,2018
1,YC18:2132,223,ICI 740,2,2018
1,YC18:2133,235,N6,2,2018
1,YC18:2134,106,CH157,2,2018
1,YC18:2135,166,LH143 (Maintainer),2,2018
1,YC18:2136,68,FBLA,2,2018
1,YC18:2137,250,Va99,2,2018
1,YC18:2138,253,PH207,2,2018
1,YC18:2139,242,PHG86,2,2018
1,YC18:2140,43,A556,2,2018
1,YC18:2141,67,EAST 028,2,2018
1,YC18:2142,135,PHG29,2,2018
1,YC18:2143,248,SD40,2,2018
1,YC18:2144,120,LH223,2,2018
1,YC18:2145,111,DKMBNA,2,2018
1,YC18:2146,23,LH146Ht,2,2018
1,YC18:2147,114,I29,2,2018
1,YC18:2148,226,LH127,2,2018
1,YC18:2149,174,NC262,2,2018
1,YC18:2150,244,PHR36,2,2018
1,YC18:2151,59,NK807,2,2018
1,YC18:2152,92,PHW03,2,2018
1,YC18:2153,66,CR 22 INBRED,2,2018
1,YC18:2154,252,PH207,2,2018
1,YC18:2155,137,PHK42,2,2018
1,YC18:2156,130,N192,2,2018
1,YC18:2157,54,LH222,2,2018
1,YC18:2158,181,PHHV4,2,2018
1,YC18:2159,175,NQ508,2,2018
1,YC18:2160,185,PHR63,2,2018
1,YC18:2161,132,Oh40B,2,2018
1,YC18:2162,139,SD102,2,2018
1,YC18:2163,211,A659,2,2018
1,YC18:2164,134,PHBW8,2,2018
1,YC18:2165,178,Pa405,2,2018
1,YC18:2166,90,PHT69,2,2018
1,YC18:2167,38,912,2,2018
1,YC18:2168,214,B-28,2,2018
1,YC18:2169,24,NORTH 7,2,2018
1,YC18:2170,182,PHJ90,2,2018
1,YC18:2171,146,4F-306 108,2,2018
1,YC18:2172,12,911,2,2018
1,YC18:2173,229,Mo17,2,2018
1,YC18:2174,157,C123,2,2018
1,YC18:2175,16,AQA3,2,2018
1,YC18:2176,4,A641,2,2018
1,YC18:2177,108,DK4676A,2,2018
1,YC18:2178,62,W552,2,2018
1,YC18:2179,251,PH207,2,2018
1,YC18:2180,232,MS211,2,2018
1,YC18:2181,245,R113,2,2018
1,YC18:2182,249,Va52,2,2018
1,YC18:2183,41,A340,2,2018
1,YC18:2184,123,LH82,2,2018
1,YC18:2185,53,LH172,2,2018
1,YC18:2186,183,PHN66,2,2018
1,YC18:2187,40,A334,2,2018
1,YC18:2188,163,ICI 441,2,2018
1,YC18:2189,238,Os420,2,2018
1,YC18:2190,49,IBB15,2,2018
1,YC18:2191,145,2FACC,2,2018
1,YC18:2192,9,T242,2,2018
1,YC18:2193,237,OH33,2,2018
1,YC18:2194,30,PHTM9,2,2018
1,YC18:2195,57,ND247,2,2018
1,YC18:2196,46,CH753-4,2,2018
1,YC18:2197,241,PHG80,2,2018
1,YC18:2198,1,A322,2,2018
1,YC18:2199,5,MS116,2,2018
1,YC18:2200,37,793,2,2018
1,YC18:2201,204,A239,2,2018
1,YC18:2202,119,CR1HT,2,2018
1,YC18:2203,51,LH149,2,2018
1,YC18:2204,192,W604S,2,2018
1,YC18:2205,197,792,2,2018
1,YC18:2206,209,A635,2,2018
1,YC18:2207,148,A634,2,2018
1,YC18:2208,47,CS405,2,2018
1,YC18:2209,70,ICI 193,2,2018
1,YC18:2210,180,PHBA6,2,2018
1,YC18:2211,124,MEF156-55-2,2,2018
1,YC18:2212,39,29MIBZ2,2,2018
1,YC18:2213,231,MS132,2,2018
1,YC18:2214,84,PHJR5,2,2018
1,YC18:2215,60,PHG71,2,2018
1,YC18:2216,48,IBB14,2,2018
1,YC18:2217,169,LH209,2,2018
1,YC18:2218,243,PHK76,2,2018
1,YC18:2219,158,CI 40H,2,2018
1,YC18:2220,218,C103,2,2018
1,YC18:2221,153,B76,2,2018
1,YC18:2222,138,Q381,2,2018
1,YC18:2223,150,A71,2,2018
1,YC18:2224,94,ZS635,2,2018
1,YC18:2225,225,ICI 986,2,2018
1,YC18:2226,102,A682,2,2018
1,YC18:2227,133,OQ603,2,2018
1,YC18:2228,85,PHKE6,2,2018
1,YC18:2229,105,B87,2,2018
1,YC18:2230,65,A208,2,2018
1,YC18:2231,203,6F629,2,2018
1,YC18:2232,191,W602S,2,2018
1,YC18:2233,69,IBC2,2,2018
1,YC18:2234,131,NS501,2,2018
1,YC18:2235,121,LH38,2,2018
1,YC18:2236,259,B73,2,2018
1,YC18:2237,189,SD101,2,2018
1,YC18:2238,260,B73,2,2018
1,YC18:2239,127,MS153,2,2018
1,YC18:2240,159,DK3IIH6,2,2018
1,YC18:2241,164,INBRED 2-687,2,2018
1,YC18:2242,207,A627,2,2018
1,YC18:2243,206,A401,2,2018
1,YC18:2244,179,PHB47,2,2018
1,YC18:2245,210,A648,2,2018
1,YC18:2246,256,B73,2,2018
1,YC18:2247,208,A632,2,2018
1,YC18:2248,144,W614S,2,2018
1,YC18:2249,198,2369,2,2018
1,YC18:2250,44,A679,2,2018
1,YC18:2251,FILL,LH132 - FILL B73,2,2018
1,YC18:2252,115,L 155,2,2018
1,YC18:2253,160,DKFAPW,2,2018
1,YC18:2254,100,A649,2,2018
1,YC18:2255,18,CM105,2,2018
1,YC18:2256,143,LH119,2,2018
1,YC18:2257,104,B85,2,2018
1,YC18:2258,122,LH54,2,2018
1,YC18:2259,45,CH711-10,2,2018
1,YC18:2260,78,MS225,2,2018
2,YC18:2261,302,B14A,2,2018
2,YC18:2262,453,Va102,2,2018
2,YC18:2263,417,IDS28,2,2018
2,YC18:2264,435,NC326,2,2018
2,YC18:2265,332,LH181,2,2018
2,YC18:2266,463,W817G,2,2018
2,YC18:2267,437,NY6371,2,2018
2,YC18:2268,365,PHJ70,2,2018
2,YC18:2269,314,H114,2,2018
2,YC18:2270,372,PHT10,2,2018
2,YC18:2271,344,MBWZ,2,2018
2,YC18:2272,428,Mo1W,2,2018
2,YC18:2273,404,B65,2,2018
2,YC18:2274,455,Va35,2,2018
2,YC18:2275,326,J8606,2,2018
2,YC18:2276,476,B57,2,2018
2,YC18:2277,499,NC368,2,2018
2,YC18:2278,346,Mo46,2,2018
2,YC18:2279,308,CG102,2,2018
2,YC18:2280,318,H91,2,2018
2,YC18:2281,352,N501,2,2018
2,YC18:2282,398,AusTRCF 306238,2,2018
2,YC18:2283,494,Mo5,2,2018
2,YC18:2284,410,DE3,2,2018
2,YC18:2285,466,WXB6,2,2018
2,YC18:2286,265,LH227,2,2018
2,YC18:2287,286,W821G,2,2018
2,YC18:2288,267,ND259,2,2018
2,YC18:2289,290,W814G,2,2018
2,YC18:2290,458,W32,2,2018
2,YC18:2291,481,F118,2,2018
2,YC18:2292,461,W809G,2,2018
2,YC18:2293,295,A321,2,2018
2,YC18:2294,291,ND259,2,2018
2,YC18:2295,413,FR19,2,2018
2,YC18:2296,421,K41,2,2018
2,YC18:2297,451,R229,2,2018
2,YC18:2298,459,W610S,2,2018
2,YC18:2299,390,Wf9,2,2018
2,YC18:2300,427,MBPM,2,2018
2,YC18:2301,336,LH208,2,2018
2,YC18:2302,446,PHR62,2,2018
2,YC18:2303,400,B110,2,2018
2,YC18:2304,454,Va22,2,2018
2,YC18:2305,341,LH59,2,2018
2,YC18:2306,424,LH194,2,2018
2,YC18:2307,283,W607S,2,2018
2,YC18:2308,436,NC342,2,2018
2,YC18:2309,409,DE2,2,2018
2,YC18:2310,484,H96,2,2018
2,YC18:2311,343,MBST,2,2018
2,YC18:2312,477,B68,2,2018
2,YC18:2313,315,H121,2,2018
2,YC18:2314,354,N527,2,2018
2,YC18:2315,412,F2834T,2,2018
2,YC18:2316,392,WU-TAN-TZAO,2,2018
2,YC18:2317,519,B73,2,2018
2,YC18:2318,351,N28Ht,2,2018
2,YC18:2319,460,W803G,2,2018
2,YC18:2320,430,N217,2,2018
2,YC18:2321,469,B105,2,2018
2,YC18:2322,475,B2,2,2018
2,YC18:2323,514,PH207,2,2018
2,YC18:2324,408,B98,2,2018
2,YC18:2325,487,INBRED 109,2,2018
2,YC18:2326,422,LH191,2,2018
2,YC18:2327,518,B73,2,2018
2,YC18:2328,293,4N506,2,2018
2,YC18:2329,471,33-16,2,2018
2,YC18:2330,370,PHR31,2,2018
2,YC18:2331,440,Pa880,2,2018
2,YC18:2332,516,B73,2,2018
2,YC18:2333,416,HP301,2,2018
2,YC18:2334,382,Va26,2,2018
2,YC18:2335,465,W820G,2,2018
2,YC18:2336,387,W810G,2,2018
2,YC18:2337,509,4F-35 BK,2,2018
2,YC18:2338,381,Tr,2,2018
2,YC18:2339,433,N7A,2,2018
2,YC18:2340,342,LH60,2,2018
2,YC18:2341,282,W37A,2,2018
2,YC18:2342,486,IDS69,2,2018
2,YC18:2343,470,WIL901,2,2018
2,YC18:2344,301,B121,2,2018
2,YC18:2345,405,B66,2,2018
2,YC18:2346,480,DE811,2,2018
2,YC18:2347,329,L 289,2,2018
2,YC18:2348,511,PH207,2,2018
2,YC18:2349,276,PHW52,2,2018
2,YC18:2350,321,Hy,2,2018
2,YC18:2351,279,Seagull Seventeen,2,2018
2,YC18:2352,429,MS24A,2,2018
2,YC18:2353,473,A619,2,2018
2,YC18:2354,275,PHR47,2,2018
2,YC18:2355,520,B73,2,2018
2,YC18:2356,448,PHW65,2,2018
2,YC18:2357,508,WIL900,2,2018
2,YC18:2358,438,Os426,2,2018
2,YC18:2359,350,N215,2,2018
2,YC18:2360,331,LH128,2,2018
2,YC18:2361,361,OC19,2,2018
2,YC18:2362,501,Pa91,2,2018
2,YC18:2363,312,CQ702RC,2,2018
2,YC18:2364,369,PHPR5,2,2018
2,YC18:2365,261,LH185,2,2018
2,YC18:2366,325,INBRED 321,2,2018
2,YC18:2367,490,K55,2,2018
2,YC18:2368,285,W811G,2,2018
2,YC18:2369,313,H105W,2,2018
2,YC18:2370,449,R226,2,2018
2,YC18:2371,268,NS701,2,2018
2,YC18:2372,492,LH65,2,2018
2,YC18:2373,462,W815G,2,2018
2,YC18:2374,310,CO257,2,2018
2,YC18:2375,441,PHJ33,2,2018
2,YC18:2376,495,N200,2,2018
2,YC18:2377,498,NC290A,2,2018
2,YC18:2378,515,PH207,2,2018
2,YC18:2379,375,PHT55,2,2018
2,YC18:2380,292,2MCDB,2,2018
2,YC18:2381,491,LH211,2,2018
2,YC18:2382,403,B47,2,2018
2,YC18:2383,317,H71,2,2018
2,YC18:2384,420,INBRED 305,2,2018
2,YC18:2385,426,LH216,2,2018
2,YC18:2386,278,S8326,2,2018
2,YC18:2387,335,LH195,2,2018
2,YC18:2388,379,PHZ51,2,2018
2,YC18:2389,517,B73,2,2018
2,YC18:2390,289,DK78371A,2,2018
2,YC18:2391,333,LH190,2,2018
2,YC18:2392,468,Yu796 NS,2,2018
2,YC18:2393,483,H122w,2,2018
2,YC18:2394,319,H95,2,2018
2,YC18:2395,439,Pa762,2,2018
2,YC18:2396,322,Il778d,2,2018
2,YC18:2397,300,B120,2,2018
2,YC18:2398,353,N523,2,2018
2,YC18:2399,393,YING-55,2,2018
2,YC18:2400,479,B79,2,2018
2,YC18:2401,297,B109,2,2018
2,YC18:2402,299,B119,2,2018
2,YC18:2403,376,PHW43,2,2018
2,YC18:2404,323,INB 101LFY/LFY (A632 X M16 S5),2,2018
2,YC18:2405,488,J47,2,2018
2,YC18:2406,385,W24,2,2018
2,YC18:2407,399,B108,2,2018
2,YC18:2408,457,VaW6,2,2018
2,YC18:2409,367,PHK93,2,2018
2,YC18:2410,316,H5,2,2018
2,YC18:2411,380,R78,2,2018
2,YC18:2412,467,YE 4,2,2018
2,YC18:2413,447,PHW53,2,2018
2,YC18:2414,304,B37,2,2018
2,YC18:2415,496,N209,2,2018
2,YC18:2416,373,PHT22,2,2018
2,YC18:2417,502,PHEG9,2,2018
2,YC18:2418,478,B77,2,2018
2,YC18:2419,434,NC294,2,2018
2,YC18:2420,497,NC250,2,2018
2,YC18:2421,363,Pa778,2,2018
2,YC18:2422,347,MS221,2,2018
2,YC18:2423,359,NKS8326,2,2018
2,YC18:2424,512,PH207,2,2018
2,YC18:2425,327,K150,2,2018
2,YC18:2426,296,A797NW,2,2018
2,YC18:2427,307,B88,2,2018
2,YC18:2428,277,R168,2,2018
2,YC18:2429,358,NK740,2,2018
2,YC18:2430,349,N211,2,2018
2,YC18:2431,337,LH213,2,2018
2,YC18:2432,320,HUANYAO,2,2018
2,YC18:2433,388,W812G,2,2018
2,YC18:2434,506,PHV78,2,2018
2,YC18:2435,305,B70,2,2018
2,YC18:2436,360,NY 166 (Neveh Yaar),2,2018
2,YC18:2437,396,87916W,2,2018
2,YC18:2438,419,INBRED 141,2,2018
2,YC18:2439,287,YONG 28,2,2018
2,YC18:2440,266,LP1 NR HT,2,2018
2,YC18:2441,450,R227,2,2018
2,YC18:2442,362,Oh7,2,2018
2,YC18:2443,415,H84,2,2018
2,YC18:2444,442,PHK29,2,2018
2,YC18:2445,340,LH224,2,2018
2,YC18:2446,272,PHK35,2,2018
2,YC18:2447,504,PHN34,2,2018
2,YC18:2448,394,6M502,2,2018
2,YC18:2449,377,PHW79,2,2018
2,YC18:2450,384,W23,2,2018
2,YC18:2451,397,A,2,2018
2,YC18:2452,406,B84,2,2018
2,YC18:2453,264,LH204,2,2018
2,YC18:2454,411,E8501,2,2018
2,YC18:2455,464,W819G,2,2018
2,YC18:2456,309,CH701-30,2,2018
2,YC18:2457,482,H113,2,2018
2,YC18:2458,339,LH215,2,2018
2,YC18:2459,500,NC412,2,2018
2,YC18:2460,262,LH197,2,2018
2,YC18:2461,364,PHBB3,2,2018
2,YC18:2462,395,6M502A,2,2018
2,YC18:2463,431,N218,2,2018
2,YC18:2464,505,PHV63,2,2018
2,YC18:2465,507,Va17,2,2018
2,YC18:2466,503,PHG35,2,2018
2,YC18:2467,288,ZS365,2,2018
2,YC18:2468,270,PHG83,2,2018
2,YC18:2469,328,KUNG-70,2,2018
2,YC18:2470,368,PHN46,2,2018
2,YC18:2471,356,N542,2,2018
2,YC18:2472,294,78551S,2,2018
2,YC18:2473,452,R71,2,2018
2,YC18:2474,423,LH192,2,2018
2,YC18:2475,456,Va59,2,2018
2,YC18:2476,334,LH193,2,2018
2,YC18:2477,414,H110,2,2018
2,YC18:2478,401,B14,2,2018
2,YC18:2479,425,LH205,2,2018
2,YC18:2480,303,B164,2,2018
2,YC18:2481,445,PHR58,2,2018
2,YC18:2482,444,PHR03,2,2018
2,YC18:2483,485,HUOBAI,2,2018
2,YC18:2484,374,PHT47,2,2018
2,YC18:2485,510,R177,2,2018
2,YC18:2486,345,MM501D,2,2018
2,YC18:2487,474,B104,2,2018
2,YC18:2488,378,PHWG5,2,2018
2,YC18:2489,472,4F-234 BX 4,2,2018
2,YC18:2490,391,WIL903,2,2018
2,YC18:2491,306,B75,2,2018
2,YC18:2492,324,INBRED 309,2,2018
2,YC18:2493,330,LH1,2,2018
2,YC18:2494,273,PHM10,2,2018
2,YC18:2495,274,PHN29,2,2018
2,YC18:2496,443,PHP85,2,2018
2,YC18:2497,371,PHR55,2,2018
2,YC18:2498,311,CO258,2,2018
2,YC18:2499,418,IDS91,2,2018
2,YC18:2500,338,LH214,2,2018
2,YC18:2501,284,W611S,2,2018
2,YC18:2502,281,TZU-CHIAO-HSI-WU 105,2,2018
2,YC18:2503,280,SG 30A,2,2018
2,YC18:2504,402,B46,2,2018
2,YC18:2505,386,W606S,2,2018
2,YC18:2506,355,N534,2,2018
2,YC18:2507,407,B97,2,2018
2,YC18:2508,366,PHK56,2,2018
2,YC18:2509,513,PH207,2,2018
2,YC18:2510,432,N28,2,2018
2,YC18:2511,489,K47,2,2018
2,YC18:2512,348,MS67,2,2018
2,YC18:2513,269,Pa875,2,2018
2,YC18:2514,298,B111,2,2018
2,YC18:2515,383,W22,2,2018
2,YC18:2516,271,PHHH9,2,2018
2,YC18:2517,493,M14,2,2018
2,YC18:2518,389,W813G,2,2018
2,YC18:2519,357,NC328,2,2018
2,YC18:2520,263,LH199,2,2018